id,source_parent_id,fold,split
1,1,12,train
2,2,11,train
3,3,1,train
4,4,0,train
5,5,16,validation
6,6,4,train
7,7,13,train
8,8,16,validation
9,9,15,validation
10,10,5,train
11,11,14,validation
12,12,5,train
13,13,6,train
14,14,3,train
15,15,4,train
16,16,0,train
17,17,17,test
18,18,16,validation
19,19,9,train
20,20,2,train
21,21,17,test
22,22,15,validation
23,23,13,train
24,24,15,validation
25,25,19,test
26,26,10,train
27,27,8,train
28,28,14,validation
29,29,6,train
30,30,16,validation
31,31,16,validation
32,32,10,train
33,33,0,train
34,34,5,train
35,35,13,train
36,36,4,train
37,37,13,train
38,38,14,validation
39,39,0,train
40,40,1,train
41,41,10,train
42,42,7,train
43,43,8,train
44,44,7,train
45,45,12,train
46,46,3,train
47,47,17,test
48,48,12,train
49,49,17,test
50,50,10,train
51,51,0,train
52,52,3,train
53,53,8,train
54,54,17,test
55,55,2,train
56,56,3,train
57,57,17,test
58,58,1,train
59,59,17,test
60,60,11,train
61,61,4,train
62,62,13,train
63,63,18,test
64,64,8,train
65,65,12,train
66,66,9,train
67,67,3,train
68,68,4,train
69,69,19,test
70,70,15,validation
71,71,8,train
72,72,3,train
73,73,7,train
74,74,7,train
75,75,19,test
76,76,10,train
77,77,8,train
78,78,15,validation
79,79,16,validation
80,80,18,test
81,81,7,train
82,82,17,test
83,83,2,train
84,84,4,train
85,85,11,train
86,86,2,train
87,87,19,test
88,88,12,train
89,89,6,train
90,90,15,validation
91,91,11,train
92,92,7,train
93,93,0,train
94,94,6,train
95,95,14,validation
96,96,1,train
97,97,17,test
98,98,18,test
99,99,15,validation
100,100,13,train
101,101,9,train
102,102,12,train
103,103,17,test
104,104,4,train
105,105,16,validation
106,106,15,validation
107,107,6,train
108,108,7,train
109,109,6,train
110,110,13,train
111,111,18,test
112,112,15,validation
113,113,16,validation
114,114,13,train
115,115,3,train
116,116,17,test
117,117,15,validation
118,118,2,train
119,119,6,train
120,120,11,train
121,121,2,train
122,122,14,validation
123,123,7,train
124,124,5,train
125,125,14,validation
126,126,1,train
127,127,12,train
128,128,15,validation
129,129,5,train
130,130,19,test
131,131,4,train
132,132,11,train
133,133,8,train
134,134,12,train
135,135,7,train
136,136,10,train
137,137,15,validation
138,138,17,test
139,139,8,train
140,140,19,test
141,141,13,train
142,142,11,train
143,143,18,test
144,144,12,train
145,145,3,train
146,146,15,validation
147,147,19,test
148,148,15,validation
149,149,12,train
150,150,8,train
151,151,19,test
152,152,7,train
153,153,1,train
154,154,9,train
155,155,0,train
156,156,19,test
157,157,8,train
158,158,4,train
159,159,16,validation
160,160,2,train
161,161,17,test
162,162,3,train
163,163,10,train
164,164,6,train
165,165,11,train
166,166,12,train
167,167,10,train
168,168,0,train
169,169,18,test
170,170,12,train
171,171,10,train
172,172,0,train
173,173,5,train
174,174,18,test
175,175,2,train
176,176,19,test
177,177,3,train
178,178,0,train
179,179,5,train
180,180,15,validation
181,181,17,test
182,182,1,train
183,183,6,train
184,184,13,train
185,185,4,train
186,186,11,train
187,187,14,validation
188,188,10,train
189,189,18,test
190,190,3,train
191,191,3,train
192,192,16,validation
193,193,17,test
194,194,17,test
195,195,19,test
196,196,18,test
197,197,9,train
198,198,3,train
199,199,4,train
200,200,7,train
201,201,6,train
202,202,9,train
203,203,0,train
204,204,5,train
205,205,4,train
206,206,0,train
207,207,15,validation
208,208,8,train
209,209,5,train
210,210,3,train
211,211,4,train
212,212,14,validation
213,213,18,test
214,214,3,train
215,215,4,train
216,216,12,train
217,217,1,train
218,218,3,train
219,219,5,train
220,220,2,train
221,221,8,train
222,222,11,train
223,223,2,train
224,224,13,train
225,225,15,validation
226,226,18,test
227,227,18,test
228,228,16,validation
229,229,17,test
230,230,2,train
231,231,11,train
232,232,10,train
233,233,17,test
234,234,3,train
235,235,15,validation
236,236,5,train
237,237,15,validation
238,238,11,train
239,239,7,train
240,240,6,train
241,241,14,validation
242,242,8,train
243,243,4,train
244,244,12,train
245,245,11,train
246,246,13,train
247,247,4,train
248,248,3,train
249,249,2,train
250,250,19,test
251,251,17,test
252,252,14,validation
253,253,3,train
254,254,14,validation
255,255,4,train
256,256,9,train
257,257,2,train
258,258,9,train
259,259,4,train
260,260,8,train
261,261,2,train
262,262,17,test
263,263,6,train
264,264,12,train
265,265,18,test
266,266,6,train
267,267,2,train
268,268,8,train
269,269,4,train
270,270,13,train
271,271,14,validation
272,272,4,train
273,273,8,train
274,274,5,train
275,275,6,train
276,276,10,train
277,277,11,train
278,278,3,train
279,279,5,train
280,280,10,train
281,281,19,test
282,282,0,train
283,283,5,train
284,284,1,train
285,285,10,train
286,286,18,test
287,287,17,test
288,288,7,train
289,289,4,train
290,290,17,test
291,291,1,train
292,292,8,train
293,293,2,train
294,294,12,train
295,295,15,validation
296,296,5,train
297,297,9,train
298,298,6,train
299,299,6,train
300,300,2,train
301,301,11,train
302,302,17,test
303,303,0,train
304,304,18,test
305,305,19,test
306,306,19,test
307,307,9,train
308,308,14,validation
309,309,14,validation
310,310,3,train
311,311,8,train
312,312,7,train
313,313,7,train
314,314,10,train
315,315,19,test
316,316,8,train
317,317,13,train
318,318,6,train
319,319,15,validation
320,320,3,train
321,321,3,train
322,322,15,validation
323,323,7,train
324,324,5,train
325,325,8,train
326,326,19,test
327,327,19,test
328,328,13,train
329,329,14,validation
330,330,10,train
331,331,0,train
332,332,14,validation
333,333,11,train
334,334,12,train
335,335,7,train
336,336,19,test
337,337,16,validation
338,338,9,train
339,339,5,train
340,340,18,test
341,341,12,train
342,342,19,test
343,343,15,validation
344,344,5,train
345,345,12,train
346,346,5,train
347,347,8,train
348,348,4,train
349,349,8,train
350,350,10,train
351,351,19,test
352,352,11,train
353,353,9,train
354,354,9,train
355,355,7,train
356,356,4,train
357,357,9,train
358,358,9,train
359,359,10,train
360,360,5,train
361,361,1,train
362,362,0,train
363,363,9,train
364,364,4,train
365,365,15,validation
366,366,8,train
367,367,13,train
368,368,6,train
369,369,18,test
370,370,3,train
371,371,8,train
372,372,18,test
373,373,6,train
374,374,15,validation
375,375,14,validation
376,376,0,train
377,377,17,test
378,378,4,train
379,379,7,train
380,380,19,test
381,381,17,test
382,382,12,train
383,383,10,train
384,384,3,train
385,385,19,test
386,386,5,train
387,387,1,train
388,388,18,test
389,389,3,train
390,390,4,train
391,391,16,validation
392,392,10,train
393,393,6,train
394,394,5,train
395,395,0,train
396,396,3,train
397,397,12,train
398,398,10,train
399,399,4,train
400,400,5,train
401,401,5,train
402,402,0,train
403,403,15,validation
404,404,1,train
405,405,11,train
406,406,7,train
407,407,10,train
408,408,15,validation
409,409,12,train
410,410,0,train
411,411,7,train
412,412,3,train
413,413,12,train
414,414,17,test
415,415,11,train
416,416,9,train
417,417,6,train
418,418,7,train
419,419,9,train
420,420,13,train
421,421,1,train
422,422,6,train
423,423,12,train
424,424,10,train
425,425,17,test
426,426,18,test
427,427,4,train
428,428,5,train
429,429,8,train
430,430,3,train
431,431,10,train
432,432,18,test
433,433,6,train
434,434,3,train
435,435,15,validation
436,436,10,train
437,437,3,train
438,438,13,train
439,439,3,train
440,440,13,train
441,441,11,train
442,442,19,test
443,443,3,train
444,444,5,train
445,445,18,test
446,446,1,train
447,447,15,validation
448,448,4,train
449,449,4,train
450,450,5,train
451,451,15,validation
452,452,5,train
453,453,17,test
454,454,5,train
455,455,16,validation
456,456,9,train
457,457,16,validation
458,458,16,validation
459,459,12,train
460,460,6,train
461,461,2,train
462,462,9,train
463,463,1,train
464,464,14,validation
465,465,5,train
466,466,8,train
467,467,13,train
468,468,2,train
469,469,6,train
470,470,15,validation
471,471,9,train
472,472,6,train
473,473,7,train
474,474,3,train
475,475,3,train
476,476,3,train
477,477,6,train
478,478,16,validation
479,479,1,train
480,480,8,train
481,481,16,validation
482,482,0,train
483,483,16,validation
484,484,0,train
485,485,9,train
486,486,7,train
487,487,9,train
488,488,16,validation
489,489,1,train
490,490,14,validation
491,491,0,train
492,492,13,train
493,493,13,train
494,494,2,train
495,495,7,train
496,496,3,train
497,497,13,train
498,498,0,train
499,499,15,validation
500,500,5,train
501,501,15,validation
502,502,4,train
503,503,14,validation
504,504,11,train
505,505,13,train
506,506,5,train
507,507,13,train
508,508,7,train
509,509,11,train
510,510,5,train
511,511,4,train
512,512,7,train
513,513,15,validation
514,514,13,train
515,515,3,train
516,516,2,train
517,517,1,train
518,518,10,train
519,519,0,train
520,520,6,train
521,521,15,validation
522,522,18,test
523,523,16,validation
524,524,13,train
525,525,7,train
526,526,8,train
527,527,8,train
528,528,1,train
529,529,12,train
530,530,2,train
531,531,16,validation
532,532,11,train
533,533,2,train
534,534,19,test
535,535,7,train
536,536,11,train
537,537,7,train
538,538,12,train
539,539,14,validation
540,540,18,test
541,541,13,train
542,542,13,train
543,543,13,train
544,544,18,test
545,545,2,train
546,546,0,train
547,547,1,train
548,548,0,train
549,549,6,train
550,550,12,train
551,551,18,test
552,552,9,train
553,553,14,validation
554,554,3,train
555,555,3,train
556,556,13,train
557,557,8,train
558,558,1,train
559,559,3,train
560,560,7,train
561,561,17,test
562,562,9,train
563,563,11,train
564,564,13,train
565,565,13,train
566,566,16,validation
567,567,0,train
568,568,15,validation
569,569,10,train
570,570,9,train
571,571,0,train
572,572,18,test
573,573,11,train
574,574,2,train
575,575,12,train
576,576,0,train
577,577,3,train
578,578,3,train
579,579,18,test
580,580,4,train
581,581,4,train
582,582,15,validation
583,583,13,train
584,584,8,train
585,585,5,train
586,586,17,test
587,587,7,train
588,588,11,train
589,589,16,validation
590,590,15,validation
591,591,2,train
592,592,0,train
593,593,6,train
594,594,3,train
595,595,14,validation
596,596,1,train
597,597,16,validation
598,598,6,train
599,599,2,train
600,600,4,train
601,601,9,train
602,602,2,train
603,603,0,train
604,604,9,train
605,605,5,train
606,606,16,validation
607,607,9,train
608,608,12,train
609,609,11,train
610,610,17,test
611,611,10,train
612,612,2,train
613,613,7,train
614,614,5,train
615,615,10,train
616,616,9,train
617,617,4,train
618,618,4,train
619,619,16,validation
620,620,17,test
621,621,8,train
622,622,9,train
623,623,18,test
624,624,0,train
625,625,11,train
626,626,8,train
627,627,13,train
628,628,18,test
629,629,8,train
630,630,10,train
631,631,13,train
632,632,13,train
633,633,1,train
634,634,7,train
635,635,3,train
636,636,0,train
637,637,13,train
638,638,9,train
639,639,1,train
640,640,1,train
641,641,11,train
642,642,9,train
643,643,12,train
644,644,10,train
645,645,17,test
646,646,15,validation
647,647,1,train
648,648,15,validation
649,649,9,train
650,650,3,train
651,651,8,train
652,652,18,test
653,653,8,train
654,654,11,train
655,655,2,train
656,656,17,test
657,657,16,validation
658,658,7,train
659,659,5,train
660,660,17,test
661,661,18,test
662,662,8,train
663,663,19,test
664,664,3,train
665,665,13,train
666,666,9,train
667,667,17,test
668,668,18,test
669,669,8,train
670,670,16,validation
671,671,16,validation
672,672,9,train
673,673,5,train
674,674,6,train
675,675,16,validation
676,676,18,test
677,677,19,test
678,678,12,train
679,679,5,train
680,680,10,train
681,681,1,train
682,682,4,train
683,683,12,train
684,684,15,validation
685,685,18,test
686,686,0,train
687,687,2,train
688,688,7,train
689,689,8,train
690,690,5,train
691,691,16,validation
692,692,18,test
693,693,12,train
694,694,17,test
695,695,2,train
696,696,15,validation
697,697,0,train
698,698,19,test
699,699,10,train
700,700,8,train
701,701,13,train
702,702,16,validation
703,703,2,train
704,704,1,train
705,705,8,train
706,706,16,validation
707,707,4,train
708,708,12,train
709,709,15,validation
710,710,16,validation
711,711,1,train
712,712,17,test
713,713,3,train
714,714,3,train
715,715,12,train
716,716,1,train
717,717,15,validation
718,718,9,train
719,719,10,train
720,720,14,validation
721,721,14,validation
722,722,1,train
723,723,18,test
724,724,4,train
725,725,0,train
726,726,0,train
727,727,18,test
728,728,17,test
729,729,17,test
730,730,9,train
731,731,2,train
732,732,9,train
733,733,0,train
734,734,15,validation
735,735,1,train
736,736,19,test
737,737,16,validation
738,738,13,train
739,739,11,train
740,740,8,train
741,741,13,train
742,742,4,train
743,743,12,train
744,744,16,validation
745,745,11,train
746,746,5,train
747,747,15,validation
748,748,14,validation
749,749,2,train
750,750,11,train
751,751,18,test
752,752,2,train
753,753,12,train
754,754,6,train
755,755,4,train
756,756,2,train
757,757,2,train
758,758,8,train
759,759,6,train
760,760,14,validation
761,761,10,train
762,762,14,validation
763,763,18,test
764,764,12,train
765,765,17,test
766,766,12,train
767,767,2,train
768,768,7,train
769,769,9,train
770,770,11,train
771,771,8,train
772,772,14,validation
773,773,0,train
774,774,2,train
775,775,16,validation
776,776,0,train
777,777,4,train
778,778,11,train
779,779,13,train
780,780,18,test
781,781,16,validation
782,782,18,test
783,783,11,train
784,784,7,train
785,785,7,train
786,786,1,train
787,787,13,train
788,788,15,validation
789,789,4,train
790,790,10,train
791,791,15,validation
792,792,5,train
793,793,1,train
794,794,12,train
795,795,0,train
796,796,17,test
797,797,2,train
798,798,7,train
799,799,0,train
800,800,10,train
801,801,5,train
802,802,4,train
803,803,12,train
804,804,7,train
805,805,13,train
806,806,12,train
807,807,9,train
808,808,12,train
809,809,0,train
810,810,10,train
811,811,1,train
812,812,0,train
813,813,8,train
814,814,18,test
815,815,1,train
816,816,15,validation
817,817,8,train
818,818,15,validation
819,819,1,train
820,820,14,validation
821,821,1,train
822,822,18,test
823,823,7,train
824,824,6,train
825,825,7,train
826,826,7,train
827,827,16,validation
828,828,11,train
829,829,7,train
830,830,5,train
831,831,14,validation
832,832,0,train
833,833,0,train
834,834,14,validation
835,835,9,train
836,836,11,train
837,837,4,train
838,838,17,test
839,839,0,train
840,840,12,train
841,841,14,validation
842,842,2,train
843,843,14,validation
844,844,10,train
845,845,12,train
846,846,0,train
847,847,5,train
848,848,4,train
849,849,11,train
850,850,18,test
851,851,13,train
852,852,10,train
853,853,14,validation
854,854,7,train
855,855,4,train
856,856,16,validation
857,857,18,test
858,858,16,validation
859,859,13,train
860,860,17,test
861,861,14,validation
862,862,7,train
863,863,13,train
864,864,9,train
865,865,0,train
866,866,19,test
867,867,2,train
868,868,19,test
869,869,5,train
870,870,12,train
871,871,10,train
872,872,0,train
873,873,18,test
874,874,10,train
875,875,12,train
876,876,7,train
877,877,1,train
878,878,1,train
879,879,12,train
880,880,14,validation
881,881,3,train
882,882,10,train
883,883,0,train
884,884,2,train
885,885,11,train
886,886,1,train
887,887,2,train
888,888,11,train
889,889,19,test
890,890,11,train
891,891,2,train
892,892,13,train
893,893,10,train
894,894,0,train
895,895,15,validation
896,896,12,train
897,897,5,train
898,898,1,train
899,899,2,train
900,900,3,train
901,901,3,train
902,902,17,test
903,903,15,validation
904,904,13,train
905,905,18,test
906,906,11,train
907,907,14,validation
908,908,9,train
909,909,3,train
910,910,10,train
911,911,19,test
912,912,14,validation
913,913,10,train
914,914,14,validation
915,915,9,train
916,916,13,train
917,917,13,train
918,918,0,train
919,919,2,train
920,920,8,train
921,921,17,test
922,922,11,train
923,923,18,test
924,924,18,test
925,925,6,train
926,926,13,train
927,927,16,validation
928,928,17,test
929,929,11,train
930,930,6,train
931,931,1,train
932,932,14,validation
933,933,8,train
934,934,7,train
935,935,15,validation
936,936,6,train
937,937,13,train
938,938,2,train
939,939,15,validation
940,940,4,train
941,941,12,train
942,942,6,train
943,943,4,train
944,944,12,train
945,945,16,validation
946,946,15,validation
947,947,0,train
948,948,15,validation
949,949,10,train
950,950,19,test
951,951,15,validation
952,952,17,test
953,953,9,train
954,954,6,train
955,955,13,train
956,956,6,train
957,957,8,train
958,958,2,train
959,959,7,train
960,960,15,validation
961,961,18,test
962,962,15,validation
963,963,12,train
964,964,17,test
965,965,15,validation
966,966,15,validation
967,967,17,test
968,968,18,test
969,969,16,validation
970,970,1,train
971,971,4,train
972,972,18,test
973,973,18,test
974,974,2,train
975,975,10,train
976,976,13,train
977,977,3,train
978,978,11,train
979,979,14,validation
980,980,6,train
981,981,6,train
982,982,17,test
983,983,16,validation
984,984,2,train
985,985,1,train
986,986,18,test
987,987,14,validation
988,988,17,test
989,989,15,validation
990,990,2,train
991,991,7,train
992,992,10,train
993,993,2,train
994,994,10,train
995,995,1,train
996,996,5,train
997,997,16,validation
998,998,17,test
999,999,9,train
1000,1000,17,test
1001,1001,0,train
1002,1002,6,train
1003,1003,8,train
1004,1004,16,validation
1005,1005,12,train
1006,1006,12,train
1007,1007,17,test
1008,1008,6,train
1009,1009,6,train
1010,1010,9,train
1011,1011,17,test
1012,1012,18,test
1013,1013,6,train
1014,1014,8,train
1015,1015,11,train
1016,1016,2,train
1017,1017,11,train
1018,1018,1,train
1019,1019,5,train
1020,1020,12,train
1021,1021,19,test
1022,1022,13,train
1023,1023,9,train
1024,1024,4,train
1025,1025,12,train
1026,1026,2,train
1027,1027,1,train
1028,1028,15,validation
1029,1029,10,train
1030,1030,19,test
1031,1031,8,train
1032,1032,17,test
1033,1033,11,train
1034,1034,1,train
1035,1035,2,train
1036,1036,13,train
1037,1037,8,train
1038,1038,11,train
1039,1039,2,train
1040,1040,8,train
1041,1041,15,validation
1042,1042,16,validation
1043,1043,13,train
1044,1044,16,validation
1045,1045,16,validation
1046,1046,7,train
1047,1047,0,train
1048,1048,0,train
1049,1049,6,train
1050,1050,11,train
1051,1051,16,validation
1052,1052,18,test
1053,1053,9,train
1054,1054,10,train
1055,1055,8,train
1056,1056,10,train
1057,1057,15,validation
1058,1058,1,train
1059,1059,10,train
1060,1060,13,train
1061,1061,3,train
1062,1062,19,test
1063,1063,2,train
1064,1064,13,train
1065,1065,14,validation
1066,1066,5,train
1067,1067,4,train
1068,1068,0,train
1069,1069,15,validation
1070,1070,19,test
1071,1071,3,train
1072,1072,3,train
1073,1073,12,train
1074,1074,18,test
1075,1075,18,test
1076,1076,7,train
1077,1077,14,validation
1078,1078,15,validation
1079,1079,16,validation
1080,1080,9,train
1081,1081,4,train
1082,1082,1,train
1083,1083,1,train
1084,1084,7,train
1085,1085,16,validation
1086,1086,4,train
1087,1087,15,validation
1088,1088,1,train
1089,1089,11,train
1090,1090,2,train
1091,1091,15,validation
1092,1092,9,train
1093,1093,17,test
1094,1094,12,train
1095,1095,1,train
1096,1096,18,test
1097,1097,6,train
1098,1098,8,train
1099,1099,17,test
1100,1100,11,train
1101,1101,2,train
1102,1102,5,train
1103,1103,10,train
1104,1104,11,train
1105,1105,5,train
1106,1106,7,train
1107,1107,7,train
1108,1108,11,train
1109,1109,7,train
1110,1110,19,test
1111,1111,4,train
1112,1112,8,train
1113,1113,8,train
1114,1114,7,train
1115,1115,13,train
1116,1116,8,train
1117,1117,6,train
1118,1118,12,train
1119,1119,15,validation
1120,1120,6,train
1121,1121,1,train
1122,1122,13,train
1123,1123,0,train
1124,1124,6,train
1125,1125,3,train
1126,1126,19,test
1127,1127,11,train
1128,1128,2,train
1129,1129,13,train
1130,1130,19,test
1131,1131,9,train
1132,1132,19,test
1133,1133,11,train
1134,1134,2,train
1135,1135,10,train
1136,1136,3,train
1137,1137,8,train
1138,1138,5,train
1139,1139,19,test
1140,1140,0,train
1141,1141,10,train
1142,1142,3,train
1143,1143,6,train
1144,1144,3,train
1145,1145,13,train
1146,1146,8,train
1147,1147,19,test
1148,1148,6,train
1149,1149,19,test
1150,1150,12,train
1151,1151,11,train
1152,1152,9,train
1153,1153,16,validation
1154,1154,18,test
1155,1155,9,train
1156,1156,16,validation
1157,1157,5,train
1158,1158,3,train
1159,1159,16,validation
1160,1160,0,train
1161,1161,2,train
1162,1162,7,train
1163,1163,11,train
1164,1164,13,train
1165,1165,3,train
1166,1166,15,validation
1167,1167,5,train
1168,1168,7,train
1169,1169,2,train
1170,1170,16,validation
1171,1171,16,validation
1172,1172,10,train
1173,1173,18,test
1174,1174,7,train
1175,1175,16,validation
1176,1176,7,train
1177,1177,6,train
1178,1178,10,train
1179,1179,0,train
1180,1180,10,train
1181,1181,3,train
1182,1182,11,train
1183,1183,19,test
1184,1184,15,validation
1185,1185,13,train
1186,1186,4,train
1187,1187,12,train
1188,1188,12,train
1189,1189,10,train
1190,1190,14,validation
1191,1191,10,train
1192,1192,11,train
1193,1193,18,test
1194,1194,3,train
1195,1195,14,validation
1196,1196,0,train
1197,1197,4,train
1198,1198,2,train
1199,1199,16,validation
1200,1200,1,train
1201,1201,11,train
1202,1202,6,train
1203,1203,19,test
1204,1204,12,train
1205,1205,19,test
1206,1206,16,validation
1207,1207,4,train
1208,1208,8,train
1209,1209,3,train
1210,1210,7,train
1211,1211,4,train
1212,1212,0,train
1213,1213,4,train
1214,1214,15,validation
1215,1215,5,train
1216,1216,8,train
1217,1217,0,train
1218,1218,13,train
1219,1219,0,train
1220,1220,12,train
1221,1221,16,validation
1222,1222,6,train
1223,1223,0,train
1224,1224,13,train
1225,1225,7,train
1226,1226,1,train
1227,1227,15,validation
1228,1228,9,train
1229,1229,13,train
1230,1230,10,train
1231,1231,14,validation
1232,1232,14,validation
1233,1233,13,train
1234,1234,12,train
1235,1235,19,test
1236,1236,12,train
1237,1237,10,train
1238,1238,8,train
1239,1239,6,train
1240,1240,8,train
1241,1241,10,train
1242,1242,15,validation
1243,1243,16,validation
1244,1244,3,train
1245,1245,19,test
1246,1246,13,train
1247,1247,2,train
1248,1248,4,train
1249,1249,17,test
1250,1250,17,test
1251,1251,14,validation
1252,1252,3,train
1253,1253,11,train
1254,1254,15,validation
1255,1255,6,train
1256,1256,3,train
1257,1257,2,train
1258,1258,12,train
1259,1259,8,train
1260,1260,17,test
1261,1261,1,train
1262,1262,7,train
1263,1263,19,test
1264,1264,3,train
1265,1265,18,test
1266,1266,8,train
1267,1267,15,validation
1268,1268,2,train
1269,1269,8,train
1270,1270,17,test
1271,1271,13,train
1272,1272,12,train
1273,1273,8,train
1274,1274,0,train
1275,1275,3,train
1276,1276,2,train
1277,1277,2,train
1278,1278,19,test
1279,1279,15,validation
1280,1280,13,train
1281,1281,16,validation
1282,1282,3,train
1283,1283,16,validation
1284,1284,3,train
1285,1285,13,train
1286,1286,1,train
1287,1287,0,train
1288,1288,16,validation
1289,1289,14,validation
1290,1290,13,train
1291,1291,9,train
1292,1292,4,train
1293,1293,19,test
1294,1294,16,validation
1295,1295,8,train
1296,1296,8,train
1297,1297,1,train
1298,1298,19,test
1299,1299,8,train
1300,1300,7,train
1301,1301,6,train
1302,1302,5,train
1303,1303,16,validation
1304,1304,8,train
1305,1305,12,train
1306,1306,17,test
1307,1307,0,train
1308,1308,19,test
1309,1309,12,train
1310,1310,18,test
1311,1311,11,train
1312,1312,10,train
1313,1313,5,train
1314,1314,2,train
1315,1315,19,test
1316,1316,16,validation
1317,1317,4,train
1318,1318,11,train
1319,1319,0,train
1320,1320,1,train
1321,1321,9,train
1322,1322,9,train
1323,1323,4,train
1324,1324,14,validation
1325,1325,11,train
1326,1326,15,validation
1327,1327,17,test
1328,1328,18,test
1329,1329,9,train
1330,1330,5,train
1331,1331,13,train
1332,1332,17,test
1333,1333,9,train
1334,1334,0,train
1335,1335,14,validation
1336,1336,1,train
1337,1337,0,train
1338,1338,12,train
1339,1339,16,validation
1340,1340,14,validation
1341,1341,18,test
1342,1342,17,test
1343,1343,2,train
1344,1344,1,train
1345,1345,16,validation
1346,1346,14,validation
1347,1347,14,validation
1348,1348,14,validation
1349,1349,14,validation
1350,1350,16,validation
1351,1351,14,validation
1352,1352,8,train
1353,1353,2,train
1354,1354,10,train
1355,1355,17,test
1356,1356,8,train
1357,1357,9,train
1358,1358,18,test
1359,1359,4,train
1360,1360,10,train
1361,1361,18,test
1362,1362,14,validation
1363,1363,9,train
1364,1364,8,train
1365,1365,4,train
1366,1366,11,train
1367,1367,10,train
1368,1368,14,validation
1369,1369,0,train
1370,1370,6,train
1371,1371,14,validation
1372,1372,7,train
1373,1373,16,validation
1374,1374,13,train
1375,1375,15,validation
1376,1376,18,test
1377,1377,10,train
1378,1378,3,train
1379,1379,0,train
1380,1380,14,validation
1381,1381,12,train
1382,1382,17,test
1383,1383,5,train
1384,1384,17,test
1385,1385,3,train
1386,1386,5,train
1387,1387,4,train
1388,1388,8,train
1389,1389,16,validation
1390,1390,14,validation
1391,1391,1,train
1392,1392,17,test
1393,1393,1,train
1394,1394,9,train
1395,1395,2,train
1396,1396,5,train
1397,1397,16,validation
1398,1398,5,train
1399,1399,5,train
1400,1400,11,train
1401,1401,1,train
1402,1402,9,train
1403,1403,12,train
1404,1404,9,train
1405,1405,2,train
1406,1406,16,validation
1407,1407,15,validation
1408,1408,3,train
1409,1409,7,train
1410,1410,19,test
1411,1411,0,train
1412,1412,7,train
1413,1413,8,train
1414,1414,18,test
1415,1415,11,train
1416,1416,10,train
1417,1417,1,train
1418,1418,15,validation
1419,1419,14,validation
1420,1420,5,train
1421,1421,12,train
1422,1422,16,validation
1423,1423,19,test
1424,1424,7,train
1425,1425,8,train
1426,1426,1,train
1427,1427,12,train
1428,1428,11,train
1429,1429,12,train
1430,1430,19,test
1431,1431,16,validation
1432,1432,3,train
1433,1433,4,train
1434,1434,14,validation
1435,1435,1,train
1436,1436,19,test
1437,1437,1,train
1438,1438,1,train
1439,1439,7,train
1440,1440,10,train
1441,1441,15,validation
1442,1442,9,train
1443,1443,15,validation
1444,1444,16,validation
1445,1445,16,validation
1446,1446,6,train
1447,1447,13,train
1448,1448,2,train
1449,1449,13,train
1450,1450,8,train
1451,1451,3,train
1452,1452,0,train
1453,1453,7,train
1454,1454,0,train
1455,1455,4,train
1456,1456,8,train
1457,1457,9,train
1458,1458,7,train
1459,1459,19,test
1460,1460,19,test
1461,1461,19,test
1462,1462,16,validation
1463,1463,13,train
1464,1464,9,train
1465,1465,9,train
1466,1466,11,train
1467,1467,0,train
1468,1468,5,train
1469,1469,4,train
1470,1470,14,validation
1471,1471,6,train
1472,1472,19,test
1473,1473,17,test
1474,1474,4,train
1475,1475,3,train
1476,1476,2,train
1477,1477,1,train
1478,1478,7,train
1479,1479,19,test
1480,1480,11,train
1481,1481,7,train
1482,1482,5,train
1483,1483,6,train
1484,1484,2,train
1485,1485,7,train
1486,1486,5,train
1487,1487,17,test
1488,1488,12,train
1489,1489,13,train
1490,1490,17,test
1491,1491,2,train
1492,1492,8,train
1493,1493,1,train
1494,1494,14,validation
1495,1495,3,train
1496,1496,3,train
1497,1497,0,train
1498,1498,8,train
1499,1499,10,train
1500,1500,19,test
1501,1501,4,train
1502,1502,7,train
1503,1503,10,train
1504,1504,5,train
1505,1505,12,train
1506,1506,12,train
1507,1507,7,train
1508,1508,14,validation
1509,1509,11,train
1510,1510,15,validation
1511,1511,17,test
1512,1512,7,train
1513,1513,2,train
1514,1514,8,train
1515,1515,18,test
1516,1516,7,train
1517,1517,8,train
1518,1518,7,train
1519,1519,13,train
1520,1520,16,validation
1521,1521,19,test
1522,1522,11,train
1523,1523,12,train
1524,1524,13,train
1525,1525,19,test
1526,1526,13,train
1527,1527,13,train
1528,1528,12,train
1529,1529,4,train
1530,1530,1,train
1531,1531,4,train
1532,1532,17,test
1533,1533,18,test
1534,1534,13,train
1535,1535,4,train
1536,1536,6,train
1537,1537,8,train
1538,1538,19,test
1539,1539,19,test
1540,1540,9,train
1541,1541,14,validation
1542,1542,17,test
1543,1543,16,validation
1544,1544,1,train
1545,1545,19,test
1546,1546,12,train
1547,1547,1,train
1548,1548,13,train
1549,1549,1,train
1550,1550,18,test
1551,1551,2,train
1552,1552,15,validation
1553,1553,14,validation
1554,1554,9,train
1555,1555,15,validation
1556,1556,16,validation
1557,1557,10,train
1558,1558,12,train
1559,1559,15,validation
1560,1560,12,train
1561,1561,16,validation
1562,1562,6,train
1563,1563,10,train
1564,1564,6,train
1565,1565,17,test
1566,1566,5,train
1567,1567,16,validation
1568,1568,4,train
1569,1569,5,train
1570,1570,18,test
1571,1571,17,test
1572,1572,7,train
1573,1573,8,train
1574,1574,6,train
1575,1575,4,train
1576,1576,12,train
1577,1577,10,train
1578,1578,7,train
1579,1579,9,train
1580,1580,18,test
1581,1581,1,train
1582,1582,11,train
1583,1583,0,train
1584,1584,11,train
1585,1585,5,train
1586,1586,2,train
1587,1587,0,train
1588,1588,4,train
1589,1589,8,train
1590,1590,10,train
1591,1591,3,train
1592,1592,5,train
1593,1593,19,test
1594,1594,16,validation
1595,1595,18,test
1596,1596,6,train
1597,1597,8,train
1598,1598,19,test
1599,1599,2,train
1600,1600,9,train
1601,1601,3,train
1602,1602,18,test
1603,1603,9,train
1604,1604,0,train
1605,1605,7,train
1606,1606,7,train
1607,1607,14,validation
1608,1608,12,train
1609,1609,11,train
1610,1610,15,validation
1611,1611,19,test
1612,1612,6,train
1613,1613,0,train
1614,1614,2,train
1615,1615,7,train
1616,1616,4,train
1617,1617,4,train
1618,1618,3,train
1619,1619,4,train
1620,1620,12,train
1621,1621,15,validation
1622,1622,2,train
1623,1623,13,train
1624,1624,3,train
1625,1625,13,train
1626,1626,7,train
1627,1627,5,train
1628,1628,13,train
1629,1629,0,train
1630,1630,7,train
1631,1631,1,train
1632,1632,11,train
1633,1633,9,train
1634,1634,2,train
1635,1635,11,train
1636,1636,1,train
1637,1637,10,train
1638,1638,2,train
1639,1639,1,train
1640,1640,7,train
1641,1641,6,train
1642,1642,12,train
1643,1643,12,train
1644,1644,14,validation
1645,1645,4,train
1646,1646,19,test
1647,1647,9,train
1648,1648,7,train
1649,1649,1,train
1650,1650,16,validation
1651,1651,17,test
1652,1652,1,train
1653,1653,12,train
1654,1654,2,train
1655,1655,14,validation
1656,1656,15,validation
1657,1657,3,train
1658,1658,8,train
1659,1659,13,train
1660,1660,9,train
1661,1661,15,validation
1662,1662,17,test
1663,1663,13,train
1664,1664,5,train
1665,1665,8,train
1666,1666,2,train
1667,1667,7,train
1668,1668,0,train
1669,1669,2,train
1670,1670,16,validation
1671,1671,8,train
1672,1672,2,train
1673,1673,11,train
1674,1674,18,test
1675,1675,16,validation
1676,1676,17,test
1677,1677,19,test
1678,1678,18,test
1679,1679,2,train
1680,1680,10,train
1681,1681,11,train
1682,1682,10,train
1683,1683,4,train
1684,1684,0,train
1685,1685,2,train
1686,1686,8,train
1687,1687,3,train
1688,1688,5,train
1689,1689,6,train
1690,1690,6,train
1691,1691,19,test
1692,1692,19,test
1693,1693,6,train
1694,1694,18,test
1695,1695,6,train
1696,1696,3,train
1697,1697,2,train
1698,1698,15,validation
1699,1699,14,validation
1700,1700,0,train
1701,1701,8,train
1702,1702,11,train
1703,1703,0,train
1704,1704,0,train
1705,1705,5,train
1706,1706,5,train
1707,1707,8,train
1708,1708,16,validation
1709,1709,0,train
1710,1710,9,train
1711,1711,14,validation
1712,1712,2,train
1713,1713,8,train
1714,1714,1,train
1715,1715,0,train
1716,1716,8,train
1717,1717,19,test
1718,1718,14,validation
1719,1719,11,train
1720,1720,12,train
1721,1721,0,train
1722,1722,8,train
1723,1723,2,train
1724,1724,10,train
1725,1725,12,train
1726,1726,0,train
1727,1727,6,train
1728,1728,19,test
1729,1729,13,train
1730,1730,5,train
1731,1731,8,train
1732,1732,15,validation
1733,1733,17,test
1734,1734,9,train
1735,1735,7,train
1736,1736,12,train
1737,1737,10,train
1738,1738,5,train
1739,1739,9,train
1740,1740,16,validation
1741,1741,16,validation
1742,1742,1,train
1743,1743,8,train
1744,1744,14,validation
1745,1745,2,train
1746,1746,10,train
1747,1747,0,train
1748,1748,10,train
1749,1749,15,validation
1750,1750,16,validation
1751,1751,16,validation
1752,1752,16,validation
1753,1753,2,train
1754,1754,0,train
1755,1755,11,train
1756,1756,4,train
1757,1757,9,train
1758,1758,4,train
1759,1759,16,validation
1760,1760,11,train
1761,1761,3,train
1762,1762,4,train
1763,1763,6,train
1764,1764,11,train
1765,1765,17,test
1766,1766,13,train
1767,1767,11,train
1768,1768,19,test
1769,1769,13,train
1770,1770,8,train
1771,1771,5,train
1772,1772,17,test
1773,1773,10,train
1774,1774,2,train
1775,1775,16,validation
1776,1776,18,test
1777,1777,12,train
1778,1778,15,validation
1779,1779,1,train
1780,1780,4,train
1781,1781,18,test
1782,1782,2,train
1783,1783,14,validation
1784,1784,8,train
1785,1785,13,train
1786,1786,2,train
1787,1787,14,validation
1788,1788,19,test
1789,1789,1,train
1790,1790,2,train
1791,1791,14,validation
1792,1792,7,train
1793,1793,17,test
1794,1794,9,train
1795,1795,0,train
1796,1796,0,train
1797,1797,5,train
1798,1798,1,train
1799,1799,1,train
1800,1800,13,train
1801,1801,4,train
1802,1802,12,train
1803,1803,12,train
1804,1804,19,test
1805,1805,18,test
1806,1806,9,train
1807,1807,5,train
1808,1808,8,train
1809,1809,5,train
1810,1810,15,validation
1811,1811,9,train
1812,1812,15,validation
1813,1813,17,test
1814,1814,14,validation
1815,1815,13,train
1816,1816,14,validation
1817,1817,12,train
1818,1818,0,train
1819,1819,6,train
1820,1820,5,train
1821,1821,8,train
1822,1822,13,train
1823,1823,16,validation
1824,1824,13,train
1825,1825,3,train
1826,1826,6,train
1827,1827,4,train
1828,1828,17,test
1829,1829,3,train
1830,1830,0,train
1831,1831,19,test
1832,1832,8,train
1833,1833,0,train
1834,1834,6,train
1835,1835,14,validation
1836,1836,15,validation
1837,1837,6,train
1838,1838,6,train
1839,1839,5,train
1840,1840,3,train
1841,1841,9,train
1842,1842,10,train
1843,1843,6,train
1844,1844,2,train
1845,1845,1,train
1846,1846,17,test
1847,1847,17,test
1848,1848,17,test
1849,1849,14,validation
1850,1850,15,validation
1851,1851,3,train
1852,1852,14,validation
1853,1853,14,validation
1854,1854,8,train
1855,1855,8,train
1856,1856,16,validation
1857,1857,12,train
1858,1858,3,train
1859,1859,18,test
1860,1860,6,train
1861,1861,13,train
1862,1862,8,train
1863,1863,6,train
1864,1864,15,validation
1865,1865,13,train
1866,1866,3,train
1867,1867,17,test
1868,1868,19,test
1869,1869,6,train
1870,1870,14,validation
1871,1871,1,train
1872,1872,7,train
1873,1873,5,train
1874,1874,3,train
1875,1875,16,validation
1876,1876,2,train
1877,1877,2,train
1878,1878,16,validation
1879,1879,10,train
1880,1880,5,train
1881,1881,8,train
1882,1882,15,validation
1883,1883,0,train
1884,1884,18,test
1885,1885,13,train
1886,1886,3,train
1887,1887,10,train
1888,1888,12,train
1889,1889,4,train
1890,1890,18,test
1891,1891,16,validation
1892,1892,0,train
1893,1893,12,train
1894,1894,5,train
1895,1895,12,train
1896,1896,10,train
1897,1897,10,train
1898,1898,1,train
1899,1899,1,train
1900,1900,16,validation
1901,1901,9,train
1902,1902,19,test
1903,1903,13,train
1904,1904,3,train
1905,1905,3,train
1906,1906,19,test
1907,1907,12,train
1908,1908,14,validation
1909,1909,12,train
1910,1910,7,train
1911,1911,15,validation
1912,1912,7,train
1913,1913,1,train
1914,1914,16,validation
1915,1915,19,test
1916,1916,19,test
1917,1917,9,train
1918,1918,4,train
1919,1919,6,train
1920,1920,9,train
1921,1921,1,train
1922,1922,8,train
1923,1923,9,train
1924,1924,15,validation
1925,1925,5,train
1926,1926,6,train
1927,1927,13,train
1928,1928,5,train
1929,1929,7,train
1930,1930,14,validation
1931,1931,0,train
1932,1932,2,train
1933,1933,7,train
1934,1934,6,train
1935,1935,16,validation
1936,1936,11,train
1937,1937,11,train
1938,1938,17,test
1939,1939,15,validation
1940,1940,7,train
1941,1941,14,validation
1942,1942,4,train
1943,1943,8,train
1944,1944,8,train
1945,1945,15,validation
1946,1946,2,train
1947,1947,8,train
1948,1948,2,train
1949,1949,8,train
1950,1950,16,validation
1951,1951,5,train
1952,1952,17,test
1953,1953,3,train
1954,1954,15,validation
1955,1955,9,train
1956,1956,6,train
1957,1957,16,validation
1958,1958,7,train
1959,1959,6,train
1960,1960,10,train
1961,1961,14,validation
1962,1962,5,train
1963,1963,11,train
1964,1964,18,test
1965,1965,9,train
1966,1966,6,train
1967,1967,18,test
1968,1968,7,train
1969,1969,3,train
1970,1970,8,train
1971,1971,9,train
1972,1972,2,train
1973,1973,4,train
1974,1974,7,train
1975,1975,14,validation
1976,1976,18,test
1977,1977,15,validation
1978,1978,0,train
1979,1979,17,test
1980,1980,6,train
1981,1981,8,train
1982,1982,2,train
1983,1983,5,train
1984,1984,11,train
1985,1985,9,train
1986,1986,8,train
1987,1987,15,validation
1988,1988,19,test
1989,1989,16,validation
1990,1990,2,train
1991,1991,19,test
1992,1992,4,train
1993,1993,3,train
1994,1994,13,train
1995,1995,19,test
1996,1996,18,test
1997,1997,15,validation
1998,1998,10,train
1999,1999,8,train
2000,2000,17,test
2001,2001,19,test
2002,2002,10,train
2003,2003,4,train
2004,2004,8,train
2005,2005,17,test
2006,2006,15,validation
2007,2007,4,train
2008,2008,16,validation
2009,2009,18,test
2010,2010,12,train
2011,2011,19,test
2012,2012,2,train
2013,2013,5,train
2014,2014,4,train
2015,2015,19,test
2016,2016,7,train
2017,2017,16,validation
2018,2018,16,validation
2019,2019,3,train
2020,2020,1,train
2021,2021,8,train
2022,2022,13,train
2023,2023,17,test
2024,2024,7,train
2025,2025,12,train
2026,2026,5,train
2027,2027,16,validation
2028,2028,18,test
2029,2029,18,test
2030,2030,19,test
2031,2031,6,train
2032,2032,13,train
2033,2033,2,train
2034,2034,19,test
2035,2035,7,train
2036,2036,13,train
2037,2037,5,train
2038,2038,11,train
2039,2039,12,train
2040,2040,15,validation
2041,2041,9,train
2042,2042,3,train
2043,2043,10,train
2044,2044,11,train
2045,2045,16,validation
2046,2046,11,train
2047,2047,4,train
2048,2048,3,train
2049,2049,18,test
2050,2050,15,validation
2051,2051,4,train
2052,2052,18,test
2053,2053,18,test
2054,2054,2,train
2055,2055,16,validation
2056,2056,16,validation
2057,2057,10,train
2058,2058,7,train
2059,2059,19,test
2060,2060,0,train
2061,2061,17,test
2062,2062,19,test
2063,2063,9,train
2064,2064,15,validation
2065,2065,15,validation
2066,2066,8,train
2067,2067,5,train
2068,2068,1,train
2069,2069,0,train
2070,2070,11,train
2071,2071,8,train
2072,2072,16,validation
2073,2073,18,test
2074,2074,4,train
2075,2075,1,train
2076,2076,11,train
2077,2077,0,train
2078,2078,2,train
2079,2079,7,train
2080,2080,0,train
2081,2081,9,train
2082,2082,18,test
2083,2083,7,train
2084,2084,13,train
2085,2085,5,train
2086,2086,8,train
2087,2087,2,train
2088,2088,16,validation
2089,2089,13,train
2090,2090,16,validation
2091,2091,18,test
2092,2092,15,validation
2093,2093,8,train
2094,2094,0,train
2095,2095,18,test
2096,2096,9,train
2097,2097,5,train
2098,2098,12,train
2099,2099,7,train
2100,2100,10,train
2101,2101,5,train
2102,2102,14,validation
2103,2103,14,validation
2104,2104,6,train
2105,2105,19,test
2106,2106,2,train
2107,2107,8,train
2108,2108,19,test
2109,2109,0,train
2110,2110,3,train
2111,2111,13,train
2112,2112,17,test
2113,2113,6,train
2114,2114,7,train
2115,2115,1,train
2116,2116,1,train
2117,2117,0,train
2118,2118,9,train
2119,2119,8,train
2120,2120,16,validation
2121,2121,3,train
2122,2122,16,validation
2123,2123,5,train
2124,2124,1,train
2125,2125,17,test
2126,2126,8,train
2127,2127,2,train
2128,2128,17,test
2129,2129,10,train
2130,2130,10,train
2131,2131,3,train
2132,2132,18,test
2133,2133,16,validation
2134,2134,19,test
2135,2135,15,validation
2136,2136,18,test
2137,2137,9,train
2138,2138,3,train
2139,2139,11,train
2140,2140,16,validation
2141,2141,14,validation
2142,2142,16,validation
2143,2143,3,train
2144,2144,0,train
2145,2145,10,train
2146,2146,3,train
2147,2147,10,train
2148,2148,14,validation
2149,2149,9,train
2150,2150,14,validation
2151,2151,10,train
2152,2152,8,train
2153,2153,6,train
2154,2154,11,train
2155,2155,11,train
2156,2156,10,train
2157,2157,11,train
2158,2158,7,train
2159,2159,1,train
2160,2160,10,train
2161,2161,9,train
2162,2162,10,train
2163,2163,10,train
2164,2164,4,train
2165,2165,13,train
2166,2166,14,validation
2167,2167,6,train
2168,2168,3,train
2169,2169,16,validation
2170,2170,8,train
2171,2171,18,test
2172,2172,3,train
2173,2173,12,train
2174,2174,8,train
2175,2175,17,test
2176,2176,11,train
2177,2177,18,test
2178,2178,11,train
2179,2179,17,test
2180,2180,11,train
2181,2181,4,train
2182,2182,0,train
2183,2183,3,train
2184,2184,19,test
2185,2185,13,train
2186,2186,0,train
2187,2187,1,train
2188,2188,8,train
2189,2189,8,train
2190,2190,14,validation
2191,2191,7,train
2192,2192,9,train
2193,2193,8,train
2194,2194,16,validation
2195,2195,12,train
2196,2196,19,test
2197,2197,11,train
2198,2198,3,train
2199,2199,9,train
2200,2200,9,train
2201,2201,19,test
2202,2202,3,train
2203,2203,3,train
2204,2204,4,train
2205,2205,0,train
2206,2206,9,train
2207,2207,6,train
2208,2208,11,train
2209,2209,15,validation
2210,2210,6,train
2211,2211,18,test
2212,2212,14,validation
2213,2213,13,train
2214,2214,12,train
2215,2215,11,train
2216,2216,19,test
2217,2217,0,train
2218,2218,9,train
2219,2219,6,train
2220,2220,4,train
2221,2221,5,train
2222,2222,2,train
2223,2223,6,train
2224,2224,7,train
2225,2225,3,train
2226,2226,1,train
2227,2227,11,train
2228,2228,19,test
2229,2229,16,validation
2230,2230,13,train
2231,2231,7,train
2232,2232,17,test
2233,2233,11,train
2234,2234,12,train
2235,2235,18,test
2236,2236,4,train
2237,2237,3,train
2238,2238,0,train
2239,2239,16,validation
2240,2240,17,test
2241,2241,9,train
2242,2242,15,validation
2243,2243,10,train
2244,2244,12,train
2245,2245,15,validation
2246,2246,2,train
2247,2247,17,test
2248,2248,3,train
2249,2249,8,train
2250,2250,12,train
2251,2251,15,validation
2252,2252,15,validation
2253,2253,8,train
2254,2254,4,train
2255,2255,7,train
2256,2256,1,train
2257,2257,5,train
2258,2258,11,train
2259,2259,16,validation
2260,2260,19,test
2261,2261,6,train
2262,2262,9,train
2263,2263,15,validation
2264,2264,16,validation
2265,2265,3,train
2266,2266,15,validation
2267,2267,19,test
2268,2268,11,train
2269,2269,2,train
2270,2270,7,train
2271,2271,1,train
2272,2272,7,train
2273,2273,13,train
2274,2274,1,train
2275,2275,14,validation
2276,2276,1,train
2277,2277,3,train
2278,2278,19,test
2279,2279,15,validation
2280,2280,1,train
2281,2281,14,validation
2282,2282,10,train
2283,2283,4,train
2284,2284,4,train
2285,2285,12,train
2286,2286,12,train
2287,2287,7,train
2288,2288,19,test
2289,2289,18,test
2290,2290,16,validation
2291,2291,10,train
2292,2292,7,train
2293,2293,14,validation
2294,2294,17,test
2295,2295,3,train
2296,2296,17,test
2297,2297,9,train
2298,2298,4,train
2299,2299,1,train
2300,2300,2,train
2301,2301,8,train
2302,2302,9,train
2303,2303,3,train
2304,2304,19,test
2305,2305,4,train
2306,2306,8,train
2307,2307,11,train
2308,2308,13,train
2309,2309,17,test
2310,2310,1,train
2311,2311,3,train
2312,2312,17,test
2313,2313,18,test
2314,2314,6,train
2315,2315,14,validation
2316,2316,16,validation
2317,2317,19,test
2318,2318,4,train
2319,2319,16,validation
2320,2320,10,train
2321,2321,16,validation
2322,2322,19,test
2323,2323,4,train
2324,2324,14,validation
2325,2325,1,train
2326,2326,7,train
2327,2327,5,train
2328,2328,0,train
2329,2329,9,train
2330,2330,15,validation
2331,2331,19,test
2332,2332,4,train
2333,2333,18,test
2334,2334,10,train
2335,2335,8,train
2336,2336,16,validation
2337,2337,15,validation
2338,2338,14,validation
2339,2339,18,test
2340,2340,14,validation
2341,2341,3,train
2342,2342,10,train
2343,2343,0,train
2344,2344,9,train
2345,2345,4,train
2346,2346,8,train
2347,2347,5,train
2348,2348,11,train
2349,2349,19,test
2350,2350,15,validation
2351,2351,19,test
2352,2352,6,train
2353,2353,17,test
2354,2354,3,train
2355,2355,17,test
2356,2356,10,train
2357,2357,6,train
2358,2358,11,train
2359,2359,16,validation
2360,2360,0,train
2361,2361,9,train
2362,2362,17,test
2363,2363,16,validation
2364,2364,4,train
2365,2365,10,train
2366,2366,5,train
2367,2367,14,validation
2368,2368,0,train
2369,2369,12,train
2370,2370,19,test
2371,2371,12,train
2372,2372,14,validation
2373,2373,2,train
2374,2374,16,validation
2375,2375,4,train
2376,2376,19,test
2377,2377,2,train
2378,2378,15,validation
2379,2379,8,train
2380,2380,11,train
2381,2381,15,validation
2382,2382,3,train
2383,2383,16,validation
2384,2384,8,train
2385,2385,11,train
2386,2386,1,train
2387,2387,2,train
2388,2388,9,train
2389,2389,18,test
2390,2390,15,validation
2391,2391,18,test
2392,2392,0,train
2393,2393,17,test
2394,2394,17,test
2395,2395,16,validation
2396,2396,4,train
2397,2397,9,train
2398,2398,12,train
2399,2399,12,train
2400,2400,12,train
2401,2401,13,train
2402,2402,18,test
2403,2403,18,test
2404,2404,8,train
2405,2405,10,train
2406,2406,18,test
2407,2407,9,train
2408,2408,2,train
2409,2409,17,test
2410,2410,10,train
2411,2411,9,train
2412,2412,13,train
2413,2413,1,train
2414,2414,5,train
2415,2415,12,train
2416,2416,18,test
2417,2417,13,train
2418,2418,1,train
2419,2419,6,train
2420,2420,3,train
2421,2421,1,train
2422,2422,16,validation
2423,2423,6,train
2424,2424,14,validation
2425,2425,14,validation
2426,2426,15,validation
2427,2427,1,train
2428,2428,8,train
2429,2429,8,train
2430,2430,7,train
2431,2431,17,test
2432,2432,19,test
2433,2433,7,train
2434,2434,3,train
2435,2435,13,train
2436,2436,11,train
2437,2437,11,train
2438,2438,9,train
2439,2439,13,train
2440,2440,3,train
2441,2441,9,train
2442,2442,19,test
2443,2443,16,validation
2444,2444,12,train
2445,2445,12,train
2446,2446,17,test
2447,2447,13,train
2448,2448,5,train
2449,2449,15,validation
2450,2450,1,train
2451,2451,11,train
2452,2452,10,train
2453,2453,18,test
2454,2454,14,validation
2455,2455,13,train
2456,2456,9,train
2457,2457,5,train
2458,2458,16,validation
2459,2459,12,train
2460,2460,13,train
2461,2461,14,validation
2462,2462,1,train
2463,2463,4,train
2464,2464,17,test
2465,2465,4,train
2466,2466,8,train
2467,2467,0,train
2468,2468,0,train
2469,2469,14,validation
2470,2470,17,test
2471,2471,3,train
2472,2472,7,train
2473,2473,19,test
2474,2474,3,train
2475,2475,3,train
2476,2476,1,train
2477,2477,1,train
2478,2478,16,validation
2479,2479,2,train
2480,2480,13,train
2481,2481,9,train
2482,2482,9,train
2483,2483,7,train
2484,2484,7,train
2485,2485,7,train
2486,2486,13,train
2487,2487,17,test
2488,2488,11,train
2489,2489,8,train
2490,2490,0,train
2491,2491,5,train
2492,2492,0,train
2493,2493,12,train
2494,2494,13,train
2495,2495,18,test
2496,2496,6,train
2497,2497,17,test
2498,2498,5,train
2499,2499,16,validation
2500,2500,17,test
2501,2501,8,train
2502,2502,18,test
2503,2503,5,train
2504,2504,19,test
2505,2505,9,train
2506,2506,5,train
2507,2507,7,train
2508,2508,12,train
2509,2509,1,train
2510,2510,2,train
2511,2511,1,train
2512,2512,13,train
2513,2513,3,train
2514,2514,17,test
2515,2515,4,train
2516,2516,9,train
2517,2517,18,test
2518,2518,16,validation
2519,2519,3,train
2520,2520,16,validation
2521,2521,19,test
2522,2522,8,train
2523,2523,0,train
2524,2524,12,train
2525,2525,14,validation
2526,2526,13,train
2527,2527,7,train
2528,2528,18,test
2529,2529,13,train
2530,2530,14,validation
2531,2531,4,train
2532,2532,16,validation
2533,2533,6,train
2534,2534,2,train
2535,2535,18,test
2536,2536,14,validation
2537,2537,17,test
2538,2538,13,train
2539,2539,3,train
2540,2540,17,test
2541,2541,15,validation
2542,2542,2,train
2543,2543,11,train
2544,2544,6,train
2545,2545,2,train
2546,2546,11,train
2547,2547,14,validation
2548,2548,5,train
2549,2549,12,train
2550,2550,8,train
2551,2551,17,test
2552,2552,12,train
2553,2553,5,train
2554,2554,19,test
2555,2555,13,train
2556,2556,2,train
2557,2557,0,train
2558,2558,5,train
2559,2559,10,train
2560,2560,0,train
2561,2561,2,train
2562,2562,12,train
2563,2563,5,train
2564,2564,14,validation
2565,2565,17,test
2566,2566,10,train
2567,2567,3,train
2568,2568,1,train
2569,2569,4,train
2570,2570,14,validation
2571,2571,10,train
2572,2572,1,train
2573,2573,19,test
2574,2574,14,validation
2575,2575,19,test
2576,2576,1,train
2577,2577,5,train
2578,2578,12,train
2579,2579,7,train
2580,2580,14,validation
2581,2581,5,train
2582,2582,3,train
2583,2583,6,train
2584,2584,10,train
2585,2585,4,train
2586,2586,12,train
2587,2587,17,test
2588,2588,4,train
2589,2589,12,train
2590,2590,19,test
2591,2591,11,train
2592,2592,12,train
2593,2593,14,validation
2594,2594,8,train
2595,2595,11,train
2596,2596,10,train
2597,2597,10,train
2598,2598,2,train
2599,2599,19,test
2600,2600,2,train
2601,2601,8,train
2602,2602,0,train
2603,2603,1,train
2604,2604,19,test
2605,2605,8,train
2606,2606,1,train
2607,2607,15,validation
2608,2608,3,train
2609,2609,5,train
2610,2610,1,train
2611,2611,7,train
2612,2612,1,train
2613,2613,1,train
2614,2614,13,train
2615,2615,0,train
2616,2616,6,train
2617,2617,12,train
2618,2618,6,train
2619,2619,19,test
2620,2620,18,test
2621,2621,12,train
2622,2622,0,train
2623,2623,17,test
2624,2624,16,validation
2625,2625,5,train
2626,2626,15,validation
2627,2627,1,train
2628,2628,18,test
2629,2629,13,train
2630,2630,9,train
2631,2631,18,test
2632,2632,0,train
2633,2633,3,train
2634,2634,2,train
2635,2635,6,train
2636,2636,11,train
2637,2637,10,train
2638,2638,13,train
2639,2639,4,train
2640,2640,17,test
2641,2641,18,test
2642,2642,11,train
2643,2643,0,train
2644,2644,15,validation
2645,2645,18,test
2646,2646,0,train
2647,2647,18,test
2648,2648,19,test
2649,2649,12,train
2650,2650,5,train
2651,2651,14,validation
2652,2652,16,validation
2653,2653,5,train
2654,2654,6,train
2655,2655,11,train
2656,2656,8,train
2657,2657,3,train
2658,2658,15,validation
2659,2659,3,train
2660,2660,5,train
2661,2661,13,train
2662,2662,10,train
2663,2663,10,train
2664,2664,1,train
2665,2665,9,train
2666,2666,10,train
2667,2667,12,train
2668,2668,2,train
2669,2669,7,train
2670,2670,5,train
2671,2671,9,train
2672,2672,10,train
2673,2673,2,train
2674,2674,8,train
2675,2675,5,train
2676,2676,13,train
2677,2677,8,train
2678,2678,13,train
2679,2679,6,train
2680,2680,10,train
2681,2681,0,train
2682,2682,19,test
2683,2683,15,validation
2684,2684,5,train
2685,2685,0,train
2686,2686,18,test
2687,2687,8,train
2688,2688,2,train
2689,2689,16,validation
2690,2690,1,train
2691,2691,15,validation
2692,2692,10,train
2693,2693,19,test
2694,2694,16,validation
2695,2695,3,train
2696,2696,14,validation
2697,2697,7,train
2698,2698,19,test
2699,2699,7,train
2700,2700,19,test
2701,2701,9,train
2702,2702,14,validation
2703,2703,14,validation
2704,2704,13,train
2705,2705,16,validation
2706,2706,12,train
2707,2707,12,train
2708,2708,9,train
2709,2709,14,validation
2710,2710,11,train
2711,2711,4,train
2712,2712,5,train
2713,2713,18,test
2714,2714,2,train
2715,2715,7,train
2716,2716,15,validation
2717,2717,13,train
2718,2718,19,test
2719,2719,3,train
2720,2720,7,train
2721,2721,2,train
2722,2722,7,train
2723,2723,11,train
2724,2724,17,test
2725,2725,16,validation
2726,2726,18,test
2727,2727,12,train
2728,2728,19,test
2729,2729,7,train
2730,2730,4,train
2731,2731,11,train
2732,2732,19,test
2733,2733,12,train
2734,2734,16,validation
2735,2735,6,train
2736,2736,4,train
2737,2737,13,train
2738,2738,4,train
2739,2739,4,train
2740,2740,13,train
2741,2741,6,train
2742,2742,7,train
2743,2743,7,train
2744,2744,11,train
2745,2745,7,train
2746,2746,9,train
2747,2747,12,train
2748,2748,7,train
2749,2749,11,train
2750,2750,14,validation
2751,2751,17,test
2752,2752,2,train
2753,2753,12,train
2754,2754,19,test
2755,2755,17,test
2756,2756,15,validation
2757,2757,16,validation
2758,2758,15,validation
2759,2759,10,train
2760,2760,14,validation
2761,2761,6,train
2762,2762,0,train
2763,2763,11,train
2764,2764,2,train
2765,2765,7,train
2766,2766,19,test
2767,2767,10,train
2768,2768,19,test
2769,2769,4,train
2770,2770,0,train
2771,2771,15,validation
2772,2772,4,train
2773,2773,0,train
2774,2774,0,train
2775,2775,9,train
2776,2776,19,test
2777,2777,16,validation
2778,2778,7,train
2779,2779,1,train
2780,2780,14,validation
2781,2781,16,validation
2782,2782,2,train
2783,2783,18,test
2784,2784,1,train
2785,2785,8,train
2786,2786,15,validation
2787,2787,16,validation
2788,2788,11,train
2789,2789,15,validation
2790,2790,11,train
2791,2791,14,validation
2792,2792,13,train
2793,2793,8,train
2794,2794,17,test
2795,2795,10,train
2796,2796,18,test
2797,2797,10,train
2798,2798,9,train
2799,2799,11,train
2800,2800,19,test
2801,2801,1,train
2802,2802,18,test
2803,2803,17,test
2804,2804,10,train
2805,2805,18,test
2806,2806,0,train
2807,2807,11,train
2808,2808,16,validation
2809,2809,16,validation
2810,2810,7,train
2811,2811,11,train
2812,2812,8,train
2813,2813,7,train
2814,2814,4,train
2815,2815,8,train
2816,2816,3,train
2817,2817,18,test
2818,2818,5,train
2819,2819,7,train
2820,2820,13,train
2821,2821,15,validation
2822,2822,6,train
2823,2823,7,train
2824,2824,9,train
2825,2825,19,test
2826,2826,17,test
2827,2827,5,train
2828,2828,18,test
2829,2829,16,validation
2830,2830,19,test
2831,2831,8,train
2832,2832,12,train
2833,2833,8,train
2834,2834,7,train
2835,2835,6,train
2836,2836,15,validation
2837,2837,1,train
2838,2838,9,train
2839,2839,3,train
2840,2840,4,train
2841,2841,8,train
2842,2842,11,train
2843,2843,18,test
2844,2844,13,train
2845,2845,2,train
2846,2846,8,train
2847,2847,2,train
2848,2848,12,train
2849,2849,12,train
2850,2850,9,train
2851,2851,1,train
2852,2852,4,train
2853,2853,4,train
2854,2854,19,test
2855,2855,12,train
2856,2856,12,train
2857,2857,2,train
2858,2858,9,train
2859,2859,15,validation
2860,2860,18,test
2861,2861,19,test
2862,2862,3,train
2863,2863,5,train
2864,2864,0,train
2865,2865,8,train
2866,2866,0,train
2867,2867,7,train
2868,2868,15,validation
2869,2869,5,train
2870,2870,19,test
2871,2871,19,test
2872,2872,15,validation
2873,2873,15,validation
2874,2874,11,train
2875,2875,1,train
2876,2876,3,train
2877,2877,13,train
2878,2878,1,train
2879,2879,15,validation
2880,2880,14,validation
2881,2881,6,train
2882,2882,10,train
2883,2883,3,train
2884,2884,17,test
2885,2885,17,test
2886,2886,19,test
2887,2887,16,validation
2888,2888,19,test
2889,2889,1,train
2890,2890,9,train
2891,2891,12,train
2892,2892,2,train
2893,2893,2,train
2894,2894,16,validation
2895,2895,17,test
2896,2896,5,train
2897,2897,1,train
2898,2898,16,validation
2899,2899,9,train
2900,2900,1,train
2901,2901,19,test
2902,2902,4,train
2903,2903,8,train
2904,2904,16,validation
2905,2905,18,test
2906,2906,5,train
2907,2907,1,train
2908,2908,16,validation
2909,2909,13,train
2910,2910,2,train
2911,2911,0,train
2912,2912,14,validation
2913,2913,10,train
2914,2914,9,train
2915,2915,0,train
2916,2916,15,validation
2917,2917,9,train
2918,2918,0,train
2919,2919,5,train
2920,2920,0,train
2921,2921,19,test
2922,2922,0,train
2923,2923,8,train
2924,2924,12,train
2925,2925,8,train
2926,2926,17,test
2927,2927,15,validation
2928,2928,11,train
2929,2929,4,train
2930,2930,13,train
2931,2931,5,train
2932,2932,16,validation
2933,2933,16,validation
2934,2934,1,train
2935,2935,10,train
2936,2936,8,train
2937,2937,16,validation
2938,2938,17,test
2939,2939,7,train
2940,2940,15,validation
2941,2941,10,train
2942,2942,10,train
2943,2943,9,train
2944,2944,17,test
2945,2945,12,train
2946,2946,15,validation
2947,2947,12,train
2948,2948,9,train
2949,2949,17,test
2950,2950,5,train
2951,2951,14,validation
2952,2952,19,test
2953,2953,14,validation
2954,2954,6,train
2955,2955,4,train
2956,2956,4,train
2957,2957,8,train
2958,2958,4,train
2959,2959,16,validation
2960,2960,19,test
2961,2961,19,test
2962,2962,1,train
2963,2963,19,test
2964,2964,16,validation
2965,2965,11,train
2966,2966,1,train
2967,2967,10,train
2968,2968,4,train
2969,2969,12,train
2970,2970,14,validation
2971,2971,8,train
2972,2972,11,train
2973,2973,17,test
2974,2974,3,train
2975,2975,4,train
2976,2976,3,train
2977,2977,5,train
2978,2978,11,train
2979,2979,3,train
2980,2980,4,train
2981,2981,16,validation
2982,2982,6,train
2983,2983,9,train
2984,2984,9,train
2985,2985,12,train
2986,2986,13,train
2987,2987,8,train
2988,2988,7,train
2989,2989,5,train
2990,2990,9,train
2991,2991,9,train
2992,2992,9,train
2993,2993,2,train
2994,2994,16,validation
2995,2995,7,train
2996,2996,10,train
2997,2997,6,train
2998,2998,6,train
2999,2999,15,validation
3000,3000,11,train
3001,3001,7,train
3002,3002,14,validation
3003,3003,4,train
3004,3004,2,train
3005,3005,19,test
3006,3006,13,train
3007,3007,16,validation
3008,3008,15,validation
3009,3009,11,train
3010,3010,1,train
3011,3011,0,train
3012,3012,10,train
3013,3013,1,train
3014,3014,19,test
3015,3015,6,train
3016,3016,11,train
3017,3017,0,train
3018,3018,15,validation
3019,3019,9,train
3020,3020,7,train
3021,3021,8,train
3022,3022,11,train
3023,3023,13,train
3024,3024,19,test
3025,3025,1,train
3026,3026,5,train
3027,3027,4,train
3028,3028,17,test
3029,3029,15,validation
3030,3030,15,validation
3031,3031,16,validation
3032,3032,7,train
3033,3033,19,test
3034,3034,14,validation
3035,3035,5,train
3036,3036,1,train
3037,3037,14,validation
3038,3038,18,test
3039,3039,8,train
3040,3040,11,train
3041,3041,6,train
3042,3042,9,train
3043,3043,3,train
3044,3044,11,train
3045,3045,17,test
3046,3046,13,train
3047,3047,7,train
3048,3048,11,train
3049,3049,18,test
3050,3050,17,test
3051,3051,18,test
3052,3052,3,train
3053,3053,8,train
3054,3054,4,train
3055,3055,17,test
3056,3056,18,test
3057,3057,11,train
3058,3058,15,validation
3059,3059,3,train
3060,3060,17,test
3061,3061,11,train
3062,3062,18,test
3063,3063,5,train
3064,3064,0,train
3065,3065,19,test
3066,3066,17,test
3067,3067,6,train
3068,3068,1,train
3069,3069,19,test
3070,3070,11,train
3071,3071,16,validation
3072,3072,7,train
3073,3073,3,train
3074,3074,11,train
3075,3075,16,validation
3076,3076,5,train
3077,3077,1,train
3078,3078,3,train
3079,3079,6,train
3080,3080,6,train
3081,3081,5,train
3082,3082,10,train
3083,3083,19,test
3084,3084,7,train
3085,3085,0,train
3086,3086,4,train
3087,3087,2,train
3088,3088,2,train
3089,3089,1,train
3090,3090,17,test
3091,3091,5,train
3092,3092,11,train
3093,3093,10,train
3094,3094,12,train
3095,3095,11,train
3096,3096,7,train
3097,3097,5,train
3098,3098,19,test
3099,3099,0,train
3100,3100,9,train
3101,3101,17,test
3102,3102,8,train
3103,3103,2,train
3104,3104,1,train
3105,3105,13,train
3106,3106,1,train
3107,3107,16,validation
3108,3108,0,train
3109,3109,4,train
3110,3110,14,validation
3111,3111,7,train
3112,3112,14,validation
3113,3113,4,train
3114,3114,12,train
3115,3115,2,train
3116,3116,12,train
3117,3117,13,train
3118,3118,1,train
3119,3119,18,test
3120,3120,15,validation
3121,3121,1,train
3122,3122,11,train
3123,3123,19,test
3124,3124,14,validation
3125,3125,2,train
3126,3126,4,train
3127,3127,1,train
3128,3128,9,train
3129,3129,7,train
3130,3130,7,train
3131,3131,10,train
3132,3132,9,train
3133,3133,13,train
3134,3134,17,test
3135,3135,6,train
3136,3136,10,train
3137,3137,18,test
3138,3138,9,train
3139,3139,16,validation
3140,3140,4,train
3141,3141,7,train
3142,3142,13,train
3143,3143,16,validation
3144,3144,15,validation
3145,3145,16,validation
3146,3146,2,train
3147,3147,15,validation
3148,3148,1,train
3149,3149,8,train
3150,3150,4,train
3151,3151,1,train
3152,3152,19,test
3153,3153,16,validation
3154,3154,9,train
3155,3155,2,train
3156,3156,6,train
3157,3157,12,train
3158,3158,7,train
3159,3159,8,train
3160,3160,19,test
3161,3161,14,validation
3162,3162,15,validation
3163,3163,14,validation
3164,3164,3,train
3165,3165,11,train
3166,3166,1,train
3167,3167,1,train
3168,3168,6,train
3169,3169,1,train
3170,3170,17,test
3171,3171,15,validation
3172,3172,2,train
3173,3173,15,validation
3174,3174,1,train
3175,3175,2,train
3176,3176,8,train
3177,3177,19,test
3178,3178,1,train
3179,3179,4,train
3180,3180,17,test
3181,3181,8,train
3182,3182,4,train
3183,3183,11,train
3184,3184,2,train
3185,3185,13,train
3186,3186,5,train
3187,3187,12,train
3188,3188,1,train
3189,3189,17,test
3190,3190,0,train
3191,3191,4,train
3192,3192,15,validation
3193,3193,4,train
3194,3194,2,train
3195,3195,13,train
3196,3196,5,train
3197,3197,16,validation
3198,3198,12,train
3199,3199,17,test
3200,3200,6,train
3201,3201,10,train
3202,3202,0,train
3203,3203,2,train
3204,3204,12,train
3205,3205,7,train
3206,3206,17,test
3207,3207,12,train
3208,3208,9,train
3209,3209,19,test
3210,3210,7,train
3211,3211,1,train
3212,3212,14,validation
3213,3213,18,test
3214,3214,16,validation
3215,3215,10,train
3216,3216,5,train
3217,3217,8,train
3218,3218,0,train
3219,3219,4,train
3220,3220,14,validation
3221,3221,3,train
3222,3222,4,train
3223,3223,0,train
3224,3224,13,train
3225,3225,0,train
3226,3226,3,train
3227,3227,6,train
3228,3228,10,train
3229,3229,6,train
3230,3230,15,validation
3231,3231,0,train
3232,3232,8,train
3233,3233,17,test
3234,3234,7,train
3235,3235,9,train
3236,3236,13,train
3237,3237,9,train
3238,3238,11,train
3239,3239,0,train
3240,3240,17,test
3241,3241,0,train
3242,3242,4,train
3243,3243,18,test
3244,3244,0,train
3245,3245,18,test
3246,3246,1,train
3247,3247,11,train
3248,3248,0,train
3249,3249,14,validation
3250,3250,5,train
3251,3251,4,train
3252,3252,11,train
3253,3253,11,train
3254,3254,8,train
3255,3255,9,train
3256,3256,17,test
3257,3257,16,validation
3258,3258,14,validation
3259,3259,12,train
3260,3260,11,train
3261,3261,13,train
3262,3262,17,test
3263,3263,10,train
3264,3264,13,train
3265,3265,13,train
3266,3266,3,train
3267,3267,16,validation
3268,3268,2,train
3269,3269,1,train
3270,3270,10,train
3271,3271,3,train
3272,3272,11,train
3273,3273,3,train
3274,3274,10,train
3275,3275,14,validation
3276,3276,6,train
3277,3277,1,train
3278,3278,15,validation
3279,3279,4,train
3280,3280,9,train
3281,3281,10,train
3282,3282,17,test
3283,3283,8,train
3284,3284,0,train
3285,3285,1,train
3286,3286,2,train
3287,3287,14,validation
3288,3288,2,train
3289,3289,10,train
3290,3290,3,train
3291,3291,19,test
3292,3292,3,train
3293,3293,19,test
3294,3294,9,train
3295,3295,2,train
3296,3296,17,test
3297,3297,6,train
3298,3298,6,train
3299,3299,13,train
3300,3300,4,train
3301,3301,12,train
3302,3302,5,train
3303,3303,18,test
3304,3304,8,train
3305,3305,2,train
3306,3306,2,train
3307,3307,7,train
3308,3308,7,train
3309,3309,3,train
3310,3310,10,train
3311,3311,18,test
3312,3312,16,validation
3313,3313,13,train
3314,3314,10,train
3315,3315,0,train
3316,3316,17,test
3317,3317,4,train
3318,3318,17,test
3319,3319,15,validation
3320,3320,9,train
3321,3321,15,validation
3322,3322,2,train
3323,3323,15,validation
3324,3324,6,train
3325,3325,12,train
3326,3326,15,validation
3327,3327,1,train
3328,3328,1,train
3329,3329,2,train
3330,3330,14,validation
3331,3331,7,train
3332,3332,9,train
3333,3333,3,train
3334,3334,4,train
3335,3335,12,train
3336,3336,17,test
3337,3337,14,validation
3338,3338,2,train
3339,3339,5,train
3340,3340,4,train
3341,3341,6,train
3342,3342,17,test
3343,3343,6,train
3344,3344,17,test
3345,3345,12,train
3346,3346,11,train
3347,3347,10,train
3348,3348,4,train
3349,3349,5,train
3350,3350,9,train
3351,3351,15,validation
3352,3352,7,train
3353,3353,1,train
3354,3354,15,validation
3355,3355,13,train
3356,3356,14,validation
3357,3357,7,train
3358,3358,16,validation
3359,3359,0,train
3360,3360,17,test
3361,3361,11,train
3362,3362,10,train
3363,3363,16,validation
3364,3364,11,train
3365,3365,5,train
3366,3366,5,train
3367,3367,7,train
3368,3368,17,test
3369,3369,3,train
3370,3370,7,train
3371,3371,10,train
3372,3372,2,train
3373,3373,5,train
3374,3374,5,train
3375,3375,19,test
3376,3376,8,train
3377,3377,9,train
3378,3378,9,train
3379,3379,13,train
3380,3380,9,train
3381,3381,12,train
3382,3382,19,test
3383,3383,0,train
3384,3384,14,validation
3385,3385,9,train
3386,3386,1,train
3387,3387,0,train
3388,3388,14,validation
3389,3389,18,test
3390,3390,14,validation
3391,3391,18,test
3392,3392,1,train
3393,3393,10,train
3394,3394,3,train
3395,3395,7,train
3396,3396,3,train
3397,3397,15,validation
3398,3398,18,test
3399,3399,11,train
3400,3400,8,train
3401,3401,13,train
3402,3402,2,train
3403,3403,10,train
3404,3404,3,train
3405,3405,19,test
3406,3406,6,train
3407,3407,0,train
3408,3408,19,test
3409,3409,6,train
3410,3410,13,train
3411,3411,9,train
3412,3412,7,train
3413,3413,14,validation
3414,3414,8,train
3415,3415,6,train
3416,3416,2,train
3417,3417,3,train
3418,3418,15,validation
3419,3419,14,validation
3420,3420,18,test
3421,3421,18,test
3422,3422,10,train
3423,3423,15,validation
3424,3424,4,train
3425,3425,7,train
3426,3426,7,train
3427,3427,17,test
3428,3428,16,validation
3429,3429,4,train
3430,3430,10,train
3431,3431,6,train
3432,3432,6,train
3433,3433,6,train
3434,3434,4,train
3435,3435,5,train
3436,3436,1,train
3437,3437,18,test
3438,3438,17,test
3439,3439,6,train
3440,3440,4,train
3441,3441,13,train
3442,3442,0,train
3443,3443,3,train
3444,3444,16,validation
3445,3445,2,train
3446,3446,16,validation
3447,3447,14,validation
3448,3448,3,train
3449,3449,0,train
3450,3450,11,train
3451,3451,18,test
3452,3452,5,train
3453,3453,17,test
3454,3454,11,train
3455,3455,2,train
3456,3456,7,train
3457,3457,18,test
3458,3458,0,train
3459,3459,11,train
3460,3460,3,train
3461,3461,7,train
3462,3462,1,train
3463,3463,1,train
3464,3464,14,validation
3465,3465,8,train
3466,3466,10,train
3467,3467,14,validation
3468,3468,4,train
3469,3469,15,validation
3470,3470,10,train
3471,3471,15,validation
3472,3472,17,test
3473,3473,6,train
3474,3474,18,test
3475,3475,16,validation
3476,3476,6,train
3477,3477,7,train
3478,3478,6,train
3479,3479,15,validation
3480,3480,15,validation
3481,3481,19,test
3482,3482,16,validation
3483,3483,11,train
3484,3484,18,test
3485,3485,6,train
3486,3486,18,test
3487,3487,1,train
3488,3488,0,train
3489,3489,13,train
3490,3490,5,train
3491,3491,10,train
3492,3492,11,train
3493,3493,16,validation
3494,3494,2,train
3495,3495,17,test
3496,3496,17,test
3497,3497,17,test
3498,3498,4,train
3499,3499,2,train
3500,3500,11,train
3501,3501,1,train
3502,3502,17,test
3503,3503,0,train
3504,3504,18,test
3505,3505,17,test
3506,3506,19,test
3507,3507,11,train
3508,3508,4,train
3509,3509,10,train
3510,3510,13,train
3511,3511,18,test
3512,3512,4,train
3513,3513,4,train
3514,3514,10,train
3515,3515,0,train
3516,3516,8,train
3517,3517,10,train
3518,3518,4,train
3519,3519,15,validation
3520,3520,7,train
3521,3521,13,train
3522,3522,19,test
3523,3523,14,validation
3524,3524,6,train
3525,3525,9,train
3526,3526,13,train
3527,3527,7,train
3528,3528,18,test
3529,3529,7,train
3530,3530,4,train
3531,3531,1,train
3532,3532,13,train
3533,3533,17,test
3534,3534,3,train
3535,3535,13,train
3536,3536,9,train
3537,3537,15,validation
3538,3538,0,train
3539,3539,14,validation
3540,3540,7,train
3541,3541,17,test
3542,3542,7,train
3543,3543,9,train
3544,3544,19,test
3545,3545,15,validation
3546,3546,13,train
3547,3547,3,train
3548,3548,6,train
3549,3549,13,train
3550,3550,16,validation
3551,3551,8,train
3552,3552,5,train
3553,3553,14,validation
3554,3554,8,train
3555,3555,10,train
3556,3556,14,validation
3557,3557,17,test
3558,3558,11,train
3559,3559,3,train
3560,3560,15,validation
3561,3561,15,validation
3562,3562,12,train
3563,3563,7,train
3564,3564,8,train
3565,3565,2,train
3566,3566,19,test
3567,3567,0,train
3568,3568,17,test
3569,3569,14,validation
3570,3570,1,train
3571,3571,11,train
3572,3572,12,train
3573,3573,11,train
3574,3574,13,train
3575,3575,10,train
3576,3576,3,train
3577,3577,19,test
3578,3578,9,train
3579,3579,5,train
3580,3580,3,train
3581,3581,12,train
3582,3582,0,train
3583,3583,19,test
3584,3584,14,validation
3585,3585,6,train
3586,3586,4,train
3587,3587,2,train
3588,3588,7,train
3589,3589,11,train
3590,3590,4,train
3591,3591,8,train
3592,3592,18,test
3593,3593,13,train
3594,3594,7,train
3595,3595,8,train
3596,3596,1,train
3597,3597,4,train
3598,3598,5,train
3599,3599,17,test
3600,3600,9,train
3601,3601,18,test
3602,3602,12,train
3603,3603,8,train
3604,3604,9,train
3605,3605,11,train
3606,3606,4,train
3607,3607,1,train
3608,3608,5,train
3609,3609,9,train
3610,3610,11,train
3611,3611,4,train
3612,3612,11,train
3613,3613,5,train
3614,3614,1,train
3615,3615,12,train
3616,3616,3,train
3617,3617,19,test
3618,3618,1,train
3619,3619,6,train
3620,3620,3,train
3621,3621,14,validation
3622,3622,1,train
3623,3623,12,train
3624,3624,0,train
3625,3625,8,train
3626,3626,18,test
3627,3627,17,test
3628,3628,18,test
3629,3629,6,train
3630,3630,5,train
3631,3631,9,train
3632,3632,7,train
3633,3633,13,train
3634,3634,12,train
3635,3635,11,train
3636,3636,17,test
3637,3637,14,validation
3638,3638,5,train
3639,3639,6,train
3640,3640,11,train
3641,3641,1,train
3642,3642,1,train
3643,3643,3,train
3644,3644,6,train
3645,3645,16,validation
3646,3646,18,test
3647,3647,10,train
3648,3648,16,validation
3649,3649,2,train
3650,3650,15,validation
3651,3651,7,train
3652,3652,2,train
3653,3653,2,train
3654,3654,19,test
3655,3655,4,train
3656,3656,0,train
3657,3657,11,train
3658,3658,4,train
3659,3659,9,train
3660,3660,19,test
3661,3661,2,train
3662,3662,11,train
3663,3663,8,train
3664,3664,9,train
3665,3665,11,train
3666,3666,18,test
3667,3667,11,train
3668,3668,5,train
3669,3669,6,train
3670,3670,0,train
3671,3671,5,train
3672,3672,7,train
3673,3673,11,train
3674,3674,14,validation
3675,3675,10,train
3676,3676,11,train
3677,3677,5,train
3678,3678,16,validation
3679,3679,10,train
3680,3680,17,test
3681,3681,11,train
3682,3682,14,validation
3683,3683,0,train
3684,3684,2,train
3685,3685,8,train
3686,3686,11,train
3687,3687,16,validation
3688,3688,16,validation
3689,3689,8,train
3690,3690,7,train
3691,3691,1,train
3692,3692,3,train
3693,3693,14,validation
3694,3694,1,train
3695,3695,3,train
3696,3696,9,train
3697,3697,15,validation
3698,3698,7,train
3699,3699,3,train
3700,3700,9,train
3701,3701,9,train
3702,3702,9,train
3703,3703,9,train
3704,3704,3,train
3705,3705,18,test
3706,3706,13,train
3707,3707,9,train
3708,3708,6,train
3709,3709,3,train
3710,3710,11,train
3711,3711,9,train
3712,3712,14,validation
3713,3713,11,train
3714,3714,10,train
3715,3715,18,test
3716,3716,6,train
3717,3717,7,train
3718,3718,0,train
3719,3719,14,validation
3720,3720,3,train
3721,3721,5,train
3722,3722,17,test
3723,3723,4,train
3724,3724,18,test
3725,3725,16,validation
3726,3726,1,train
3727,3727,13,train
3728,3728,7,train
3729,3729,9,train
3730,3730,11,train
3731,3731,0,train
3732,3732,4,train
3733,3733,19,test
3734,3734,15,validation
3735,3735,13,train
3736,3736,16,validation
3737,3737,8,train
3738,3738,8,train
3739,3739,19,test
3740,3740,8,train
3741,3741,4,train
3742,3742,16,validation
3743,3743,6,train
3744,3744,7,train
3745,3745,5,train
3746,3746,12,train
3747,3747,9,train
3748,3748,13,train
3749,3749,8,train
3750,3750,4,train
3751,3751,16,validation
3752,3752,12,train
3753,3753,17,test
3754,3754,18,test
3755,3755,1,train
3756,3756,6,train
3757,3757,14,validation
3758,3758,17,test
3759,3759,7,train
3760,3760,6,train
3761,3761,3,train
3762,3762,5,train
3763,3763,18,test
3764,3764,11,train
3765,3765,16,validation
3766,3766,15,validation
3767,3767,11,train
3768,3768,15,validation
3769,3769,13,train
3770,3770,3,train
3771,3771,0,train
3772,3772,15,validation
3773,3773,16,validation
3774,3774,5,train
3775,3775,6,train
3776,3776,16,validation
3777,3777,5,train
3778,3778,18,test
3779,3779,11,train
3780,3780,17,test
3781,3781,2,train
3782,3782,17,test
3783,3783,5,train
3784,3784,16,validation
3785,3785,3,train
3786,3786,7,train
3787,3787,12,train
3788,3788,10,train
3789,3789,1,train
3790,3790,9,train
3791,3791,19,test
3792,3792,16,validation
3793,3793,15,validation
3794,3794,10,train
3795,3795,3,train
3796,3796,9,train
3797,3797,15,validation
3798,3798,18,test
3799,3799,6,train
3800,3800,1,train
3801,3801,1,train
3802,3802,3,train
3803,3803,2,train
3804,3804,1,train
3805,3805,9,train
3806,3806,10,train
3807,3807,10,train
3808,3808,17,test
3809,3809,12,train
3810,3810,13,train
3811,3811,5,train
3812,3812,11,train
3813,3813,12,train
3814,3814,10,train
3815,3815,4,train
3816,3816,2,train
3817,3817,14,validation
3818,3818,7,train
3819,3819,16,validation
3820,3820,4,train
3821,3821,17,test
3822,3822,1,train
3823,3823,3,train
3824,3824,15,validation
3825,3825,10,train
3826,3826,10,train
3827,3827,3,train
3828,3828,5,train
3829,3829,17,test
3830,3830,10,train
3831,3831,15,validation
3832,3832,13,train
3833,3833,7,train
3834,3834,10,train
3835,3835,13,train
3836,3836,2,train
3837,3837,14,validation
3838,3838,7,train
3839,3839,12,train
3840,3840,7,train
3841,3841,15,validation
3842,3842,14,validation
3843,3843,16,validation
3844,3844,2,train
3845,3845,10,train
3846,3846,14,validation
3847,3847,14,validation
3848,3848,0,train
3849,3849,13,train
3850,3850,5,train
3851,3851,18,test
3852,3852,4,train
3853,3853,11,train
3854,3854,17,test
3855,3855,9,train
3856,3856,11,train
3857,3857,6,train
3858,3858,9,train
3859,3859,14,validation
3860,3860,5,train
3861,3861,5,train
3862,3862,8,train
3863,3863,4,train
3864,3864,7,train
3865,3865,17,test
3866,3866,10,train
3867,3867,10,train
3868,3868,5,train
3869,3869,3,train
3870,3870,12,train
3871,3871,16,validation
3872,3872,5,train
3873,3873,4,train
3874,3874,6,train
3875,3875,15,validation
3876,3876,14,validation
3877,3877,15,validation
3878,3878,2,train
3879,3879,6,train
3880,3880,15,validation
3881,3881,7,train
3882,3882,5,train
3883,3883,11,train
3884,3884,10,train
3885,3885,15,validation
3886,3886,2,train
3887,3887,16,validation
3888,3888,11,train
3889,3889,13,train
3890,3890,4,train
3891,3891,5,train
3892,3892,16,validation
3893,3893,8,train
3894,3894,12,train
3895,3895,5,train
3896,3896,17,test
3897,3897,0,train
3898,3898,15,validation
3899,3899,8,train
3900,3900,14,validation
3901,3901,9,train
3902,3902,14,validation
3903,3903,0,train
3904,3904,13,train
3905,3905,12,train
3906,3906,7,train
3907,3907,16,validation
3908,3908,12,train
3909,3909,11,train
3910,3910,11,train
3911,3911,18,test
3912,3912,10,train
3913,3913,3,train
3914,3914,11,train
3915,3915,11,train
3916,3916,0,train
3917,3917,8,train
3918,3918,7,train
3919,3919,1,train
3920,3920,10,train
3921,3921,5,train
3922,3922,8,train
3923,3923,10,train
3924,3924,19,test
3925,3925,10,train
3926,3926,1,train
3927,3927,4,train
3928,3928,4,train
3929,3929,19,test
3930,3930,5,train
3931,3931,1,train
3932,3932,8,train
3933,3933,6,train
3934,3934,7,train
3935,3935,6,train
3936,3936,0,train
3937,3937,11,train
3938,3938,13,train
3939,3939,5,train
3940,3940,0,train
3941,3941,12,train
3942,3942,17,test
3943,3943,4,train
3944,3944,18,test
3945,3945,8,train
3946,3946,17,test
3947,3947,15,validation
3948,3948,14,validation
3949,3949,8,train
3950,3950,11,train
3951,3951,14,validation
3952,3952,17,test
3953,3953,18,test
3954,3954,16,validation
3955,3955,9,train
3956,3956,18,test
3957,3957,12,train
3958,3958,2,train
3959,3959,0,train
3960,3960,12,train
3961,3961,13,train
3962,3962,0,train
3963,3963,6,train
3964,3964,17,test
3965,3965,5,train
3966,3966,7,train
3967,3967,16,validation
3968,3968,6,train
3969,3969,18,test
3970,3970,16,validation
3971,3971,4,train
3972,3972,17,test
3973,3973,10,train
3974,3974,18,test
3975,3975,8,train
3976,3976,11,train
3977,3977,4,train
3978,3978,5,train
3979,3979,1,train
3980,3980,17,test
3981,3981,3,train
3982,3982,18,test
3983,3983,16,validation
3984,3984,13,train
3985,3985,9,train
3986,3986,1,train
3987,3987,17,test
3988,3988,15,validation
3989,3989,14,validation
3990,3990,15,validation
3991,3991,0,train
3992,3992,15,validation
3993,3993,17,test
3994,3994,11,train
3995,3995,12,train
3996,3996,15,validation
3997,3997,11,train
3998,3998,11,train
3999,3999,10,train
4000,4000,6,train
4001,4001,12,train
4002,4002,6,train
4003,4003,17,test
4004,4004,15,validation
4005,4005,17,test
4006,4006,13,train
4007,4007,15,validation
4008,4008,3,train
4009,4009,17,test
4010,4010,10,train
4011,4011,10,train
4012,4012,2,train
4013,4013,1,train
4014,4014,2,train
4015,4015,1,train
4016,4016,1,train
4017,4017,19,test
4018,4018,13,train
4019,4019,10,train
4020,4020,8,train
4021,4021,2,train
4022,4022,13,train
4023,4023,8,train
4024,4024,8,train
4025,4025,16,validation
4026,4026,0,train
4027,4027,10,train
4028,4028,3,train
4029,4029,0,train
4030,4030,6,train
4031,4031,8,train
4032,4032,14,validation
4033,4033,1,train
4034,4034,18,test
4035,4035,13,train
4036,4036,7,train
4037,4037,10,train
4038,4038,14,validation
4039,4039,4,train
4040,4040,7,train
4041,4041,16,validation
4042,4042,17,test
4043,4043,0,train
4044,4044,12,train
4045,4045,12,train
4046,4046,4,train
4047,4047,11,train
4048,4048,0,train
4049,4049,1,train
4050,4050,13,train
4051,4051,8,train
4052,4052,9,train
4053,4053,16,validation
4054,4054,10,train
4055,4055,18,test
4056,4056,14,validation
4057,4057,8,train
4058,4058,13,train
4059,4059,10,train
4060,4060,2,train
4061,4061,0,train
4062,4062,6,train
4063,4063,9,train
4064,4064,9,train
4065,4065,3,train
4066,4066,6,train
4067,4067,15,validation
4068,4068,6,train
4069,4069,10,train
4070,4070,15,validation
4071,4071,19,test
4072,4072,0,train
4073,4073,18,test
4074,4074,8,train
4075,4075,4,train
4076,4076,19,test
4077,4077,9,train
4078,4078,19,test
4079,4079,2,train
4080,4080,16,validation
4081,4081,9,train
4082,4082,1,train
4083,4083,15,validation
4084,4084,17,test
4085,4085,18,test
4086,4086,13,train
4087,4087,4,train
4088,4088,3,train
4089,4089,12,train
4090,4090,3,train
4091,4091,8,train
4092,4092,3,train
4093,4093,5,train
4094,4094,2,train
4095,4095,2,train
4096,4096,5,train
4097,4097,9,train
4098,4098,0,train
4099,4099,12,train
4100,4100,7,train
4101,4101,19,test
4102,4102,1,train
4103,4103,2,train
4104,4104,8,train
4105,4105,0,train
4106,4106,5,train
4107,4107,16,validation
4108,4108,1,train
4109,4109,1,train
4110,4110,3,train
4111,4111,7,train
4112,4112,16,validation
4113,4113,9,train
4114,4114,19,test
4115,4115,17,test
4116,4116,18,test
4117,4117,16,validation
4118,4118,13,train
4119,4119,1,train
4120,4120,6,train
4121,4121,1,train
4122,4122,11,train
4123,4123,13,train
4124,4124,11,train
4125,4125,6,train
4126,4126,10,train
4127,4127,15,validation
4128,4128,12,train
4129,4129,1,train
4130,4130,4,train
4131,4131,0,train
4132,4132,11,train
4133,4133,13,train
4134,4134,16,validation
4135,4135,12,train
4136,4136,19,test
4137,4137,16,validation
4138,4138,5,train
4139,4139,7,train
4140,4140,8,train
4141,4141,8,train
4142,4142,8,train
4143,4143,14,validation
4144,4144,6,train
4145,4145,17,test
4146,4146,8,train
4147,4147,5,train
4148,4148,13,train
4149,4149,12,train
4150,4150,11,train
4151,4151,5,train
4152,4152,10,train
4153,4153,2,train
4154,4154,16,validation
4155,4155,17,test
4156,4156,8,train
4157,4157,9,train
4158,4158,1,train
4159,4159,2,train
4160,4160,13,train
4161,4161,19,test
4162,4162,5,train
4163,4163,5,train
4164,4164,4,train
4165,4165,5,train
4166,4166,1,train
4167,4167,14,validation
4168,4168,19,test
4169,4169,14,validation
4170,4170,4,train
4171,4171,18,test
4172,4172,19,test
4173,4173,5,train
4174,4174,2,train
4175,4175,4,train
4176,4176,0,train
4177,4177,13,train
4178,4178,5,train
4179,4179,18,test
4180,4180,8,train
4181,4181,10,train
4182,4182,11,train
4183,4183,17,test
4184,4184,2,train
4185,4185,19,test
4186,4186,12,train
4187,4187,11,train
4188,4188,10,train
4189,4189,2,train
4190,4190,16,validation
4191,4191,7,train
4192,4192,9,train
4193,4193,11,train
4194,4194,5,train
4195,4195,5,train
4196,4196,13,train
4197,4197,18,test
4198,4198,17,test
4199,4199,4,train
4200,4200,17,test
4201,4201,9,train
4202,4202,5,train
4203,4203,15,validation
4204,4204,18,test
4205,4205,15,validation
4206,4206,2,train
4207,4207,2,train
4208,4208,8,train
4209,4209,7,train
4210,4210,0,train
4211,4211,17,test
4212,4212,5,train
4213,4213,14,validation
4214,4214,7,train
4215,4215,17,test
4216,4216,6,train
4217,4217,1,train
4218,4218,9,train
4219,4219,12,train
4220,4220,12,train
4221,4221,18,test
4222,4222,11,train
4223,4223,12,train
4224,4224,13,train
4225,4225,3,train
4226,4226,2,train
4227,4227,2,train
4228,4228,2,train
4229,4229,19,test
4230,4230,13,train
4231,4231,17,test
4232,4232,2,train
4233,4233,16,validation
4234,4234,3,train
4235,4235,3,train
4236,4236,18,test
4237,4237,14,validation
4238,4238,11,train
4239,4239,9,train
4240,4240,10,train
4241,4241,4,train
4242,4242,2,train
4243,4243,2,train
4244,4244,13,train
4245,4245,16,validation
4246,4246,12,train
4247,4247,6,train
4248,4248,4,train
4249,4249,2,train
4250,4250,19,test
4251,4251,5,train
4252,4252,15,validation
4253,4253,2,train
4254,4254,2,train
4255,4255,15,validation
4256,4256,10,train
4257,4257,6,train
4258,4258,0,train
4259,4259,18,test
4260,4260,15,validation
4261,4261,10,train
4262,4262,3,train
4263,4263,9,train
4264,4264,18,test
4265,4265,1,train
4266,4266,17,test
4267,4267,17,test
4268,4268,15,validation
4269,4269,18,test
4270,4270,10,train
4271,4271,7,train
4272,4272,14,validation
4273,4273,6,train
4274,4274,1,train
4275,4275,17,test
4276,4276,11,train
4277,4277,11,train
4278,4278,9,train
4279,4279,19,test
4280,4280,18,test
4281,4281,7,train
4282,4282,9,train
4283,4283,12,train
4284,4284,4,train
4285,4285,7,train
4286,4286,17,test
4287,4287,14,validation
4288,4288,5,train
4289,4289,2,train
4290,4290,14,validation
4291,4291,18,test
4292,4292,15,validation
4293,4293,14,validation
4294,4294,8,train
4295,4295,13,train
4296,4296,9,train
4297,4297,8,train
4298,4298,7,train
4299,4299,14,validation
4300,4300,11,train
4301,4301,12,train
4302,4302,8,train
4303,4303,1,train
4304,4304,14,validation
4305,4305,13,train
4306,4306,0,train
4307,4307,19,test
4308,4308,18,test
4309,4309,11,train
4310,4310,17,test
4311,4311,6,train
4312,4312,19,test
4313,4313,14,validation
4314,4314,1,train
4315,4315,3,train
4316,4316,18,test
4317,4317,4,train
4318,4318,12,train
4319,4319,7,train
4320,4320,9,train
4321,4321,10,train
4322,4322,5,train
4323,4323,4,train
4324,4324,11,train
4325,4325,1,train
4326,4326,11,train
4327,4327,1,train
4328,4328,3,train
4329,4329,19,test
4330,4330,0,train
4331,4331,11,train
4332,4332,18,test
4333,4333,3,train
4334,4334,15,validation
4335,4335,8,train
4336,4336,17,test
4337,4337,4,train
4338,4338,1,train
4339,4339,0,train
4340,4340,19,test
4341,4341,3,train
4342,4342,10,train
4343,4343,10,train
4344,4344,8,train
4345,4345,0,train
4346,4346,7,train
4347,4347,18,test
4348,4348,1,train
4349,4349,11,train
4350,4350,4,train
4351,4351,19,test
4352,4352,1,train
4353,4353,16,validation
4354,4354,6,train
4355,4355,6,train
4356,4356,18,test
4357,4357,12,train
4358,4358,10,train
4359,4359,4,train
4360,4360,4,train
4361,4361,1,train
4362,4362,17,test
4363,4363,17,test
4364,4364,16,validation
4365,4365,9,train
4366,4366,19,test
4367,4367,8,train
4368,4368,11,train
4369,4369,7,train
4370,4370,19,test
4371,4371,16,validation
4372,4372,13,train
4373,4373,16,validation
4374,4374,18,test
4375,4375,6,train
4376,4376,2,train
4377,4377,8,train
4378,4378,14,validation
4379,4379,13,train
4380,4380,1,train
4381,4381,0,train
4382,4382,13,train
4383,4383,6,train
4384,4384,3,train
4385,4385,13,train
4386,4386,11,train
4387,4387,7,train
4388,4388,7,train
4389,4389,10,train
4390,4390,17,test
4391,4391,11,train
4392,4392,12,train
4393,4393,19,test
4394,4394,19,test
4395,4395,3,train
4396,4396,10,train
4397,4397,2,train
4398,4398,5,train
4399,4399,4,train
4400,4400,17,test
4401,4401,0,train
4402,4402,8,train
4403,4403,14,validation
4404,4404,9,train
4405,4405,0,train
4406,4406,13,train
4407,4407,15,validation
4408,4408,16,validation
4409,4409,10,train
4410,4410,1,train
4411,4411,0,train
4412,4412,17,test
4413,4413,16,validation
4414,4414,3,train
4415,4415,19,test
4416,4416,5,train
4417,4417,7,train
4418,4418,6,train
4419,4419,19,test
4420,4420,4,train
4421,4421,11,train
4422,4422,10,train
4423,4423,19,test
4424,4424,4,train
4425,4425,2,train
4426,4426,7,train
4427,4427,4,train
4428,4428,16,validation
4429,4429,16,validation
4430,4430,16,validation
4431,4431,10,train
4432,4432,16,validation
4433,4433,8,train
4434,4434,9,train
4435,4435,15,validation
4436,4436,6,train
4437,4437,19,test
4438,4438,2,train
4439,4439,17,test
4440,4440,17,test
4441,4441,0,train
4442,4442,6,train
4443,4443,10,train
4444,4444,10,train
4445,4445,3,train
4446,4446,5,train
4447,4447,16,validation
4448,4448,7,train
4449,4449,15,validation
4450,4450,1,train
4451,4451,12,train
4452,4452,12,train
4453,4453,13,train
4454,4454,19,test
4455,4455,11,train
4456,4456,19,test
4457,4457,14,validation
4458,4458,14,validation
4459,4459,10,train
4460,4460,6,train
4461,4461,14,validation
4462,4462,12,train
4463,4463,11,train
4464,4464,10,train
4465,4465,10,train
4466,4466,5,train
4467,4467,7,train
4468,4468,8,train
4469,4469,0,train
4470,4470,5,train
4471,4471,19,test
4472,4472,4,train
4473,4473,16,validation
4474,4474,18,test
4475,4475,3,train
4476,4476,12,train
4477,4477,17,test
4478,4478,17,test
4479,4479,17,test
4480,4480,17,test
4481,4481,12,train
4482,4482,8,train
4483,4483,1,train
4484,4484,0,train
4485,4485,16,validation
4486,4486,17,test
4487,4487,8,train
4488,4488,5,train
4489,4489,19,test
4490,4490,9,train
4491,4491,19,test
4492,4492,9,train
4493,4493,7,train
4494,4494,1,train
4495,4495,0,train
4496,4496,8,train
4497,4497,5,train
4498,4498,11,train
4499,4499,9,train
4500,4500,12,train
4501,4501,14,validation
4502,4502,16,validation
4503,4503,4,train
4504,4504,5,train
4505,4505,19,test
4506,4506,13,train
4507,4507,18,test
4508,4508,5,train
4509,4509,15,validation
4510,4510,7,train
4511,4511,13,train
4512,4512,19,test
4513,4513,3,train
4514,4514,6,train
4515,4515,2,train
4516,4516,11,train
4517,4517,12,train
4518,4518,4,train
4519,4519,16,validation
4520,4520,9,train
4521,4521,14,validation
4522,4522,10,train
4523,4523,5,train
4524,4524,15,validation
4525,4525,4,train
4526,4526,11,train
4527,4527,11,train
4528,4528,16,validation
4529,4529,4,train
4530,4530,6,train
4531,4531,8,train
4532,4532,1,train
4533,4533,9,train
4534,4534,17,test
4535,4535,17,test
4536,4536,9,train
4537,4537,8,train
4538,4538,14,validation
4539,4539,13,train
4540,4540,5,train
4541,4541,6,train
4542,4542,18,test
4543,4543,0,train
4544,4544,3,train
4545,4545,8,train
4546,4546,19,test
4547,4547,18,test
4548,4548,17,test
4549,4549,11,train
4550,4550,10,train
4551,4551,9,train
4552,4552,12,train
4553,4553,18,test
4554,4554,5,train
4555,4555,5,train
4556,4556,19,test
4557,4557,8,train
4558,4558,12,train
4559,4559,14,validation
4560,4560,17,test
4561,4561,15,validation
4562,4562,13,train
4563,4563,1,train
4564,4564,10,train
4565,4565,3,train
4566,4566,6,train
4567,4567,11,train
4568,4568,17,test
4569,4569,13,train
4570,4570,11,train
4571,4571,16,validation
4572,4572,9,train
4573,4573,3,train
4574,4574,7,train
4575,4575,16,validation
4576,4576,14,validation
4577,4577,11,train
4578,4578,4,train
4579,4579,4,train
4580,4580,6,train
4581,4581,8,train
4582,4582,15,validation
4583,4583,9,train
4584,4584,5,train
4585,4585,14,validation
4586,4586,6,train
4587,4587,8,train
4588,4588,1,train
4589,4589,19,test
4590,4590,16,validation
4591,4591,15,validation
4592,4592,2,train
4593,4593,0,train
4594,4594,1,train
4595,4595,7,train
4596,4596,9,train
4597,4597,8,train
4598,4598,15,validation
4599,4599,17,test
4600,4600,16,validation
4601,4601,15,validation
4602,4602,7,train
4603,4603,7,train
4604,4604,17,test
4605,4605,1,train
4606,4606,0,train
4607,4607,15,validation
4608,4608,3,train
4609,4609,5,train
4610,4610,18,test
4611,4611,13,train
4612,4612,13,train
4613,4613,15,validation
4614,4614,2,train
4615,4615,17,test
4616,4616,4,train
4617,4617,10,train
4618,4618,8,train
4619,4619,2,train
4620,4620,9,train
4621,4621,7,train
4622,4622,8,train
4623,4623,7,train
4624,4624,9,train
4625,4625,11,train
4626,4626,15,validation
4627,4627,16,validation
4628,4628,12,train
4629,4629,2,train
4630,4630,6,train
4631,4631,4,train
4632,4632,6,train
4633,4633,11,train
4634,4634,9,train
4635,4635,9,train
4636,4636,7,train
4637,4637,16,validation
4638,4638,11,train
4639,4639,7,train
4640,4640,6,train
4641,4641,19,test
4642,4642,11,train
4643,4643,13,train
4644,4644,4,train
4645,4645,3,train
4646,4646,12,train
4647,4647,12,train
4648,4648,16,validation
4649,4649,16,validation
4650,4650,15,validation
4651,4651,10,train
4652,4652,5,train
4653,4653,13,train
4654,4654,18,test
4655,4655,17,test
4656,4656,7,train
4657,4657,8,train
4658,4658,1,train
4659,4659,12,train
4660,4660,19,test
4661,4661,10,train
4662,4662,11,train
4663,4663,18,test
4664,4664,3,train
4665,4665,2,train
4666,4666,9,train
4667,4667,18,test
4668,4668,14,validation
4669,4669,3,train
4670,4670,15,validation
4671,4671,13,train
4672,4672,14,validation
4673,4673,5,train
4674,4674,6,train
4675,4675,8,train
4676,4676,2,train
4677,4677,2,train
4678,4678,15,validation
4679,4679,16,validation
4680,4680,9,train
4681,4681,4,train
4682,4682,5,train
4683,4683,6,train
4684,4684,2,train
4685,4685,19,test
4686,4686,7,train
4687,4687,10,train
4688,4688,6,train
4689,4689,18,test
4690,4690,16,validation
4691,4691,12,train
4692,4692,16,validation
4693,4693,5,train
4694,4694,8,train
4695,4695,5,train
4696,4696,0,train
4697,4697,15,validation
4698,4698,17,test
4699,4699,4,train
4700,4700,1,train
4701,4701,4,train
4702,4702,9,train
4703,4703,0,train
4704,4704,12,train
4705,4705,10,train
4706,4706,9,train
4707,4707,16,validation
4708,4708,11,train
4709,4709,13,train
4710,4710,1,train
4711,4711,3,train
4712,4712,5,train
4713,4713,4,train
4714,4714,17,test
4715,4715,1,train
4716,4716,8,train
4717,4717,2,train
4718,4718,3,train
4719,4719,18,test
4720,4720,15,validation
4721,4721,18,test
4722,4722,5,train
4723,4723,12,train
4724,4724,14,validation
4725,4725,5,train
4726,4726,14,validation
4727,4727,0,train
4728,4728,6,train
4729,4729,16,validation
4730,4730,4,train
4731,4731,2,train
4732,4732,0,train
4733,4733,2,train
4734,4734,13,train
4735,4735,10,train
4736,4736,13,train
4737,4737,18,test
4738,4738,15,validation
4739,4739,12,train
4740,4740,14,validation
4741,4741,19,test
4742,4742,14,validation
4743,4743,5,train
4744,4744,0,train
4745,4745,9,train
4746,4746,10,train
4747,4747,13,train
4748,4748,17,test
4749,4749,3,train
4750,4750,0,train
4751,4751,3,train
4752,4752,7,train
4753,4753,16,validation
4754,4754,8,train
4755,4755,18,test
4756,4756,19,test
4757,4757,4,train
4758,4758,18,test
4759,4759,19,test
4760,4760,6,train
4761,4761,0,train
4762,4762,5,train
4763,4763,17,test
4764,4764,19,test
4765,4765,19,test
4766,4766,2,train
4767,4767,10,train
4768,4768,12,train
4769,4769,7,train
4770,4770,9,train
4771,4771,19,test
4772,4772,4,train
4773,4773,19,test
4774,4774,19,test
4775,4775,3,train
4776,4776,10,train
4777,4777,6,train
4778,4778,10,train
4779,4779,15,validation
4780,4780,9,train
4781,4781,17,test
4782,4782,12,train
4783,4783,4,train
4784,4784,1,train
4785,4785,0,train
4786,4786,1,train
4787,4787,16,validation
4788,4788,11,train
4789,4789,1,train
4790,4790,6,train
4791,4791,10,train
4792,4792,18,test
4793,4793,10,train
4794,4794,1,train
4795,4795,19,test
4796,4796,13,train
4797,4797,18,test
4798,4798,9,train
4799,4799,16,validation
4800,4800,19,test
4801,4801,2,train
4802,4802,4,train
4803,4803,7,train
4804,4804,7,train
4805,4805,3,train
4806,4806,19,test
4807,4807,14,validation
4808,4808,9,train
4809,4809,0,train
4810,4810,12,train
4811,4811,0,train
4812,4812,8,train
4813,4813,0,train
4814,4814,10,train
4815,4815,8,train
4816,4816,2,train
4817,4817,6,train
4818,4818,8,train
4819,4819,2,train
4820,4820,16,validation
4821,4821,6,train
4822,4822,6,train
4823,4823,3,train
4824,4824,19,test
4825,4825,19,test
4826,4826,15,validation
4827,4827,16,validation
4828,4828,14,validation
4829,4829,5,train
4830,4830,3,train
4831,4831,16,validation
4832,4832,14,validation
4833,4833,4,train
4834,4834,3,train
4835,4835,0,train
4836,4836,4,train
4837,4837,9,train
4838,4838,10,train
4839,4839,2,train
4840,4840,14,validation
4841,4841,16,validation
4842,4842,13,train
4843,4843,12,train
4844,4844,0,train
4845,4845,11,train
4846,4846,3,train
4847,4847,12,train
4848,4848,8,train
4849,4849,18,test
4850,4850,1,train
4851,4851,19,test
4852,4852,7,train
4853,4853,14,validation
4854,4854,11,train
4855,4855,16,validation
4856,4856,6,train
4857,4857,14,validation
4858,4858,12,train
4859,4859,7,train
4860,4860,9,train
4861,4861,11,train
4862,4862,13,train
4863,4863,2,train
4864,4864,19,test
4865,4865,17,test
4866,4866,14,validation
4867,4867,6,train
4868,4868,9,train
4869,4869,9,train
4870,4870,17,test
4871,4871,11,train
4872,4872,18,test
4873,4873,4,train
4874,4874,7,train
4875,4875,15,validation
4876,4876,6,train
4877,4877,1,train
4878,4878,4,train
4879,4879,7,train
4880,4880,18,test
4881,4881,16,validation
4882,4882,19,test
4883,4883,7,train
4884,4884,18,test
4885,4885,17,test
4886,4886,10,train
4887,4887,18,test
4888,4888,0,train
4889,4889,8,train
4890,4890,2,train
4891,4891,0,train
4892,4892,9,train
4893,4893,16,validation
4894,4894,15,validation
4895,4895,1,train
4896,4896,9,train
4897,4897,19,test
4898,4898,7,train
4899,4899,12,train
4900,4900,17,test
4901,4901,17,test
4902,4902,9,train
4903,4903,12,train
4904,4904,7,train
4905,4905,12,train
4906,4906,17,test
4907,4907,0,train
4908,4908,5,train
4909,4909,5,train
4910,4910,12,train
4911,4911,1,train
4912,4912,9,train
4913,4913,16,validation
4914,4914,15,validation
4915,4915,12,train
4916,4916,13,train
4917,4917,18,test
4918,4918,6,train
4919,4919,3,train
4920,4920,4,train
4921,4921,0,train
4922,4922,6,train
4923,4923,11,train
4924,4924,10,train
4925,4925,15,validation
4926,4926,15,validation
4927,4927,9,train
4928,4928,18,test
4929,4929,6,train
4930,4930,10,train
4931,4931,13,train
4932,4932,17,test
4933,4933,9,train
4934,4934,6,train
4935,4935,14,validation
4936,4936,0,train
4937,4937,3,train
4938,4938,7,train
4939,4939,16,validation
4940,4940,15,validation
4941,4941,13,train
4942,4942,8,train
4943,4943,17,test
4944,4944,2,train
4945,4945,8,train
4946,4946,16,validation
4947,4947,7,train
4948,4948,9,train
4949,4949,11,train
4950,4950,14,validation
4951,4951,15,validation
4952,4952,11,train
4953,4953,0,train
4954,4954,12,train
4955,4955,4,train
4956,4956,8,train
4957,4957,18,test
4958,4958,3,train
4959,4959,0,train
4960,4960,0,train
4961,4961,10,train
4962,4962,5,train
4963,4963,9,train
4964,4964,13,train
4965,4965,3,train
4966,4966,13,train
4967,4967,11,train
4968,4968,17,test
4969,4969,2,train
4970,4970,5,train
4971,4971,8,train
4972,4972,10,train
4973,4973,10,train
4974,4974,10,train
4975,4975,16,validation
4976,4976,12,train
4977,4977,14,validation
4978,4978,2,train
4979,4979,6,train
4980,4980,14,validation
4981,4981,13,train
4982,4982,19,test
4983,4983,7,train
4984,4984,13,train
4985,4985,0,train
4986,4986,9,train
4987,4987,9,train
4988,4988,8,train
4989,4989,1,train
4990,4990,9,train
4991,4991,12,train
4992,4992,6,train
4993,4993,9,train
4994,4994,10,train
4995,4995,2,train
4996,4996,19,test
4997,4997,8,train
4998,4998,11,train
4999,4999,3,train
5000,5000,6,train
5001,5001,3,train
5002,5002,18,test
5003,5003,8,train
5004,5004,9,train
5005,5005,3,train
5006,5006,14,validation
5007,5007,10,train
5008,5008,15,validation
5009,5009,2,train
5010,5010,14,validation
5011,5011,19,test
5012,5012,19,test
5013,5013,15,validation
5014,5014,4,train
5015,5015,15,validation
5016,5016,7,train
5017,5017,11,train
5018,5018,19,test
5019,5019,3,train
5020,5020,3,train
5021,5021,14,validation
5022,5022,7,train
5023,5023,19,test
5024,5024,19,test
5025,5025,5,train
5026,5026,1,train
5027,5027,3,train
5028,5028,6,train
5029,5029,2,train
5030,5030,16,validation
5031,5031,3,train
5032,5032,9,train
5033,5033,4,train
5034,5034,11,train
5035,5035,1,train
5036,5036,2,train
5037,5037,3,train
5038,5038,1,train
5039,5039,17,test
5040,5040,3,train
5041,5041,2,train
5042,5042,16,validation
5043,5043,11,train
5044,5044,15,validation
5045,5045,19,test
5046,5046,18,test
5047,5047,9,train
5048,5048,4,train
5049,5049,7,train
5050,5050,3,train
5051,5051,12,train
5052,5052,18,test
5053,5053,8,train
5054,5054,9,train
5055,5055,7,train
5056,5056,1,train
5057,5057,6,train
5058,5058,17,test
5059,5059,4,train
5060,5060,6,train
5061,5061,13,train
5062,5062,4,train
5063,5063,19,test
5064,5064,8,train
5065,5065,6,train
5066,5066,17,test
5067,5067,17,test
5068,5068,19,test
5069,5069,19,test
5070,5070,5,train
5071,5071,15,validation
5072,5072,8,train
5073,5073,15,validation
5074,5074,11,train
5075,5075,12,train
5076,5076,19,test
5077,5077,11,train
5078,5078,17,test
5079,5079,3,train
5080,5080,1,train
5081,5081,5,train
5082,5082,5,train
5083,5083,12,train
5084,5084,2,train
5085,5085,17,test
5086,5086,10,train
5087,5087,9,train
5088,5088,0,train
5089,5089,7,train
5090,5090,19,test
5091,5091,11,train
5092,5092,1,train
5093,5093,18,test
5094,5094,3,train
5095,5095,16,validation
5096,5096,2,train
5097,5097,17,test
5098,5098,7,train
5099,5099,3,train
5100,5100,16,validation
5101,5101,0,train
5102,5102,0,train
5103,5103,16,validation
5104,5104,14,validation
5105,5105,16,validation
5106,5106,10,train
5107,5107,5,train
5108,5108,4,train
5109,5109,3,train
5110,5110,1,train
5111,5111,13,train
5112,5112,17,test
5113,5113,2,train
5114,5114,6,train
5115,5115,4,train
5116,5116,8,train
5117,5117,18,test
5118,5118,12,train
5119,5119,18,test
5120,5120,4,train
5121,5121,3,train
5122,5122,6,train
5123,5123,7,train
5124,5124,12,train
5125,5125,15,validation
5126,5126,10,train
5127,5127,8,train
5128,5128,3,train
5129,5129,8,train
5130,5130,1,train
5131,5131,12,train
5132,5132,9,train
5133,5133,19,test
5134,5134,1,train
5135,5135,13,train
5136,5136,16,validation
5137,5137,12,train
5138,5138,13,train
5139,5139,10,train
5140,5140,16,validation
5141,5141,6,train
5142,5142,14,validation
5143,5143,1,train
5144,5144,17,test
5145,5145,2,train
5146,5146,3,train
5147,5147,15,validation
5148,5148,16,validation
5149,5149,4,train
5150,5150,17,test
5151,5151,2,train
5152,5152,8,train
5153,5153,0,train
5154,5154,15,validation
5155,5155,4,train
5156,5156,14,validation
5157,5157,13,train
5158,5158,5,train
5159,5159,6,train
5160,5160,7,train
5161,5161,10,train
5162,5162,2,train
5163,5163,11,train
5164,5164,15,validation
5165,5165,9,train
5166,5166,9,train
5167,5167,14,validation
5168,5168,12,train
5169,5169,4,train
5170,5170,5,train
5171,5171,18,test
5172,5172,7,train
5173,5173,5,train
5174,5174,6,train
5175,5175,16,validation
5176,5176,19,test
5177,5177,3,train
5178,5178,16,validation
5179,5179,13,train
5180,5180,10,train
5181,5181,0,train
5182,5182,14,validation
5183,5183,9,train
5184,5184,15,validation
5185,5185,1,train
5186,5186,2,train
5187,5187,15,validation
5188,5188,1,train
5189,5189,17,test
5190,5190,6,train
5191,5191,4,train
5192,5192,13,train
5193,5193,5,train
5194,5194,10,train
5195,5195,19,test
5196,5196,7,train
5197,5197,12,train
5198,5198,12,train
5199,5199,6,train
5200,5200,2,train
5201,5201,18,test
5202,5202,18,test
5203,5203,13,train
5204,5204,9,train
5205,5205,6,train
5206,5206,6,train
5207,5207,3,train
5208,5208,18,test
5209,5209,12,train
5210,5210,14,validation
5211,5211,6,train
5212,5212,8,train
5213,5213,12,train
5214,5214,3,train
5215,5215,7,train
5216,5216,6,train
5217,5217,18,test
5218,5218,11,train
5219,5219,13,train
5220,5220,17,test
5221,5221,11,train
5222,5222,4,train
5223,5223,7,train
5224,5224,18,test
5225,5225,14,validation
5226,5226,5,train
5227,5227,17,test
5228,5228,8,train
5229,5229,14,validation
5230,5230,2,train
5231,5231,10,train
5232,5232,15,validation
5233,5233,14,validation
5234,5234,17,test
5235,5235,5,train
5236,5236,7,train
5237,5237,0,train
5238,5238,16,validation
5239,5239,6,train
5240,5240,10,train
5241,5241,16,validation
5242,5242,6,train
5243,5243,8,train
5244,5244,11,train
5245,5245,4,train
5246,5246,9,train
5247,5247,11,train
5248,5248,0,train
5249,5249,2,train
5250,5250,13,train
5251,5251,12,train
5252,5252,5,train
5253,5253,5,train
5254,5254,8,train
5255,5255,17,test
5256,5256,19,test
5257,5257,12,train
5258,5258,10,train
5259,5259,12,train
5260,5260,18,test
5261,5261,14,validation
5262,5262,6,train
5263,5263,12,train
5264,5264,12,train
5265,5265,18,test
5266,5266,15,validation
5267,5267,18,test
5268,5268,11,train
5269,5269,1,train
5270,5270,2,train
5271,5271,19,test
5272,5272,2,train
5273,5273,15,validation
5274,5274,2,train
5275,5275,18,test
5276,5276,1,train
5277,5277,12,train
5278,5278,15,validation
5279,5279,2,train
5280,5280,4,train
5281,5281,11,train
5282,5282,1,train
5283,5283,19,test
5284,5284,13,train
5285,5285,18,test
5286,5286,12,train
5287,5287,8,train
5288,5288,18,test
5289,5289,2,train
5290,5290,11,train
5291,5291,8,train
5292,5292,12,train
5293,5293,4,train
5294,5294,14,validation
5295,5295,18,test
5296,5296,6,train
5297,5297,9,train
5298,5298,4,train
5299,5299,3,train
5300,5300,7,train
5301,5301,7,train
5302,5302,19,test
5303,5303,18,test
5304,5304,15,validation
5305,5305,19,test
5306,5306,4,train
5307,5307,12,train
5308,5308,18,test
5309,5309,18,test
5310,5310,13,train
5311,5311,18,test
5312,5312,5,train
5313,5313,7,train
5314,5314,17,test
5315,5315,10,train
5316,5316,8,train
5317,5317,7,train
5318,5318,12,train
5319,5319,11,train
5320,5320,18,test
5321,5321,5,train
5322,5322,6,train
5323,5323,13,train
5324,5324,6,train
5325,5325,2,train
5326,5326,3,train
5327,5327,5,train
5328,5328,18,test
5329,5329,16,validation
5330,5330,12,train
5331,5331,16,validation
5332,5332,17,test
5333,5333,12,train
5334,5334,7,train
5335,5335,15,validation
5336,5336,3,train
5337,5337,11,train
5338,5338,6,train
5339,5339,16,validation
5340,5340,17,test
5341,5341,6,train
5342,5342,4,train
5343,5343,14,validation
5344,5344,9,train
5345,5345,19,test
5346,5346,18,test
5347,5347,18,test
5348,5348,9,train
5349,5349,3,train
5350,5350,19,test
5351,5351,1,train
5352,5352,12,train
5353,5353,1,train
5354,5354,13,train
5355,5355,9,train
5356,5356,5,train
5357,5357,0,train
5358,5358,1,train
5359,5359,9,train
5360,5360,19,test
5361,5361,3,train
5362,5362,15,validation
5363,5363,14,validation
5364,5364,1,train
5365,5365,3,train
5366,5366,11,train
5367,5367,12,train
5368,5368,7,train
5369,5369,0,train
5370,5370,10,train
5371,5371,0,train
5372,5372,10,train
5373,5373,2,train
5374,5374,16,validation
5375,5375,11,train
5376,5376,9,train
5377,5377,7,train
5378,5378,3,train
5379,5379,2,train
5380,5380,0,train
5381,5381,10,train
5382,5382,9,train
5383,5383,17,test
5384,5384,13,train
5385,5385,2,train
5386,5386,10,train
5387,5387,10,train
5388,5388,6,train
5389,5389,10,train
5390,5390,18,test
5391,5391,15,validation
5392,5392,10,train
5393,5393,17,test
5394,5394,1,train
5395,5395,0,train
5396,5396,7,train
5397,5397,4,train
5398,5398,11,train
5399,5399,9,train
5400,5400,5,train
5401,5401,13,train
5402,5402,4,train
5403,5403,7,train
5404,5404,7,train
5405,5405,4,train
5406,5406,8,train
5407,5407,9,train
5408,5408,2,train
5409,5409,17,test
5410,5410,12,train
5411,5411,10,train
5412,5412,15,validation
5413,5413,11,train
5414,5414,5,train
5415,5415,0,train
5416,5416,13,train
5417,5417,14,validation
5418,5418,7,train
5419,5419,1,train
5420,5420,18,test
5421,5421,10,train
5422,5422,2,train
5423,5423,16,validation
5424,5424,5,train
5425,5425,14,validation
5426,5426,10,train
5427,5427,2,train
5428,5428,18,test
5429,5429,4,train
5430,5430,13,train
5431,5431,5,train
5432,5432,1,train
5433,5433,4,train
5434,5434,4,train
5435,5435,11,train
5436,5436,14,validation
5437,5437,17,test
5438,5438,18,test
5439,5439,2,train
5440,5440,6,train
5441,5441,17,test
5442,5442,13,train
5443,5443,17,test
5444,5444,16,validation
5445,5445,7,train
5446,5446,10,train
5447,5447,11,train
5448,5448,3,train
5449,5449,19,test
5450,5450,5,train
5451,5451,3,train
5452,5452,4,train
5453,5453,12,train
5454,5454,19,test
5455,5455,13,train
5456,5456,7,train
5457,5457,8,train
5458,5458,9,train
5459,5459,17,test
5460,5460,9,train
5461,5461,1,train
5462,5462,18,test
5463,5463,1,train
5464,5464,3,train
5465,5465,16,validation
5466,5466,1,train
5467,5467,12,train
5468,5468,12,train
5469,5469,17,test
5470,5470,4,train
5471,5471,0,train
5472,5472,1,train
5473,5473,8,train
5474,5474,5,train
5475,5475,3,train
5476,5476,13,train
5477,5477,9,train
5478,5478,3,train
5479,5479,12,train
5480,5480,2,train
5481,5481,0,train
5482,5482,19,test
5483,5483,3,train
5484,5484,16,validation
5485,5485,10,train
5486,5486,15,validation
5487,5487,12,train
5488,5488,8,train
5489,5489,4,train
5490,5490,5,train
5491,5491,9,train
5492,5492,18,test
5493,5493,0,train
5494,5494,0,train
5495,5495,7,train
5496,5496,14,validation
5497,5497,4,train
5498,5498,6,train
5499,5499,18,test
5500,5500,11,train
5501,5501,6,train
5502,5502,9,train
5503,5503,16,validation
5504,5504,7,train
5505,5505,1,train
5506,5506,11,train
5507,5507,0,train
5508,5508,12,train
5509,5509,5,train
5510,5510,8,train
5511,5511,16,validation
5512,5512,15,validation
5513,5513,6,train
5514,5514,14,validation
5515,5515,1,train
5516,5516,12,train
5517,5517,8,train
5518,5518,7,train
5519,5519,5,train
5520,5520,5,train
5521,5521,0,train
5522,5522,11,train
5523,5523,0,train
5524,5524,10,train
5525,5525,16,validation
5526,5526,8,train
5527,5527,12,train
5528,5528,19,test
5529,5529,7,train
5530,5530,18,test
5531,5531,16,validation
5532,5532,17,test
5533,5533,17,test
5534,5534,6,train
5535,5535,14,validation
5536,5536,19,test
5537,5537,18,test
5538,5538,7,train
5539,5539,10,train
5540,5540,2,train
5541,5541,7,train
5542,5542,6,train
5543,5543,7,train
5544,5544,19,test
5545,5545,9,train
5546,5546,0,train
5547,5547,15,validation
5548,5548,19,test
5549,5549,13,train
5550,5550,19,test
5551,5551,8,train
5552,5552,9,train
5553,5553,16,validation
5554,5554,13,train
5555,5555,7,train
5556,5556,0,train
5557,5557,6,train
5558,5558,14,validation
5559,5559,5,train
5560,5560,5,train
5561,5561,2,train
5562,5562,19,test
5563,5563,5,train
5564,5564,12,train
5565,5565,2,train
5566,5566,17,test
5567,5567,2,train
5568,5568,4,train
5569,5569,5,train
5570,5570,10,train
5571,5571,7,train
5572,5572,10,train
5573,5573,6,train
5574,5574,13,train
5575,5575,13,train
5576,5576,11,train
5577,5577,19,test
5578,5578,7,train
5579,5579,8,train
5580,5580,12,train
5581,5581,17,test
5582,5582,15,validation
5583,5583,6,train
5584,5584,19,test
5585,5585,15,validation
5586,5586,10,train
5587,5587,9,train
5588,5588,14,validation
5589,5589,14,validation
5590,5590,8,train
5591,5591,3,train
5592,5592,7,train
5593,5593,15,validation
5594,5594,11,train
5595,5595,0,train
5596,5596,8,train
5597,5597,2,train
5598,5598,2,train
5599,5599,9,train
5600,5600,17,test
5601,5601,13,train
5602,5602,2,train
5603,5603,1,train
5604,5604,19,test
5605,5605,1,train
5606,5606,19,test
5607,5607,16,validation
5608,5608,9,train
5609,5609,8,train
5610,5610,11,train
5611,5611,6,train
5612,5612,4,train
5613,5613,9,train
5614,5614,11,train
5615,5615,7,train
5616,5616,9,train
5617,5617,16,validation
5618,5618,12,train
5619,5619,9,train
5620,5620,13,train
5621,5621,16,validation
5622,5622,8,train
5623,5623,18,test
5624,5624,15,validation
5625,5625,4,train
5626,5626,16,validation
5627,5627,8,train
5628,5628,16,validation
5629,5629,6,train
5630,5630,16,validation
5631,5631,1,train
5632,5632,2,train
5633,5633,2,train
5634,5634,12,train
5635,5635,9,train
5636,5636,1,train
5637,5637,16,validation
5638,5638,3,train
5639,5639,7,train
5640,5640,6,train
5641,5641,7,train
5642,5642,14,validation
5643,5643,6,train
5644,5644,1,train
5645,5645,3,train
5646,5646,11,train
5647,5647,15,validation
5648,5648,6,train
5649,5649,8,train
5650,5650,8,train
5651,5651,0,train
5652,5652,4,train
5653,5653,9,train
5654,5654,14,validation
5655,5655,8,train
5656,5656,10,train
5657,5657,9,train
5658,5658,2,train
5659,5659,17,test
5660,5660,15,validation
5661,5661,17,test
5662,5662,16,validation
5663,5663,11,train
5664,5664,12,train
5665,5665,2,train
5666,5666,2,train
5667,5667,17,test
5668,5668,0,train
5669,5669,12,train
5670,5670,11,train
5671,5671,18,test
5672,5672,6,train
5673,5673,19,test
5674,5674,7,train
5675,5675,13,train
5676,5676,12,train
5677,5677,18,test
5678,5678,8,train
5679,5679,18,test
5680,5680,8,train
5681,5681,0,train
5682,5682,5,train
5683,5683,0,train
5684,5684,15,validation
5685,5685,0,train
5686,5686,18,test
5687,5687,7,train
5688,5688,13,train
5689,5689,7,train
5690,5690,13,train
5691,5691,13,train
5692,5692,10,train
5693,5693,13,train
5694,5694,15,validation
5695,5695,11,train
5696,5696,14,validation
5697,5697,7,train
5698,5698,6,train
5699,5699,11,train
5700,5700,19,test
5701,5701,8,train
5702,5702,12,train
5703,5703,10,train
5704,5704,1,train
5705,5705,2,train
5706,5706,6,train
5707,5707,9,train
5708,5708,18,test
5709,5709,0,train
5710,5710,16,validation
5711,5711,0,train
5712,5712,1,train
5713,5713,10,train
5714,5714,7,train
5715,5715,13,train
5716,5716,7,train
5717,5717,9,train
5718,5718,0,train
5719,5719,1,train
5720,5720,14,validation
5721,5721,14,validation
5722,5722,3,train
5723,5723,3,train
5724,5724,19,test
5725,5725,14,validation
5726,5726,13,train
5727,5727,6,train
5728,5728,6,train
5729,5729,8,train
5730,5730,2,train
5731,5731,2,train
5732,5732,15,validation
5733,5733,18,test
5734,5734,17,test
5735,5735,5,train
5736,5736,14,validation
5737,5737,10,train
5738,5738,5,train
5739,5739,3,train
5740,5740,5,train
5741,5741,16,validation
5742,5742,2,train
5743,5743,7,train
5744,5744,12,train
5745,5745,16,validation
5746,5746,1,train
5747,5747,18,test
5748,5748,3,train
5749,5749,12,train
5750,5750,6,train
5751,5751,11,train
5752,5752,9,train
5753,5753,8,train
5754,5754,0,train
5755,5755,17,test
5756,5756,8,train
5757,5757,7,train
5758,5758,10,train
5759,5759,17,test
5760,5760,17,test
5761,5761,5,train
5762,5762,13,train
5763,5763,15,validation
5764,5764,1,train
5765,5765,0,train
5766,5766,6,train
5767,5767,19,test
5768,5768,0,train
5769,5769,15,validation
5770,5770,8,train
5771,5771,18,test
5772,5772,12,train
5773,5773,17,test
5774,5774,2,train
5775,5775,11,train
5776,5776,3,train
5777,5777,17,test
5778,5778,14,validation
5779,5779,18,test
5780,5780,3,train
5781,5781,15,validation
5782,5782,0,train
5783,5783,4,train
5784,5784,3,train
5785,5785,10,train
5786,5786,16,validation
5787,5787,11,train
5788,5788,19,test
5789,5789,12,train
5790,5790,0,train
5791,5791,3,train
5792,5792,3,train
5793,5793,17,test
5794,5794,5,train
5795,5795,10,train
5796,5796,6,train
5797,5797,4,train
5798,5798,12,train
5799,5799,12,train
5800,5800,5,train
5801,5801,6,train
5802,5802,18,test
5803,5803,3,train
5804,5804,18,test
5805,5805,14,validation
5806,5806,19,test
5807,5807,12,train
5808,5808,9,train
5809,5809,10,train
5810,5810,11,train
5811,5811,1,train
5812,5812,7,train
5813,5813,12,train
5814,5814,18,test
5815,5815,17,test
5816,5816,6,train
5817,5817,17,test
5818,5818,15,validation
5819,5819,2,train
5820,5820,10,train
5821,5821,5,train
5822,5822,12,train
5823,5823,19,test
5824,5824,1,train
5825,5825,12,train
5826,5826,17,test
5827,5827,5,train
5828,5828,3,train
5829,5829,11,train
5830,5830,4,train
5831,5831,9,train
5832,5832,8,train
5833,5833,7,train
5834,5834,1,train
5835,5835,12,train
5836,5836,19,test
5837,5837,0,train
5838,5838,9,train
5839,5839,7,train
5840,5840,8,train
5841,5841,9,train
5842,5842,13,train
5843,5843,2,train
5844,5844,11,train
5845,5845,8,train
5846,5846,9,train
5847,5847,10,train
5848,5848,15,validation
5849,5849,6,train
5850,5850,5,train
5851,5851,4,train
5852,5852,8,train
5853,5853,2,train
5854,5854,4,train
5855,5855,15,validation
5856,5856,14,validation
5857,5857,3,train
5858,5858,15,validation
5859,5859,12,train
5860,5860,6,train
5861,5861,18,test
5862,5862,7,train
5863,5863,16,validation
5864,5864,11,train
5865,5865,17,test
5866,5866,8,train
5867,5867,10,train
5868,5868,18,test
5869,5869,10,train
5870,5870,4,train
5871,5871,12,train
5872,5872,0,train
5873,5873,18,test
5874,5874,13,train
5875,5875,5,train
5876,5876,13,train
5877,5877,17,test
5878,5878,13,train
5879,5879,17,test
5880,5880,8,train
5881,5881,19,test
5882,5882,17,test
5883,5883,9,train
5884,5884,8,train
5885,5885,10,train
5886,5886,16,validation
5887,5887,17,test
5888,5888,5,train
5889,5889,12,train
5890,5890,19,test
5891,5891,10,train
5892,5892,10,train
5893,5893,7,train
5894,5894,13,train
5895,5895,9,train
5896,5896,17,test
5897,5897,2,train
5898,5898,1,train
5899,5899,16,validation
5900,5900,6,train
5901,5901,8,train
5902,5902,6,train
5903,5903,3,train
5904,5904,3,train
5905,5905,0,train
5906,5906,18,test
5907,5907,10,train
5908,5908,5,train
5909,5909,6,train
5910,5910,18,test
5911,5911,12,train
5912,5912,6,train
5913,5913,6,train
5914,5914,11,train
5915,5915,12,train
5916,5916,17,test
5917,5917,17,test
5918,5918,0,train
5919,5919,6,train
5920,5920,3,train
5921,5921,7,train
5922,5922,3,train
5923,5923,4,train
5924,5924,6,train
5925,5925,12,train
5926,5926,9,train
5927,5927,15,validation
5928,5928,7,train
5929,5929,15,validation
5930,5930,11,train
5931,5931,1,train
5932,5932,5,train
5933,5933,3,train
5934,5934,2,train
5935,5935,11,train
5936,5936,3,train
5937,5937,9,train
5938,5938,10,train
5939,5939,7,train
5940,5940,7,train
5941,5941,12,train
5942,5942,6,train
5943,5943,12,train
5944,5944,13,train
5945,5945,14,validation
5946,5946,10,train
5947,5947,1,train
5948,5948,15,validation
5949,5949,10,train
5950,5950,13,train
5951,5951,14,validation
5952,5952,3,train
5953,5953,15,validation
5954,5954,0,train
5955,5955,13,train
5956,5956,16,validation
5957,5957,11,train
5958,5958,18,test
5959,5959,8,train
5960,5960,13,train
5961,5961,9,train
5962,5962,18,test
5963,5963,18,test
5964,5964,15,validation
5965,5965,9,train
5966,5966,11,train
5967,5967,9,train
5968,5968,6,train
5969,5969,9,train
5970,5970,6,train
5971,5971,13,train
5972,5972,1,train
5973,5973,1,train
5974,5974,14,validation
5975,5975,10,train
5976,5976,10,train
5977,5977,13,train
5978,5978,12,train
5979,5979,13,train
5980,5980,19,test
5981,5981,7,train
5982,5982,11,train
5983,5983,1,train
5984,5984,11,train
5985,5985,19,test
5986,5986,13,train
5987,5987,1,train
5988,5988,2,train
5989,5989,16,validation
5990,5990,15,validation
5991,5991,17,test
5992,5992,3,train
5993,5993,3,train
5994,5994,11,train
5995,5995,19,test
5996,5996,17,test
5997,5997,11,train
5998,5998,8,train
5999,5999,15,validation
6000,6000,5,train
6001,6001,7,train
6002,6002,15,validation
6003,6003,10,train
6004,6004,13,train
6005,6005,3,train
6006,6006,1,train
6007,6007,12,train
6008,6008,2,train
6009,6009,2,train
6010,6010,15,validation
6011,6011,8,train
6012,6012,10,train
6013,6013,16,validation
6014,6014,13,train
6015,6015,2,train
6016,6016,5,train
6017,6017,15,validation
6018,6018,0,train
6019,6019,1,train
6020,6020,10,train
6021,6021,3,train
6022,6022,9,train
6023,6023,19,test
6024,6024,0,train
6025,6025,11,train
6026,6026,15,validation
6027,6027,10,train
6028,6028,1,train
6029,6029,9,train
6030,6030,19,test
6031,6031,5,train
6032,6032,18,test
6033,6033,13,train
6034,6034,0,train
6035,6035,10,train
6036,6036,6,train
6037,6037,9,train
6038,6038,16,validation
6039,6039,1,train
6040,6040,11,train
6041,6041,18,test
6042,6042,1,train
6043,6043,12,train
6044,6044,17,test
6045,6045,8,train
6046,6046,9,train
6047,6047,12,train
6048,6048,19,test
6049,6049,13,train
6050,6050,2,train
6051,6051,3,train
6052,6052,18,test
6053,6053,0,train
6054,6054,0,train
6055,6055,12,train
6056,6056,19,test
6057,6057,9,train
6058,6058,18,test
6059,6059,0,train
6060,6060,3,train
6061,6061,7,train
6062,6062,3,train
6063,6063,0,train
6064,6064,6,train
6065,6065,10,train
6066,6066,16,validation
6067,6067,16,validation
6068,6068,10,train
6069,6069,11,train
6070,6070,10,train
6071,6071,17,test
6072,6072,3,train
6073,6073,6,train
6074,6074,14,validation
6075,6075,9,train
6076,6076,15,validation
6077,6077,8,train
6078,6078,16,validation
6079,6079,2,train
6080,6080,15,validation
6081,6081,11,train
6082,6082,9,train
6083,6083,18,test
6084,6084,7,train
6085,6085,6,train
6086,6086,11,train
6087,6087,15,validation
6088,6088,6,train
6089,6089,14,validation
6090,6090,13,train
6091,6091,3,train
6092,6092,13,train
6093,6093,19,test
6094,6094,15,validation
6095,6095,10,train
6096,6096,13,train
6097,6097,10,train
6098,6098,2,train
6099,6099,3,train
6100,6100,13,train
6101,6101,11,train
6102,6102,19,test
6103,6103,15,validation
6104,6104,6,train
6105,6105,5,train
6106,6106,16,validation
6107,6107,15,validation
6108,6108,15,validation
6109,6109,4,train
6110,6110,4,train
6111,6111,3,train
6112,6112,11,train
6113,6113,6,train
6114,6114,18,test
6115,6115,6,train
6116,6116,2,train
6117,6117,4,train
6118,6118,8,train
6119,6119,1,train
6120,6120,6,train
6121,6121,1,train
6122,6122,8,train
6123,6123,13,train
6124,6124,19,test
6125,6125,19,test
6126,6126,9,train
6127,6127,8,train
6128,6128,19,test
6129,6129,8,train
6130,6130,11,train
6131,6131,10,train
6132,6132,19,test
6133,6133,12,train
6134,6134,12,train
6135,6135,18,test
6136,6136,11,train
6137,6137,11,train
6138,6138,12,train
6139,6139,14,validation
6140,6140,5,train
6141,6141,8,train
6142,6142,13,train
6143,6143,16,validation
6144,6144,0,train
6145,6145,14,validation
6146,6146,12,train
6147,6147,2,train
6148,6148,13,train
6149,6149,7,train
6150,6150,14,validation
6151,6151,16,validation
6152,6152,3,train
6153,6153,18,test
6154,6154,14,validation
6155,6155,10,train
6156,6156,6,train
6157,6157,14,validation
6158,6158,6,train
6159,6159,17,test
6160,6160,10,train
6161,6161,9,train
6162,6162,4,train
6163,6163,9,train
6164,6164,17,test
6165,6165,17,test
6166,6166,14,validation
6167,6167,16,validation
6168,6168,3,train
6169,6169,8,train
6170,6170,5,train
6171,6171,2,train
6172,6172,1,train
6173,6173,13,train
6174,6174,5,train
6175,6175,16,validation
6176,6176,13,train
6177,6177,17,test
6178,6178,10,train
6179,6179,16,validation
6180,6180,1,train
6181,6181,9,train
6182,6182,17,test
6183,6183,12,train
6184,6184,7,train
6185,6185,3,train
6186,6186,0,train
6187,6187,5,train
6188,6188,3,train
6189,6189,2,train
6190,6190,17,test
6191,6191,18,test
6192,6192,6,train
6193,6193,1,train
6194,6194,5,train
6195,6195,5,train
6196,6196,10,train
6197,6197,12,train
6198,6198,15,validation
6199,6199,12,train
6200,6200,17,test
6201,6201,6,train
6202,6202,13,train
6203,6203,14,validation
6204,6204,15,validation
6205,6205,19,test
6206,6206,9,train
6207,6207,15,validation
6208,6208,11,train
6209,6209,3,train
6210,6210,16,validation
6211,6211,2,train
6212,6212,10,train
6213,6213,5,train
6214,6214,17,test
6215,6215,15,validation
6216,6216,1,train
6217,6217,0,train
6218,6218,17,test
6219,6219,12,train
6220,6220,3,train
6221,6221,2,train
6222,6222,4,train
6223,6223,11,train
6224,6224,11,train
6225,6225,4,train
6226,6226,5,train
6227,6227,9,train
6228,6228,3,train
6229,6229,13,train
6230,6230,13,train
6231,6231,9,train
6232,6232,6,train
6233,6233,5,train
6234,6234,16,validation
6235,6235,9,train
6236,6236,6,train
6237,6237,10,train
6238,6238,16,validation
6239,6239,17,test
6240,6240,1,train
6241,6241,1,train
6242,6242,19,test
6243,6243,2,train
6244,6244,16,validation
6245,6245,6,train
6246,6246,18,test
6247,6247,8,train
6248,6248,0,train
6249,6249,6,train
6250,6250,1,train
6251,6251,7,train
6252,6252,4,train
6253,6253,17,test
6254,6254,19,test
6255,6255,8,train
6256,6256,18,test
6257,6257,14,validation
6258,6258,6,train
6259,6259,6,train
6260,6260,17,test
6261,6261,17,test
6262,6262,18,test
6263,6263,5,train
6264,6264,0,train
6265,6265,2,train
6266,6266,7,train
6267,6267,12,train
6268,6268,18,test
6269,6269,16,validation
6270,6270,15,validation
6271,6271,11,train
6272,6272,17,test
6273,6273,1,train
6274,6274,7,train
6275,6275,3,train
6276,6276,19,test
6277,6277,16,validation
6278,6278,10,train
6279,6279,0,train
6280,6280,16,validation
6281,6281,13,train
6282,6282,11,train
6283,6283,17,test
6284,6284,15,validation
6285,6285,12,train
6286,6286,19,test
6287,6287,6,train
6288,6288,6,train
6289,6289,9,train
6290,6290,1,train
6291,6291,0,train
6292,6292,14,validation
6293,6293,11,train
6294,6294,18,test
6295,6295,12,train
6296,6296,10,train
6297,6297,14,validation
6298,6298,4,train
6299,6299,17,test
6300,6300,14,validation
6301,6301,18,test
6302,6302,16,validation
6303,6303,2,train
6304,6304,0,train
6305,6305,14,validation
6306,6306,10,train
6307,6307,7,train
6308,6308,6,train
6309,6309,3,train
6310,6310,17,test
6311,6311,14,validation
6312,6312,14,validation
6313,6313,16,validation
6314,6314,14,validation
6315,6315,15,validation
6316,6316,4,train
6317,6317,12,train
6318,6318,1,train
6319,6319,19,test
6320,6320,3,train
6321,6321,15,validation
6322,6322,16,validation
6323,6323,5,train
6324,6324,3,train
6325,6325,18,test
6326,6326,12,train
6327,6327,16,validation
6328,6328,0,train
6329,6329,15,validation
6330,6330,18,test
6331,6331,7,train
6332,6332,18,test
6333,6333,13,train
6334,6334,11,train
6335,6335,9,train
6336,6336,18,test
6337,6337,4,train
6338,6338,19,test
6339,6339,13,train
6340,6340,10,train
6341,6341,5,train
6342,6342,14,validation
6343,6343,14,validation
6344,6344,7,train
6345,6345,7,train
6346,6346,14,validation
6347,6347,13,train
6348,6348,9,train
6349,6349,14,validation
6350,6350,10,train
6351,6351,11,train
6352,6352,4,train
6353,6353,12,train
6354,6354,11,train
6355,6355,16,validation
6356,6356,1,train
6357,6357,11,train
6358,6358,17,test
6359,6359,16,validation
6360,6360,12,train
6361,6361,18,test
6362,6362,17,test
6363,6363,0,train
6364,6364,5,train
6365,6365,7,train
6366,6366,19,test
6367,6367,2,train
6368,6368,1,train
6369,6369,14,validation
6370,6370,17,test
6371,6371,0,train
6372,6372,3,train
6373,6373,19,test
6374,6374,0,train
6375,6375,8,train
6376,6376,1,train
6377,6377,9,train
6378,6378,15,validation
6379,6379,6,train
6380,6380,10,train
6381,6381,16,validation
6382,6382,4,train
6383,6383,2,train
6384,6384,8,train
6385,6385,11,train
6386,6386,0,train
6387,6387,7,train
6388,6388,19,test
6389,6389,12,train
6390,6390,6,train
6391,6391,17,test
6392,6392,17,test
6393,6393,7,train
6394,6394,2,train
6395,6395,12,train
6396,6396,12,train
6397,6397,3,train
6398,6398,8,train
6399,6399,19,test
6400,6400,13,train
6401,6401,1,train
6402,6402,8,train
6403,6403,14,validation
6404,6404,19,test
6405,6405,19,test
6406,6406,17,test
6407,6407,5,train
6408,6408,4,train
6409,6409,0,train
6410,6410,6,train
6411,6411,0,train
6412,6412,10,train
6413,6413,13,train
6414,6414,10,train
6415,6415,19,test
6416,6416,0,train
6417,6417,11,train
6418,6418,2,train
6419,6419,6,train
6420,6420,4,train
6421,6421,10,train
6422,6422,8,train
6423,6423,17,test
6424,6424,10,train
6425,6425,9,train
6426,6426,19,test
6427,6427,12,train
6428,6428,0,train
6429,6429,19,test
6430,6430,15,validation
6431,6431,6,train
6432,6432,15,validation
6433,6433,15,validation
6434,6434,10,train
6435,6435,17,test
6436,6436,19,test
6437,6437,11,train
6438,6438,6,train
6439,6439,16,validation
6440,6440,8,train
6441,6441,11,train
6442,6442,1,train
6443,6443,17,test
6444,6444,10,train
6445,6445,8,train
6446,6446,0,train
6447,6447,10,train
6448,6448,4,train
6449,6449,0,train
6450,6450,14,validation
6451,6451,14,validation
6452,6452,18,test
6453,6453,19,test
6454,6454,6,train
6455,6455,12,train
6456,6456,0,train
6457,6457,18,test
6458,6458,10,train
6459,6459,4,train
6460,6460,3,train
6461,6461,10,train
6462,6462,8,train
6463,6463,9,train
6464,6464,13,train
6465,6465,6,train
6466,6466,12,train
6467,6467,10,train
6468,6468,15,validation
6469,6469,0,train
6470,6470,16,validation
6471,6471,19,test
6472,6472,4,train
6473,6473,3,train
6474,6474,13,train
6475,6475,8,train
6476,6476,17,test
6477,6477,7,train
6478,6478,18,test
6479,6479,1,train
6480,6480,6,train
6481,6481,2,train
6482,6482,18,test
6483,6483,12,train
6484,6484,5,train
6485,6485,17,test
6486,6486,13,train
6487,6487,15,validation
6488,6488,7,train
6489,6489,1,train
6490,6490,18,test
6491,6491,4,train
6492,6492,14,validation
6493,6493,9,train
6494,6494,13,train
6495,6495,17,test
6496,6496,3,train
6497,6497,2,train
6498,6498,6,train
6499,6499,16,validation
6500,6500,9,train
6501,6501,9,train
6502,6502,9,train
6503,6503,4,train
6504,6504,11,train
6505,6505,4,train
6506,6506,2,train
6507,6507,18,test
6508,6508,0,train
6509,6509,7,train
6510,6510,6,train
6511,6511,0,train
6512,6512,13,train
6513,6513,7,train
6514,6514,8,train
6515,6515,0,train
6516,6516,9,train
6517,6517,5,train
6518,6518,15,validation
6519,6519,12,train
6520,6520,16,validation
6521,6521,15,validation
6522,6522,10,train
6523,6523,14,validation
6524,6524,10,train
6525,6525,12,train
6526,6526,18,test
6527,6527,11,train
6528,6528,18,test
6529,6529,11,train
6530,6530,10,train
6531,6531,9,train
6532,6532,13,train
6533,6533,11,train
6534,6534,4,train
6535,6535,1,train
6536,6536,5,train
6537,6537,3,train
6538,6538,9,train
6539,6539,14,validation
6540,6540,8,train
6541,6541,19,test
6542,6542,18,test
6543,6543,15,validation
6544,6544,18,test
6545,6545,2,train
6546,6546,14,validation
6547,6547,19,test
6548,6548,4,train
6549,6549,8,train
6550,6550,14,validation
6551,6551,8,train
6552,6552,2,train
6553,6553,17,test
6554,6554,1,train
6555,6555,4,train
6556,6556,4,train
6557,6557,11,train
6558,6558,11,train
6559,6559,7,train
6560,6560,3,train
6561,6561,16,validation
6562,6562,17,test
6563,6563,1,train
6564,6564,8,train
6565,6565,1,train
6566,6566,15,validation
6567,6567,12,train
6568,6568,12,train
6569,6569,11,train
6570,6570,15,validation
6571,6571,15,validation
6572,6572,10,train
6573,6573,5,train
6574,6574,11,train
6575,6575,8,train
6576,6576,16,validation
6577,6577,6,train
6578,6578,3,train
6579,6579,7,train
6580,6580,12,train
6581,6581,3,train
6582,6582,0,train
6583,6583,3,train
6584,6584,12,train
6585,6585,16,validation
6586,6586,11,train
6587,6587,15,validation
6588,6588,19,test
6589,6589,6,train
6590,6590,8,train
6591,6591,8,train
6592,6592,16,validation
6593,6593,1,train
6594,6594,14,validation
6595,6595,19,test
6596,6596,3,train
6597,6597,19,test
6598,6598,5,train
6599,6599,6,train
6600,6600,18,test
6601,6601,15,validation
6602,6602,14,validation
6603,6603,15,validation
6604,6604,13,train
6605,6605,0,train
6606,6606,17,test
6607,6607,17,test
6608,6608,14,validation
6609,6609,12,train
6610,6610,7,train
6611,6611,2,train
6612,6612,12,train
6613,6613,4,train
6614,6614,10,train
6615,6615,8,train
6616,6616,12,train
6617,6617,18,test
6618,6618,4,train
6619,6619,14,validation
6620,6620,1,train
6621,6621,1,train
6622,6622,7,train
6623,6623,10,train
6624,6624,16,validation
6625,6625,5,train
6626,6626,7,train
6627,6627,1,train
6628,6628,8,train
6629,6629,12,train
6630,6630,5,train
6631,6631,12,train
6632,6632,12,train
6633,6633,5,train
6634,6634,4,train
6635,6635,2,train
6636,6636,9,train
6637,6637,6,train
6638,6638,2,train
6639,6639,18,test
6640,6640,0,train
6641,6641,7,train
6642,6642,4,train
6643,6643,17,test
6644,6644,14,validation
6645,6645,2,train
6646,6646,3,train
6647,6647,12,train
6648,6648,9,train
6649,6649,10,train
6650,6650,2,train
6651,6651,15,validation
6652,6652,6,train
6653,6653,18,test
6654,6654,13,train
6655,6655,3,train
6656,6656,11,train
6657,6657,10,train
6658,6658,3,train
6659,6659,1,train
6660,6660,8,train
6661,6661,10,train
6662,6662,15,validation
6663,6663,10,train
6664,6664,13,train
6665,6665,8,train
6666,6666,9,train
6667,6667,9,train
6668,6668,8,train
6669,6669,7,train
6670,6670,10,train
6671,6671,13,train
6672,6672,19,test
6673,6673,9,train
6674,6674,0,train
6675,6675,10,train
6676,6676,11,train
6677,6677,6,train
6678,6678,9,train
6679,6679,18,test
6680,6680,7,train
6681,6681,8,train
6682,6682,9,train
6683,6683,18,test
6684,6684,3,train
6685,6685,9,train
6686,6686,17,test
6687,6687,16,validation
6688,6688,16,validation
6689,6689,18,test
6690,6690,9,train
6691,6691,5,train
6692,6692,17,test
6693,6693,12,train
6694,6694,3,train
6695,6695,3,train
6696,6696,9,train
6697,6697,13,train
6698,6698,16,validation
6699,6699,3,train
6700,6700,4,train
6701,6701,4,train
6702,6702,4,train
6703,6703,8,train
6704,6704,18,test
6705,6705,8,train
6706,6706,7,train
6707,6707,14,validation
6708,6708,0,train
6709,6709,6,train
6710,6710,16,validation
6711,6711,12,train
6712,6712,15,validation
6713,6713,8,train
6714,6714,12,train
6715,6715,6,train
6716,6716,10,train
6717,6717,16,validation
6718,6718,14,validation
6719,6719,11,train
6720,6720,12,train
6721,6721,9,train
6722,6722,9,train
6723,6723,19,test
6724,6724,4,train
6725,6725,13,train
6726,6726,18,test
6727,6727,1,train
6728,6728,8,train
6729,6729,0,train
6730,6730,11,train
6731,6731,3,train
6732,6732,13,train
6733,6733,9,train
6734,6734,19,test
6735,6735,18,test
6736,6736,17,test
6737,6737,2,train
6738,6738,0,train
6739,6739,18,test
6740,6740,8,train
6741,6741,12,train
6742,6742,18,test
6743,6743,0,train
6744,6744,19,test
6745,6745,10,train
6746,6746,1,train
6747,6747,5,train
6748,6748,12,train
6749,6749,5,train
6750,6750,9,train
6751,6751,11,train
6752,6752,10,train
6753,6753,9,train
6754,6754,5,train
6755,6755,8,train
6756,6756,5,train
6757,6757,13,train
6758,6758,10,train
6759,6759,17,test
6760,6760,18,test
6761,6761,5,train
6762,6762,18,test
6763,6763,17,test
6764,6764,9,train
6765,6765,2,train
6766,6766,9,train
6767,6767,18,test
6768,6768,4,train
6769,6769,10,train
6770,6770,9,train
6771,6771,4,train
6772,6772,15,validation
6773,6773,17,test
6774,6774,9,train
6775,6775,9,train
6776,6776,12,train
6777,6777,10,train
6778,6778,12,train
6779,6779,6,train
6780,6780,17,test
6781,6781,14,validation
6782,6782,12,train
6783,6783,3,train
6784,6784,10,train
6785,6785,9,train
6786,6786,11,train
6787,6787,12,train
6788,6788,16,validation
6789,6789,12,train
6790,6790,14,validation
6791,6791,3,train
6792,6792,6,train
6793,6793,2,train
6794,6794,1,train
6795,6795,17,test
6796,6796,17,test
6797,6797,19,test
6798,6798,1,train
6799,6799,16,validation
6800,6800,9,train
6801,6801,2,train
6802,6802,8,train
6803,6803,14,validation
6804,6804,0,train
6805,6805,19,test
6806,6806,1,train
6807,6807,7,train
6808,6808,12,train
6809,6809,1,train
6810,6810,0,train
6811,6811,9,train
6812,6812,9,train
6813,6813,5,train
6814,6814,0,train
6815,6815,13,train
6816,6816,7,train
6817,6817,18,test
6818,6818,6,train
6819,6819,2,train
6820,6820,14,validation
6821,6821,14,validation
6822,6822,15,validation
6823,6823,10,train
6824,6824,14,validation
6825,6825,17,test
6826,6826,3,train
6827,6827,5,train
6828,6828,10,train
6829,6829,18,test
6830,6830,11,train
6831,6831,2,train
6832,6832,4,train
6833,6833,12,train
6834,6834,8,train
6835,6835,10,train
6836,6836,7,train
6837,6837,9,train
6838,6838,5,train
6839,6839,7,train
6840,6840,17,test
6841,6841,12,train
6842,6842,7,train
6843,6843,9,train
6844,6844,10,train
6845,6845,9,train
6846,6846,10,train
6847,6847,7,train
6848,6848,12,train
6849,6849,5,train
6850,6850,11,train
6851,6851,14,validation
6852,6852,2,train
6853,6853,6,train
6854,6854,13,train
6855,6855,18,test
6856,6856,13,train
6857,6857,9,train
6858,6858,11,train
6859,6859,19,test
6860,6860,6,train
6861,6861,4,train
6862,6862,18,test
6863,6863,16,validation
6864,6864,13,train
6865,6865,19,test
6866,6866,4,train
6867,6867,10,train
6868,6868,8,train
6869,6869,11,train
6870,6870,9,train
6871,6871,5,train
6872,6872,17,test
6873,6873,6,train
6874,6874,8,train
6875,6875,11,train
6876,6876,15,validation
6877,6877,3,train
6878,6878,3,train
6879,6879,17,test
6880,6880,14,validation
6881,6881,18,test
6882,6882,13,train
6883,6883,16,validation
6884,6884,1,train
6885,6885,18,test
6886,6886,12,train
6887,6887,19,test
6888,6888,17,test
6889,6889,13,train
6890,6890,0,train
6891,6891,14,validation
6892,6892,1,train
6893,6893,3,train
6894,6894,5,train
6895,6895,1,train
6896,6896,0,train
6897,6897,14,validation
6898,6898,14,validation
6899,6899,5,train
6900,6900,8,train
6901,6901,1,train
6902,6902,12,train
6903,6903,9,train
6904,6904,5,train
6905,6905,11,train
6906,6906,18,test
6907,6907,9,train
6908,6908,0,train
6909,6909,2,train
6910,6910,19,test
6911,6911,17,test
6912,6912,4,train
6913,6913,10,train
6914,6914,7,train
6915,6915,3,train
6916,6916,14,validation
6917,6917,17,test
6918,6918,0,train
6919,6919,2,train
6920,6920,2,train
6921,6921,12,train
6922,6922,6,train
6923,6923,0,train
6924,6924,10,train
6925,6925,13,train
6926,6926,11,train
6927,6927,3,train
6928,6928,11,train
6929,6929,13,train
6930,6930,13,train
6931,6931,6,train
6932,6932,2,train
6933,6933,7,train
6934,6934,6,train
6935,6935,2,train
6936,6936,16,validation
6937,6937,8,train
6938,6938,3,train
6939,6939,1,train
6940,6940,0,train
6941,6941,13,train
6942,6942,11,train
6943,6943,19,test
6944,6944,7,train
6945,6945,0,train
6946,6946,3,train
6947,6947,5,train
6948,6948,12,train
6949,6949,17,test
6950,6950,14,validation
6951,6951,10,train
6952,6952,1,train
6953,6953,17,test
6954,6954,18,test
6955,6955,18,test
6956,6956,17,test
6957,6957,15,validation
6958,6958,16,validation
6959,6959,3,train
6960,6960,12,train
6961,6961,6,train
6962,6962,6,train
6963,6963,6,train
6964,6964,14,validation
6965,6965,1,train
6966,6966,4,train
6967,6967,5,train
6968,6968,13,train
6969,6969,10,train
6970,6970,5,train
6971,6971,5,train
6972,6972,14,validation
6973,6973,1,train
6974,6974,11,train
6975,6975,17,test
6976,6976,1,train
6977,6977,12,train
6978,6978,3,train
6979,6979,2,train
6980,6980,1,train
6981,6981,19,test
6982,6982,13,train
6983,6983,6,train
6984,6984,9,train
6985,6985,16,validation
6986,6986,2,train
6987,6987,5,train
6988,6988,10,train
6989,6989,17,test
6990,6990,10,train
6991,6991,15,validation
6992,6992,10,train
6993,6993,9,train
6994,6994,4,train
6995,6995,2,train
6996,6996,3,train
6997,6997,10,train
6998,6998,13,train
6999,6999,13,train
7000,7000,13,train
7001,7001,1,train
7002,7002,14,validation
7003,7003,11,train
7004,7004,8,train
7005,7005,3,train
7006,7006,6,train
7007,7007,8,train
7008,7008,5,train
7009,7009,5,train
7010,7010,16,validation
7011,7011,11,train
7012,7012,14,validation
7013,7013,16,validation
7014,7014,13,train
7015,7015,6,train
7016,7016,9,train
7017,7017,15,validation
7018,7018,1,train
7019,7019,7,train
7020,7020,12,train
7021,7021,11,train
7022,7022,10,train
7023,7023,14,validation
7024,7024,0,train
7025,7025,0,train
7026,7026,14,validation
7027,7027,1,train
7028,7028,11,train
7029,7029,18,test
7030,7030,0,train
7031,7031,7,train
7032,7032,18,test
7033,7033,19,test
7034,7034,15,validation
7035,7035,11,train
7036,7036,13,train
7037,7037,19,test
7038,7038,10,train
7039,7039,4,train
7040,7040,8,train
7041,7041,12,train
7042,7042,19,test
7043,7043,9,train
7044,7044,11,train
7045,7045,19,test
7046,7046,13,train
7047,7047,19,test
7048,7048,19,test
7049,7049,11,train
7050,7050,5,train
7051,7051,0,train
7052,7052,12,train
7053,7053,15,validation
7054,7054,13,train
7055,7055,3,train
7056,7056,19,test
7057,7057,9,train
7058,7058,14,validation
7059,7059,7,train
7060,7060,18,test
7061,7061,17,test
7062,7062,19,test
7063,7063,0,train
7064,7064,13,train
7065,7065,15,validation
7066,7066,12,train
7067,7067,9,train
7068,7068,7,train
7069,7069,18,test
7070,7070,1,train
7071,7071,9,train
7072,7072,3,train
7073,7073,5,train
7074,7074,12,train
7075,7075,15,validation
7076,7076,7,train
7077,7077,10,train
7078,7078,7,train
7079,7079,9,train
7080,7080,4,train
7081,7081,4,train
7082,7082,7,train
7083,7083,12,train
7084,7084,2,train
7085,7085,1,train
7086,7086,12,train
7087,7087,0,train
7088,7088,10,train
7089,7089,2,train
7090,7090,1,train
7091,7091,2,train
7092,7092,16,validation
7093,7093,13,train
7094,7094,7,train
7095,7095,12,train
7096,7096,11,train
7097,7097,19,test
7098,7098,19,test
7099,7099,10,train
7100,7100,12,train
7101,7101,17,test
7102,7102,11,train
7103,7103,7,train
7104,7104,13,train
7105,7105,13,train
7106,7106,13,train
7107,7107,16,validation
7108,7108,4,train
7109,7109,0,train
7110,7110,9,train
7111,7111,10,train
7112,7112,17,test
7113,7113,18,test
7114,7114,14,validation
7115,7115,6,train
7116,7116,9,train
7117,7117,15,validation
7118,7118,11,train
7119,7119,2,train
7120,7120,4,train
7121,7121,13,train
7122,7122,7,train
7123,7123,18,test
7124,7124,16,validation
7125,7125,12,train
7126,7126,4,train
7127,7127,12,train
7128,7128,8,train
7129,7129,0,train
7130,7130,17,test
7131,7131,15,validation
7132,7132,7,train
7133,7133,8,train
7134,7134,4,train
7135,7135,16,validation
7136,7136,7,train
7137,7137,2,train
7138,7138,17,test
7139,7139,1,train
7140,7140,6,train
7141,7141,4,train
7142,7142,11,train
7143,7143,16,validation
7144,7144,17,test
7145,7145,2,train
7146,7146,13,train
7147,7147,9,train
7148,7148,16,validation
7149,7149,12,train
7150,7150,17,test
7151,7151,6,train
7152,7152,6,train
7153,7153,1,train
7154,7154,18,test
7155,7155,15,validation
7156,7156,13,train
7157,7157,14,validation
7158,7158,2,train
7159,7159,3,train
7160,7160,16,validation
7161,7161,12,train
7162,7162,6,train
7163,7163,14,validation
7164,7164,19,test
7165,7165,17,test
7166,7166,0,train
7167,7167,16,validation
7168,7168,6,train
7169,7169,5,train
7170,7170,15,validation
7171,7171,13,train
7172,7172,9,train
7173,7173,18,test
7174,7174,9,train
7175,7175,0,train
7176,7176,12,train
7177,7177,11,train
7178,7178,6,train
7179,7179,14,validation
7180,7180,2,train
7181,7181,17,test
7182,7182,14,validation
7183,7183,14,validation
7184,7184,6,train
7185,7185,5,train
7186,7186,11,train
7187,7187,13,train
7188,7188,4,train
7189,7189,8,train
7190,7190,19,test
7191,7191,18,test
7192,7192,9,train
7193,7193,14,validation
7194,7194,15,validation
7195,7195,4,train
7196,7196,14,validation
7197,7197,13,train
7198,7198,18,test
7199,7199,16,validation
7200,7200,14,validation
7201,7201,0,train
7202,7202,8,train
7203,7203,15,validation
7204,7204,13,train
7205,7205,6,train
7206,7206,9,train
7207,7207,4,train
7208,7208,6,train
7209,7209,11,train
7210,7210,0,train
7211,7211,18,test
7212,7212,3,train
7213,7213,2,train
7214,7214,12,train
7215,7215,5,train
7216,7216,17,test
7217,7217,14,validation
7218,7218,19,test
7219,7219,5,train
7220,7220,8,train
7221,7221,14,validation
7222,7222,15,validation
7223,7223,0,train
7224,7224,1,train
7225,7225,15,validation
7226,7226,0,train
7227,7227,19,test
7228,7228,6,train
7229,7229,0,train
7230,7230,1,train
7231,7231,6,train
7232,7232,1,train
7233,7233,14,validation
7234,7234,4,train
7235,7235,11,train
7236,7236,7,train
7237,7237,2,train
7238,7238,1,train
7239,7239,18,test
7240,7240,5,train
7241,7241,19,test
7242,7242,18,test
7243,7243,0,train
7244,7244,4,train
7245,7245,11,train
7246,7246,5,train
7247,7247,5,train
7248,7248,1,train
7249,7249,3,train
7250,7250,7,train
7251,7251,7,train
7252,7252,8,train
7253,7253,16,validation
7254,7254,11,train
7255,7255,7,train
7256,7256,4,train
7257,7257,13,train
7258,7258,12,train
7259,7259,0,train
7260,7260,14,validation
7261,7261,10,train
7262,7262,2,train
7263,7263,0,train
7264,7264,13,train
7265,7265,19,test
7266,7266,19,test
7267,7267,1,train
7268,7268,10,train
7269,7269,11,train
7270,7270,1,train
7271,7271,7,train
7272,7272,1,train
7273,7273,4,train
7274,7274,14,validation
7275,7275,2,train
7276,7276,12,train
7277,7277,1,train
7278,7278,6,train
7279,7279,0,train
7280,7280,1,train
7281,7281,11,train
7282,7282,13,train
7283,7283,14,validation
7284,7284,3,train
7285,7285,2,train
7286,7286,19,test
7287,7287,6,train
7288,7288,10,train
7289,7289,9,train
7290,7290,9,train
7291,7291,6,train
7292,7292,14,validation
7293,7293,14,validation
7294,7294,15,validation
7295,7295,16,validation
7296,7296,2,train
7297,7297,4,train
7298,7298,3,train
7299,7299,17,test
7300,7300,13,train
7301,7301,11,train
7302,7302,13,train
7303,7303,2,train
7304,7304,6,train
7305,7305,3,train
7306,7306,11,train
7307,7307,18,test
7308,7308,6,train
7309,7309,19,test
7310,7310,15,validation
7311,7311,19,test
7312,7312,14,validation
7313,7313,2,train
7314,7314,3,train
7315,7315,0,train
7316,7316,14,validation
7317,7317,15,validation
7318,7318,9,train
7319,7319,1,train
7320,7320,17,test
7321,7321,5,train
7322,7322,14,validation
7323,7323,9,train
7324,7324,1,train
7325,7325,3,train
7326,7326,19,test
7327,7327,10,train
7328,7328,18,test
7329,7329,12,train
7330,7330,16,validation
7331,7331,17,test
7332,7332,9,train
7333,7333,19,test
7334,7334,6,train
7335,7335,0,train
7336,7336,3,train
7337,7337,15,validation
7338,7338,7,train
7339,7339,9,train
7340,7340,0,train
7341,7341,19,test
7342,7342,11,train
7343,7343,1,train
7344,7344,7,train
7345,7345,12,train
7346,7346,10,train
7347,7347,12,train
7348,7348,0,train
7349,7349,16,validation
7350,7350,0,train
7351,7351,5,train
7352,7352,2,train
7353,7353,16,validation
7354,7354,14,validation
7355,7355,12,train
7356,7356,2,train
7357,7357,16,validation
7358,7358,3,train
7359,7359,4,train
7360,7360,5,train
7361,7361,3,train
7362,7362,11,train
7363,7363,17,test
7364,7364,6,train
7365,7365,4,train
7366,7366,12,train
7367,7367,1,train
7368,7368,13,train
7369,7369,18,test
7370,7370,15,validation
7371,7371,2,train
7372,7372,13,train
7373,7373,12,train
7374,7374,16,validation
7375,7375,1,train
7376,7376,14,validation
7377,7377,12,train
7378,7378,1,train
7379,7379,7,train
7380,7380,16,validation
7381,7381,5,train
7382,7382,13,train
7383,7383,3,train
7384,7384,8,train
7385,7385,2,train
7386,7386,6,train
7387,7387,4,train
7388,7388,12,train
7389,7389,15,validation
7390,7390,11,train
7391,7391,9,train
7392,7392,19,test
7393,7393,5,train
7394,7394,7,train
7395,7395,11,train
7396,7396,15,validation
7397,7397,14,validation
7398,7398,11,train
7399,7399,17,test
7400,7400,0,train
7401,7401,18,test
7402,7402,17,test
7403,7403,14,validation
7404,7404,12,train
7405,7405,6,train
7406,7406,6,train
7407,7407,8,train
7408,7408,0,train
7409,7409,17,test
7410,7410,3,train
7411,7411,4,train
7412,7412,11,train
7413,7413,0,train
7414,7414,4,train
7415,7415,7,train
7416,7416,13,train
7417,7417,7,train
7418,7418,18,test
7419,7419,0,train
7420,7420,11,train
7421,7421,8,train
7422,7422,12,train
7423,7423,17,test
7424,7424,17,test
7425,7425,18,test
7426,7426,15,validation
7427,7427,11,train
7428,7428,0,train
7429,7429,9,train
7430,7430,15,validation
7431,7431,16,validation
7432,7432,12,train
7433,7433,10,train
7434,7434,5,train
7435,7435,16,validation
7436,7436,8,train
7437,7437,4,train
7438,7438,11,train
7439,7439,4,train
7440,7440,19,test
7441,7441,14,validation
7442,7442,4,train
7443,7443,6,train
7444,7444,16,validation
7445,7445,18,test
7446,7446,18,test
7447,7447,12,train
7448,7448,14,validation
7449,7449,18,test
7450,7450,8,train
7451,7451,16,validation
7452,7452,13,train
7453,7453,11,train
7454,7454,11,train
7455,7455,0,train
7456,7456,14,validation
7457,7457,19,test
7458,7458,2,train
7459,7459,16,validation
7460,7460,17,test
7461,7461,1,train
7462,7462,1,train
7463,7463,16,validation
7464,7464,18,test
7465,7465,16,validation
7466,7466,3,train
7467,7467,11,train
7468,7468,0,train
7469,7469,16,validation
7470,7470,15,validation
7471,7471,17,test
7472,7472,17,test
7473,7473,19,test
7474,7474,13,train
7475,7475,6,train
7476,7476,13,train
7477,7477,19,test
7478,7478,4,train
7479,7479,10,train
7480,7480,8,train
7481,7481,5,train
7482,7482,11,train
7483,7483,7,train
7484,7484,3,train
7485,7485,13,train
7486,7486,6,train
7487,7487,5,train
7488,7488,10,train
7489,7489,7,train
7490,7490,17,test
7491,7491,15,validation
7492,7492,5,train
7493,7493,13,train
7494,7494,16,validation
7495,7495,4,train
7496,7496,3,train
7497,7497,9,train
7498,7498,4,train
7499,7499,13,train
7500,7500,15,validation
7501,7501,4,train
7502,7502,8,train
7503,7503,13,train
7504,7504,3,train
7505,7505,6,train
7506,7506,2,train
7507,7507,0,train
7508,7508,6,train
7509,7509,18,test
7510,7510,16,validation
7511,7511,10,train
7512,7512,10,train
7513,7513,13,train
7514,7514,1,train
7515,7515,0,train
7516,7516,12,train
7517,7517,3,train
7518,7518,6,train
7519,7519,14,validation
7520,7520,7,train
7521,7521,5,train
7522,7522,14,validation
7523,7523,1,train
7524,7524,9,train
7525,7525,16,validation
7526,7526,4,train
7527,7527,19,test
7528,7528,8,train
7529,7529,8,train
7530,7530,5,train
7531,7531,17,test
7532,7532,5,train
7533,7533,5,train
7534,7534,4,train
7535,7535,12,train
7536,7536,16,validation
7537,7537,2,train
7538,7538,18,test
7539,7539,2,train
7540,7540,19,test
7541,7541,3,train
7542,7542,5,train
7543,7543,12,train
7544,7544,5,train
7545,7545,0,train
7546,7546,3,train
7547,7547,1,train
7548,7548,19,test
7549,7549,19,test
7550,7550,11,train
7551,7551,3,train
7552,7552,8,train
7553,7553,11,train
7554,7554,16,validation
7555,7555,2,train
7556,7556,14,validation
7557,7557,2,train
7558,7558,18,test
7559,7559,8,train
7560,7560,12,train
7561,7561,1,train
7562,7562,6,train
7563,7563,5,train
7564,7564,4,train
7565,7565,15,validation
7566,7566,8,train
7567,7567,19,test
7568,7568,2,train
7569,7569,13,train
7570,7570,16,validation
7571,7571,14,validation
7572,7572,2,train
7573,7573,11,train
7574,7574,14,validation
7575,7575,19,test
7576,7576,13,train
7577,7577,11,train
7578,7578,13,train
7579,7579,0,train
7580,7580,10,train
7581,7581,11,train
7582,7582,3,train
7583,7583,1,train
7584,7584,19,test
7585,7585,16,validation
7586,7586,15,validation
7587,7587,0,train
7588,7588,5,train
7589,7589,14,validation
7590,7590,3,train
7591,7591,1,train
7592,7592,15,validation
7593,7593,14,validation
7594,7594,8,train
7595,7595,7,train
7596,7596,15,validation
7597,7597,16,validation
7598,7598,19,test
7599,7599,15,validation
7600,7600,1,train
7601,7601,3,train
7602,7602,6,train
7603,7603,19,test
7604,7604,9,train
7605,7605,5,train
7606,7606,3,train
7607,7607,16,validation
7608,7608,19,test
7609,7609,13,train
7610,7610,1,train
7611,7611,6,train
7612,7612,7,train
7613,7613,8,train
7614,7614,5,train
7615,7615,6,train
7616,7616,7,train
7617,7617,14,validation
7618,7618,8,train
7619,7619,10,train
7620,7620,1,train
7621,7621,17,test
7622,7622,2,train
7623,7623,14,validation
7624,7624,6,train
7625,7625,7,train
7626,7626,6,train
7627,7627,17,test
7628,7628,14,validation
7629,7629,18,test
7630,7630,6,train
7631,7631,5,train
7632,7632,14,validation
7633,7633,7,train
7634,7634,11,train
7635,7635,4,train
7636,7636,17,test
7637,7637,6,train
7638,7638,5,train
7639,7639,11,train
7640,7640,11,train
7641,7641,18,test
7642,7642,13,train
7643,7643,10,train
7644,7644,4,train
7645,7645,10,train
7646,7646,0,train
7647,7647,3,train
7648,7648,18,test
7649,7649,14,validation
7650,7650,1,train
7651,7651,16,validation
7652,7652,9,train
7653,7653,2,train
7654,7654,10,train
7655,7655,4,train
7656,7656,10,train
7657,7657,10,train
7658,7658,7,train
7659,7659,10,train
7660,7660,4,train
7661,7661,13,train
7662,7662,4,train
7663,7663,7,train
7664,7664,8,train
7665,7665,1,train
7666,7666,8,train
7667,7667,1,train
7668,7668,8,train
7669,7669,10,train
7670,7670,3,train
7671,7671,13,train
7672,7672,16,validation
7673,7673,9,train
7674,7674,12,train
7675,7675,0,train
7676,7676,2,train
7677,7677,11,train
7678,7678,1,train
7679,7679,9,train
7680,7680,4,train
7681,7681,10,train
7682,7682,1,train
7683,7683,9,train
7684,7684,11,train
7685,7685,2,train
7686,7686,3,train
7687,7687,9,train
7688,7688,15,validation
7689,7689,7,train
7690,7690,10,train
7691,7691,14,validation
7692,7692,18,test
7693,7693,12,train
7694,7694,8,train
7695,7695,2,train
7696,7696,13,train
7697,7697,1,train
7698,7698,1,train
7699,7699,0,train
7700,7700,17,test
7701,7701,15,validation
7702,7702,0,train
7703,7703,3,train
7704,7704,2,train
7705,7705,11,train
7706,7706,13,train
7707,7707,3,train
7708,7708,19,test
7709,7709,5,train
7710,7710,16,validation
7711,7711,0,train
7712,7712,14,validation
7713,7713,0,train
7714,7714,4,train
7715,7715,11,train
7716,7716,5,train
7717,7717,0,train
7718,7718,8,train
7719,7719,16,validation
7720,7720,14,validation
7721,7721,14,validation
7722,7722,19,test
7723,7723,19,test
7724,7724,14,validation
7725,7725,2,train
7726,7726,1,train
7727,7727,19,test
7728,7728,18,test
7729,7729,1,train
7730,7730,1,train
7731,7731,2,train
7732,7732,15,validation
7733,7733,17,test
7734,7734,11,train
7735,7735,10,train
7736,7736,1,train
7737,7737,4,train
7738,7738,19,test
7739,7739,0,train
7740,7740,14,validation
7741,7741,19,test
7742,7742,12,train
7743,7743,18,test
7744,7744,1,train
7745,7745,6,train
7746,7746,19,test
7747,7747,16,validation
7748,7748,15,validation
7749,7749,19,test
7750,7750,3,train
7751,7751,3,train
7752,7752,16,validation
7753,7753,8,train
7754,7754,3,train
7755,7755,1,train
7756,7756,0,train
7757,7757,9,train
7758,7758,6,train
7759,7759,1,train
7760,7760,6,train
7761,7761,8,train
7762,7762,3,train
7763,7763,18,test
7764,7764,12,train
7765,7765,2,train
7766,7766,17,test
7767,7767,2,train
7768,7768,8,train
7769,7769,19,test
7770,7770,3,train
7771,7771,1,train
7772,7772,19,test
7773,7773,16,validation
7774,7774,9,train
7775,7775,17,test
7776,7776,13,train
7777,7777,9,train
7778,7778,12,train
7779,7779,15,validation
7780,7780,7,train
7781,7781,18,test
7782,7782,19,test
7783,7783,18,test
7784,7784,17,test
7785,7785,14,validation
7786,7786,4,train
7787,7787,14,validation
7788,7788,19,test
7789,7789,17,test
7790,7790,3,train
7791,7791,2,train
7792,7792,19,test
7793,7793,10,train
7794,7794,11,train
7795,7795,16,validation
7796,7796,18,test
7797,7797,15,validation
7798,7798,2,train
7799,7799,13,train
7800,7800,0,train
7801,7801,8,train
7802,7802,18,test
7803,7803,13,train
7804,7804,3,train
7805,7805,5,train
7806,7806,9,train
7807,7807,6,train
7808,7808,3,train
7809,7809,13,train
7810,7810,4,train
7811,7811,15,validation
7812,7812,15,validation
7813,7813,12,train
7814,7814,0,train
7815,7815,4,train
7816,7816,4,train
7817,7817,12,train
7818,7818,3,train
7819,7819,9,train
7820,7820,15,validation
7821,7821,8,train
7822,7822,18,test
7823,7823,8,train
7824,7824,3,train
7825,7825,14,validation
7826,7826,11,train
7827,7827,0,train
7828,7828,16,validation
7829,7829,13,train
7830,7830,16,validation
7831,7831,5,train
7832,7832,7,train
7833,7833,11,train
7834,7834,17,test
7835,7835,9,train
7836,7836,10,train
7837,7837,16,validation
7838,7838,2,train
7839,7839,9,train
7840,7840,8,train
7841,7841,17,test
7842,7842,10,train
7843,7843,2,train
7844,7844,9,train
7845,7845,10,train
7846,7846,1,train
7847,7847,16,validation
7848,7848,1,train
7849,7849,16,validation
7850,7850,17,test
7851,7851,4,train
7852,7852,17,test
7853,7853,14,validation
7854,7854,6,train
7855,7855,19,test
7856,7856,7,train
7857,7857,10,train
7858,7858,9,train
7859,7859,13,train
7860,7860,3,train
7861,7861,9,train
7862,7862,17,test
7863,7863,6,train
7864,7864,17,test
7865,7865,10,train
7866,7866,5,train
7867,7867,2,train
7868,7868,15,validation
7869,7869,10,train
7870,7870,19,test
7871,7871,9,train
7872,7872,3,train
7873,7873,3,train
7874,7874,2,train
7875,7875,1,train
7876,7876,4,train
7877,7877,18,test
7878,7878,16,validation
7879,7879,7,train
7880,7880,18,test
7881,7881,5,train
7882,7882,5,train
7883,7883,8,train
7884,7884,1,train
7885,7885,15,validation
7886,7886,14,validation
7887,7887,5,train
7888,7888,18,test
7889,7889,2,train
7890,7890,15,validation
7891,7891,10,train
7892,7892,15,validation
7893,7893,14,validation
7894,7894,19,test
7895,7895,15,validation
7896,7896,9,train
7897,7897,9,train
7898,7898,16,validation
7899,7899,16,validation
7900,7900,16,validation
7901,7901,19,test
7902,7902,16,validation
7903,7903,16,validation
7904,7904,7,train
7905,7905,8,train
7906,7906,8,train
7907,7907,7,train
7908,7908,15,validation
7909,7909,6,train
7910,7910,9,train
7911,7911,9,train
7912,7912,11,train
7913,7913,4,train
7914,7914,7,train
7915,7915,5,train
7916,7916,13,train
7917,7917,12,train
7918,7918,5,train
7919,7919,8,train
7920,7920,4,train
7921,7921,17,test
7922,7922,13,train
7923,7923,11,train
7924,7924,0,train
7925,7925,6,train
7926,7926,12,train
7927,7927,2,train
7928,7928,12,train
7929,7929,12,train
7930,7930,1,train
7931,7931,15,validation
7932,7932,6,train
7933,7933,5,train
7934,7934,2,train
7935,7935,9,train
7936,7936,9,train
7937,7937,5,train
7938,7938,5,train
7939,7939,16,validation
7940,7940,1,train
7941,7941,12,train
7942,7942,16,validation
7943,7943,14,validation
7944,7944,3,train
7945,7945,3,train
7946,7946,3,train
7947,7947,9,train
7948,7948,3,train
7949,7949,17,test
7950,7950,11,train
7951,7951,1,train
7952,7952,7,train
7953,7953,11,train
7954,7954,3,train
7955,7955,8,train
7956,7956,1,train
7957,7957,10,train
7958,7958,13,train
7959,7959,11,train
7960,7960,19,test
7961,7961,15,validation
7962,7962,5,train
7963,7963,3,train
7964,7964,5,train
7965,7965,18,test
7966,7966,0,train
7967,7967,4,train
7968,7968,15,validation
7969,7969,11,train
7970,7970,1,train
7971,7971,11,train
7972,7972,4,train
7973,7973,12,train
7974,7974,10,train
7975,7975,0,train
7976,7976,11,train
7977,7977,13,train
7978,7978,4,train
7979,7979,12,train
7980,7980,3,train
7981,7981,12,train
7982,7982,8,train
7983,7983,8,train
7984,7984,14,validation
7985,7985,7,train
7986,7986,7,train
7987,7987,12,train
7988,7988,14,validation
7989,7989,8,train
7990,7990,6,train
7991,7991,10,train
7992,7992,11,train
7993,7993,14,validation
7994,7994,10,train
7995,7995,9,train
7996,7996,9,train
7997,7997,13,train
7998,7998,19,test
7999,7999,4,train
8000,8000,10,train
8001,8001,8,train
8002,8002,14,validation
8003,8003,12,train
8004,8004,9,train
8005,8005,3,train
8006,8006,12,train
8007,8007,15,validation
8008,8008,19,test
8009,8009,8,train
8010,8010,4,train
8011,8011,18,test
8012,8012,7,train
8013,8013,3,train
8014,8014,4,train
8015,8015,13,train
8016,8016,14,validation
8017,8017,3,train
8018,8018,12,train
8019,8019,18,test
8020,8020,10,train
8021,8021,13,train
8022,8022,3,train
8023,8023,1,train
8024,8024,9,train
8025,8025,15,validation
8026,8026,3,train
8027,8027,19,test
8028,8028,2,train
8029,8029,0,train
8030,8030,2,train
8031,8031,18,test
8032,8032,17,test
8033,8033,14,validation
8034,8034,3,train
8035,8035,1,train
8036,8036,15,validation
8037,8037,15,validation
8038,8038,6,train
8039,8039,6,train
8040,8040,12,train
8041,8041,5,train
8042,8042,19,test
8043,8043,4,train
8044,8044,0,train
8045,8045,13,train
8046,8046,18,test
8047,8047,6,train
8048,8048,18,test
8049,8049,19,test
8050,8050,19,test
8051,8051,1,train
8052,8052,3,train
8053,8053,19,test
8054,8054,2,train
8055,8055,10,train
8056,8056,16,validation
8057,8057,18,test
8058,8058,12,train
8059,8059,2,train
8060,8060,16,validation
8061,8061,9,train
8062,8062,8,train
8063,8063,13,train
8064,8064,2,train
8065,8065,10,train
8066,8066,7,train
8067,8067,5,train
8068,8068,12,train
8069,8069,16,validation
8070,8070,15,validation
8071,8071,12,train
8072,8072,8,train
8073,8073,4,train
8074,8074,4,train
8075,8075,18,test
8076,8076,13,train
8077,8077,1,train
8078,8078,7,train
8079,8079,16,validation
8080,8080,6,train
8081,8081,4,train
8082,8082,18,test
8083,8083,7,train
8084,8084,8,train
8085,8085,16,validation
8086,8086,16,validation
8087,8087,4,train
8088,8088,13,train
8089,8089,7,train
8090,8090,12,train
8091,8091,8,train
8092,8092,1,train
8093,8093,15,validation
8094,8094,8,train
8095,8095,11,train
8096,8096,6,train
8097,8097,8,train
8098,8098,8,train
8099,8099,16,validation
8100,8100,0,train
8101,8101,19,test
8102,8102,3,train
8103,8103,9,train
8104,8104,1,train
8105,8105,11,train
8106,8106,13,train
8107,8107,19,test
8108,8108,5,train
8109,8109,5,train
8110,8110,17,test
8111,8111,8,train
8112,8112,6,train
8113,8113,10,train
8114,8114,0,train
8115,8115,16,validation
8116,8116,17,test
8117,8117,19,test
8118,8118,4,train
8119,8119,0,train
8120,8120,9,train
8121,8121,11,train
8122,8122,6,train
8123,8123,10,train
8124,8124,15,validation
8125,8125,16,validation
8126,8126,17,test
8127,8127,19,test
8128,8128,0,train
8129,8129,10,train
8130,8130,7,train
8131,8131,8,train
8132,8132,19,test
8133,8133,7,train
8134,8134,11,train
8135,8135,9,train
8136,8136,8,train
8137,8137,18,test
8138,8138,2,train
8139,8139,3,train
8140,8140,10,train
8141,8141,19,test
8142,8142,12,train
8143,8143,19,test
8144,8144,8,train
8145,8145,15,validation
8146,8146,10,train
8147,8147,6,train
8148,8148,18,test
8149,8149,0,train
8150,8150,5,train
8151,8151,19,test
8152,8152,12,train
8153,8153,4,train
8154,8154,3,train
8155,8155,4,train
8156,8156,18,test
8157,8157,11,train
8158,8158,6,train
8159,8159,2,train
8160,8160,4,train
8161,8161,19,test
8162,8162,3,train
8163,8163,2,train
8164,8164,4,train
8165,8165,16,validation
8166,8166,14,validation
8167,8167,6,train
8168,8168,18,test
8169,8169,13,train
8170,8170,3,train
8171,8171,6,train
8172,8172,7,train
8173,8173,19,test
8174,8174,18,test
8175,8175,5,train
8176,8176,9,train
8177,8177,8,train
8178,8178,14,validation
8179,8179,10,train
8180,8180,9,train
8181,8181,6,train
8182,8182,1,train
8183,8183,14,validation
8184,8184,19,test
8185,8185,7,train
8186,8186,18,test
8187,8187,10,train
8188,8188,19,test
8189,8189,11,train
8190,8190,11,train
8191,8191,0,train
8192,8192,11,train
8193,8193,10,train
8194,8194,17,test
8195,8195,15,validation
8196,8196,17,test
8197,8197,15,validation
8198,8198,12,train
8199,8199,6,train
8200,8200,12,train
8201,8201,9,train
8202,8202,1,train
8203,8203,8,train
8204,8204,5,train
8205,8205,4,train
8206,8206,2,train
8207,8207,16,validation
8208,8208,3,train
8209,8209,0,train
8210,8210,1,train
8211,8211,3,train
8212,8212,14,validation
8213,8213,9,train
8214,8214,6,train
8215,8215,11,train
8216,8216,10,train
8217,8217,3,train
8218,8218,11,train
8219,8219,14,validation
8220,8220,13,train
8221,8221,3,train
8222,8222,11,train
8223,8223,9,train
8224,8224,8,train
8225,8225,12,train
8226,8226,13,train
8227,8227,18,test
8228,8228,13,train
8229,8229,8,train
8230,8230,9,train
8231,8231,12,train
8232,8232,13,train
8233,8233,15,validation
8234,8234,10,train
8235,8235,16,validation
8236,8236,2,train
8237,8237,8,train
8238,8238,10,train
8239,8239,0,train
8240,8240,11,train
8241,8241,16,validation
8242,8242,15,validation
8243,8243,0,train
8244,8244,9,train
8245,8245,8,train
8246,8246,11,train
8247,8247,3,train
8248,8248,4,train
8249,8249,11,train
8250,8250,14,validation
8251,8251,10,train
8252,8252,14,validation
8253,8253,12,train
8254,8254,7,train
8255,8255,19,test
8256,8256,16,validation
8257,8257,4,train
8258,8258,18,test
8259,8259,19,test
8260,8260,19,test
8261,8261,0,train
8262,8262,1,train
8263,8263,7,train
8264,8264,18,test
8265,8265,14,validation
8266,8266,2,train
8267,8267,8,train
8268,8268,14,validation
8269,8269,19,test
8270,8270,12,train
8271,8271,4,train
8272,8272,8,train
8273,8273,18,test
8274,8274,10,train
8275,8275,2,train
8276,8276,19,test
8277,8277,5,train
8278,8278,12,train
8279,8279,7,train
8280,8280,19,test
8281,8281,15,validation
8282,8282,18,test
8283,8283,9,train
8284,8284,14,validation
8285,8285,8,train
8286,8286,7,train
8287,8287,2,train
8288,8288,5,train
8289,8289,15,validation
8290,8290,2,train
8291,8291,10,train
8292,8292,14,validation
8293,8293,6,train
8294,8294,6,train
8295,8295,11,train
8296,8296,15,validation
8297,8297,10,train
8298,8298,19,test
8299,8299,19,test
8300,8300,8,train
8301,8301,12,train
8302,8302,13,train
8303,8303,14,validation
8304,8304,16,validation
8305,8305,0,train
8306,8306,2,train
8307,8307,6,train
8308,8308,4,train
8309,8309,9,train
8310,8310,10,train
8311,8311,15,validation
8312,8312,18,test
8313,8313,19,test
8314,8314,9,train
8315,8315,6,train
8316,8316,15,validation
8317,8317,13,train
8318,8318,10,train
8319,8319,12,train
8320,8320,2,train
8321,8321,16,validation
8322,8322,18,test
8323,8323,14,validation
8324,8324,12,train
8325,8325,10,train
8326,8326,13,train
8327,8327,9,train
8328,8328,13,train
8329,8329,16,validation
8330,8330,18,test
8331,8331,7,train
8332,8332,3,train
8333,8333,11,train
8334,8334,11,train
8335,8335,4,train
8336,8336,19,test
8337,8337,2,train
8338,8338,14,validation
8339,8339,11,train
8340,8340,6,train
8341,8341,4,train
8342,8342,11,train
8343,8343,12,train
8344,8344,18,test
8345,8345,10,train
8346,8346,2,train
8347,8347,14,validation
8348,8348,15,validation
8349,8349,11,train
8350,8350,13,train
8351,8351,16,validation
8352,8352,16,validation
8353,8353,13,train
8354,8354,10,train
8355,8355,13,train
8356,8356,15,validation
8357,8357,8,train
8358,8358,6,train
8359,8359,13,train
8360,8360,14,validation
8361,8361,19,test
8362,8362,17,test
8363,8363,7,train
8364,8364,1,train
8365,8365,11,train
8366,8366,3,train
8367,8367,10,train
8368,8368,1,train
8369,8369,3,train
8370,8370,12,train
8371,8371,15,validation
8372,8372,5,train
8373,8373,17,test
8374,8374,12,train
8375,8375,15,validation
8376,8376,7,train
8377,8377,16,validation
8378,8378,6,train
8379,8379,0,train
8380,8380,6,train
8381,8381,19,test
8382,8382,5,train
8383,8383,16,validation
8384,8384,7,train
8385,8385,1,train
8386,8386,3,train
8387,8387,12,train
8388,8388,18,test
8389,8389,7,train
8390,8390,15,validation
8391,8391,0,train
8392,8392,16,validation
8393,8393,17,test
8394,8394,9,train
8395,8395,19,test
8396,8396,16,validation
8397,8397,18,test
8398,8398,15,validation
8399,8399,18,test
8400,8400,8,train
8401,8401,16,validation
8402,8402,14,validation
8403,8403,10,train
8404,8404,2,train
8405,8405,12,train
8406,8406,1,train
8407,8407,14,validation
8408,8408,6,train
8409,8409,13,train
8410,8410,14,validation
8411,8411,16,validation
8412,8412,17,test
8413,8413,1,train
8414,8414,16,validation
8415,8415,8,train
8416,8416,13,train
8417,8417,19,test
8418,8418,16,validation
8419,8419,14,validation
8420,8420,10,train
8421,8421,9,train
8422,8422,0,train
8423,8423,16,validation
8424,8424,12,train
8425,8425,11,train
8426,8426,7,train
8427,8427,4,train
8428,8428,0,train
8429,8429,10,train
8430,8430,17,test
8431,8431,0,train
8432,8432,8,train
8433,8433,7,train
8434,8434,19,test
8435,8435,14,validation
8436,8436,14,validation
8437,8437,1,train
8438,8438,19,test
8439,8439,3,train
8440,8440,15,validation
8441,8441,9,train
8442,8442,16,validation
8443,8443,4,train
8444,8444,3,train
8445,8445,13,train
8446,8446,0,train
8447,8447,11,train
8448,8448,4,train
8449,8449,7,train
8450,8450,9,train
8451,8451,10,train
8452,8452,15,validation
8453,8453,9,train
8454,8454,15,validation
8455,8455,3,train
8456,8456,15,validation
8457,8457,4,train
8458,8458,17,test
8459,8459,17,test
8460,8460,13,train
8461,8461,9,train
8462,8462,0,train
8463,8463,9,train
8464,8464,19,test
8465,8465,13,train
8466,8466,5,train
8467,8467,6,train
8468,8468,8,train
8469,8469,14,validation
8470,8470,4,train
8471,8471,17,test
8472,8472,0,train
8473,8473,5,train
8474,8474,18,test
8475,8475,18,test
8476,8476,10,train
8477,8477,14,validation
8478,8478,0,train
8479,8479,14,validation
8480,8480,12,train
8481,8481,4,train
8482,8482,9,train
8483,8483,8,train
8484,8484,16,validation
8485,8485,14,validation
8486,8486,12,train
8487,8487,5,train
8488,8488,1,train
8489,8489,0,train
8490,8490,9,train
8491,8491,13,train
8492,8492,18,test
8493,8493,5,train
8494,8494,7,train
8495,8495,19,test
8496,8496,5,train
8497,8497,10,train
8498,8498,7,train
8499,8499,16,validation
8500,8500,13,train
8501,8501,15,validation
8502,8502,13,train
8503,8503,19,test
8504,8504,17,test
8505,8505,12,train
8506,8506,12,train
8507,8507,9,train
8508,8508,7,train
8509,8509,10,train
8510,8510,10,train
8511,8511,19,test
8512,8512,12,train
8513,8513,1,train
8514,8514,16,validation
8515,8515,18,test
8516,8516,6,train
8517,8517,18,test
8518,8518,19,test
8519,8519,6,train
8520,8520,19,test
8521,8521,15,validation
8522,8522,0,train
8523,8523,4,train
8524,8524,2,train
8525,8525,1,train
8526,8526,17,test
8527,8527,3,train
8528,8528,15,validation
8529,8529,13,train
8530,8530,6,train
8531,8531,12,train
8532,8532,0,train
8533,8533,0,train
8534,8534,12,train
8535,8535,17,test
8536,8536,11,train
8537,8537,16,validation
8538,8538,1,train
8539,8539,17,test
8540,8540,12,train
8541,8541,2,train
8542,8542,2,train
8543,8543,14,validation
8544,8544,6,train
8545,8545,2,train
8546,8546,9,train
8547,8547,0,train
8548,8548,19,test
8549,8549,16,validation
8550,8550,7,train
8551,8551,13,train
8552,8552,5,train
8553,8553,16,validation
8554,8554,17,test
8555,8555,9,train
8556,8556,15,validation
8557,8557,14,validation
8558,8558,4,train
8559,8559,1,train
8560,8560,8,train
8561,8561,6,train
8562,8562,14,validation
8563,8563,12,train
8564,8564,2,train
8565,8565,14,validation
8566,8566,14,validation
8567,8567,6,train
8568,8568,12,train
8569,8569,7,train
8570,8570,18,test
8571,8571,17,test
8572,8572,12,train
8573,8573,7,train
8574,8574,1,train
8575,8575,6,train
8576,8576,10,train
8577,8577,15,validation
8578,8578,3,train
8579,8579,15,validation
8580,8580,16,validation
8581,8581,12,train
8582,8582,9,train
8583,8583,2,train
8584,8584,2,train
8585,8585,4,train
8586,8586,11,train
8587,8587,19,test
8588,8588,16,validation
8589,8589,19,test
8590,8590,15,validation
8591,8591,13,train
8592,8592,17,test
8593,8593,5,train
8594,8594,14,validation
8595,8595,18,test
8596,8596,7,train
8597,8597,5,train
8598,8598,12,train
8599,8599,0,train
8600,8600,1,train
8601,8601,6,train
8602,8602,11,train
8603,8603,6,train
8604,8604,16,validation
8605,8605,6,train
8606,8606,0,train
8607,8607,1,train
8608,8608,13,train
8609,8609,12,train
8610,8610,9,train
8611,8611,11,train
8612,8612,4,train
8613,8613,5,train
8614,8614,18,test
8615,8615,5,train
8616,8616,17,test
8617,8617,15,validation
8618,8618,14,validation
8619,8619,17,test
8620,8620,9,train
8621,8621,18,test
8622,8622,8,train
8623,8623,12,train
8624,8624,2,train
8625,8625,9,train
8626,8626,14,validation
8627,8627,3,train
8628,8628,2,train
8629,8629,0,train
8630,8630,8,train
8631,8631,18,test
8632,8632,6,train
8633,8633,11,train
8634,8634,4,train
8635,8635,1,train
8636,8636,6,train
8637,8637,11,train
8638,8638,14,validation
8639,8639,2,train
8640,8640,6,train
8641,8641,9,train
8642,8642,15,validation
8643,8643,1,train
8644,8644,1,train
8645,8645,15,validation
8646,8646,6,train
8647,8647,7,train
8648,8648,10,train
8649,8649,15,validation
8650,8650,17,test
8651,8651,9,train
8652,8652,17,test
8653,8653,8,train
8654,8654,4,train
8655,8655,18,test
8656,8656,7,train
8657,8657,8,train
8658,8658,4,train
8659,8659,15,validation
8660,8660,12,train
8661,8661,5,train
8662,8662,5,train
8663,8663,4,train
8664,8664,13,train
8665,8665,17,test
8666,8666,1,train
8667,8667,11,train
8668,8668,10,train
8669,8669,4,train
8670,8670,0,train
8671,8671,5,train
8672,8672,8,train
8673,8673,5,train
8674,8674,11,train
8675,8675,8,train
8676,8676,19,test
8677,8677,7,train
8678,8678,1,train
8679,8679,8,train
8680,8680,1,train
8681,8681,10,train
8682,8682,9,train
8683,8683,1,train
8684,8684,17,test
8685,8685,3,train
8686,8686,18,test
8687,8687,3,train
8688,8688,1,train
8689,8689,3,train
8690,8690,7,train
8691,8691,12,train
8692,8692,9,train
8693,8693,1,train
8694,8694,15,validation
8695,8695,12,train
8696,8696,10,train
8697,8697,17,test
8698,8698,16,validation
8699,8699,5,train
8700,8700,8,train
8701,8701,17,test
8702,8702,16,validation
8703,8703,2,train
8704,8704,16,validation
8705,8705,6,train
8706,8706,18,test
8707,8707,11,train
8708,8708,6,train
8709,8709,7,train
8710,8710,17,test
8711,8711,15,validation
8712,8712,14,validation
8713,8713,5,train
8714,8714,4,train
8715,8715,10,train
8716,8716,18,test
8717,8717,5,train
8718,8718,18,test
8719,8719,12,train
8720,8720,7,train
8721,8721,3,train
8722,8722,4,train
8723,8723,3,train
8724,8724,12,train
8725,8725,12,train
8726,8726,9,train
8727,8727,10,train
8728,8728,7,train
8729,8729,6,train
8730,8730,0,train
8731,8731,12,train
8732,8732,9,train
8733,8733,3,train
8734,8734,7,train
8735,8735,10,train
8736,8736,19,test
8737,8737,13,train
8738,8738,9,train
8739,8739,9,train
8740,8740,1,train
8741,8741,4,train
8742,8742,1,train
8743,8743,0,train
8744,8744,4,train
8745,8745,8,train
8746,8746,16,validation
8747,8747,11,train
8748,8748,3,train
8749,8749,5,train
8750,8750,4,train
8751,8751,4,train
8752,8752,0,train
8753,8753,10,train
8754,8754,19,test
8755,8755,6,train
8756,8756,1,train
8757,8757,2,train
8758,8758,16,validation
8759,8759,3,train
8760,8760,14,validation
8761,8761,1,train
8762,8762,6,train
8763,8763,13,train
8764,8764,12,train
8765,8765,5,train
8766,8766,7,train
8767,8767,6,train
8768,8768,2,train
8769,8769,14,validation
8770,8770,4,train
8771,8771,18,test
8772,8772,3,train
8773,8773,13,train
8774,8774,6,train
8775,8775,11,train
8776,8776,8,train
8777,8777,4,train
8778,8778,9,train
8779,8779,8,train
8780,8780,8,train
8781,8781,16,validation
8782,8782,4,train
8783,8783,16,validation
8784,8784,13,train
8785,8785,6,train
8786,8786,4,train
8787,8787,7,train
8788,8788,9,train
8789,8789,12,train
8790,8790,6,train
8791,8791,1,train
8792,8792,9,train
8793,8793,6,train
8794,8794,13,train
8795,8795,4,train
8796,8796,7,train
8797,8797,16,validation
8798,8798,19,test
8799,8799,7,train
8800,8800,5,train
8801,8801,4,train
8802,8802,6,train
8803,8803,11,train
8804,8804,17,test
8805,8805,14,validation
8806,8806,2,train
8807,8807,13,train
8808,8808,12,train
8809,8809,7,train
8810,8810,4,train
8811,8811,15,validation
8812,8812,18,test
8813,8813,15,validation
8814,8814,19,test
8815,8815,5,train
8816,8816,13,train
8817,8817,12,train
8818,8818,11,train
8819,8819,2,train
8820,8820,18,test
8821,8821,7,train
8822,8822,11,train
8823,8823,7,train
8824,8824,1,train
8825,8825,1,train
8826,8826,19,test
8827,8827,18,test
8828,8828,15,validation
8829,8829,6,train
8830,8830,5,train
8831,8831,19,test
8832,8832,3,train
8833,8833,5,train
8834,8834,6,train
8835,8835,7,train
8836,8836,0,train
8837,8837,9,train
8838,8838,10,train
8839,8839,2,train
8840,8840,12,train
8841,8841,1,train
8842,8842,15,validation
8843,8843,2,train
8844,8844,4,train
8845,8845,13,train
8846,8846,17,test
8847,8847,3,train
8848,8848,6,train
8849,8849,2,train
8850,8850,19,test
8851,8851,0,train
8852,8852,16,validation
8853,8853,2,train
8854,8854,18,test
8855,8855,3,train
8856,8856,13,train
8857,8857,13,train
8858,8858,18,test
8859,8859,4,train
8860,8860,4,train
8861,8861,8,train
8862,8862,16,validation
8863,8863,7,train
8864,8864,7,train
8865,8865,17,test
8866,8866,4,train
8867,8867,17,test
8868,8868,18,test
8869,8869,6,train
8870,8870,7,train
8871,8871,15,validation
8872,8872,7,train
8873,8873,14,validation
8874,8874,9,train
8875,8875,7,train
8876,8876,5,train
8877,8877,7,train
8878,8878,15,validation
8879,8879,14,validation
8880,8880,12,train
8881,8881,7,train
8882,8882,11,train
8883,8883,8,train
8884,8884,7,train
8885,8885,5,train
8886,8886,0,train
8887,8887,13,train
8888,8888,14,validation
8889,8889,8,train
8890,8890,9,train
8891,8891,15,validation
8892,8892,7,train
8893,8893,4,train
8894,8894,5,train
8895,8895,8,train
8896,8896,15,validation
8897,8897,6,train
8898,8898,10,train
8899,8899,1,train
8900,8900,9,train
8901,8901,2,train
8902,8902,19,test
8903,8903,2,train
8904,8904,11,train
8905,8905,10,train
8906,8906,15,validation
8907,8907,13,train
8908,8908,4,train
8909,8909,17,test
8910,8910,12,train
8911,8911,0,train
8912,8912,14,validation
8913,8913,19,test
8914,8914,15,validation
8915,8915,0,train
8916,8916,13,train
8917,8917,4,train
8918,8918,10,train
8919,8919,12,train
8920,8920,16,validation
8921,8921,13,train
8922,8922,13,train
8923,8923,19,test
8924,8924,3,train
8925,8925,2,train
8926,8926,9,train
8927,8927,17,test
8928,8928,17,test
8929,8929,8,train
8930,8930,16,validation
8931,8931,13,train
8932,8932,3,train
8933,8933,5,train
8934,8934,19,test
8935,8935,3,train
8936,8936,11,train
8937,8937,7,train
8938,8938,13,train
8939,8939,18,test
8940,8940,10,train
8941,8941,3,train
8942,8942,5,train
8943,8943,13,train
8944,8944,14,validation
8945,8945,7,train
8946,8946,12,train
8947,8947,12,train
8948,8948,11,train
8949,8949,15,validation
8950,8950,4,train
8951,8951,15,validation
8952,8952,5,train
8953,8953,13,train
8954,8954,10,train
8955,8955,5,train
8956,8956,10,train
8957,8957,5,train
8958,8958,13,train
8959,8959,6,train
8960,8960,7,train
8961,8961,11,train
8962,8962,18,test
8963,8963,3,train
8964,8964,0,train
8965,8965,0,train
8966,8966,0,train
8967,8967,5,train
8968,8968,11,train
8969,8969,11,train
8970,8970,17,test
8971,8971,17,test
8972,8972,11,train
8973,8973,8,train
8974,8974,18,test
8975,8975,3,train
8976,8976,2,train
8977,8977,4,train
8978,8978,4,train
8979,8979,13,train
8980,8980,9,train
8981,8981,4,train
8982,8982,10,train
8983,8983,3,train
8984,8984,15,validation
8985,8985,10,train
8986,8986,7,train
8987,8987,7,train
8988,8988,10,train
8989,8989,13,train
8990,8990,1,train
8991,8991,3,train
8992,8992,11,train
8993,8993,15,validation
8994,8994,0,train
8995,8995,7,train
8996,8996,1,train
8997,8997,10,train
8998,8998,2,train
8999,8999,3,train
9000,9000,13,train
9001,9001,0,train
9002,9002,3,train
9003,9003,6,train
9004,9004,0,train
9005,9005,1,train
9006,9006,16,validation
9007,9007,2,train
9008,9008,15,validation
9009,9009,0,train
9010,9010,17,test
9011,9011,11,train
9012,9012,14,validation
9013,9013,18,test
9014,9014,15,validation
9015,9015,12,train
9016,9016,10,train
9017,9017,15,validation
9018,9018,10,train
9019,9019,17,test
9020,9020,4,train
9021,9021,7,train
9022,9022,15,validation
9023,9023,3,train
9024,9024,2,train
9025,9025,15,validation
9026,9026,10,train
9027,9027,3,train
9028,9028,19,test
9029,9029,15,validation
9030,9030,2,train
9031,9031,7,train
9032,9032,10,train
9033,9033,8,train
9034,9034,4,train
9035,9035,0,train
9036,9036,19,test
9037,9037,13,train
9038,9038,12,train
9039,9039,9,train
9040,9040,17,test
9041,9041,0,train
9042,9042,2,train
9043,9043,19,test
9044,9044,7,train
9045,9045,0,train
9046,9046,16,validation
9047,9047,17,test
9048,9048,16,validation
9049,9049,0,train
9050,9050,15,validation
9051,9051,14,validation
9052,9052,8,train
9053,9053,10,train
9054,9054,19,test
9055,9055,7,train
9056,9056,14,validation
9057,9057,0,train
9058,9058,16,validation
9059,9059,14,validation
9060,9060,7,train
9061,9061,6,train
9062,9062,17,test
9063,9063,4,train
9064,9064,8,train
9065,9065,2,train
9066,9066,1,train
9067,9067,11,train
9068,9068,17,test
9069,9069,15,validation
9070,9070,14,validation
9071,9071,15,validation
9072,9072,10,train
9073,9073,18,test
9074,9074,4,train
9075,9075,10,train
9076,9076,1,train
9077,9077,10,train
9078,9078,13,train
9079,9079,19,test
9080,9080,5,train
9081,9081,4,train
9082,9082,16,validation
9083,9083,7,train
9084,9084,11,train
9085,9085,4,train
9086,9086,1,train
9087,9087,18,test
9088,9088,2,train
9089,9089,6,train
9090,9090,4,train
9091,9091,19,test
9092,9092,8,train
9093,9093,9,train
9094,9094,18,test
9095,9095,19,test
9096,9096,13,train
9097,9097,0,train
9098,9098,0,train
9099,9099,11,train
9100,9100,8,train
9101,9101,14,validation
9102,9102,17,test
9103,9103,17,test
9104,9104,2,train
9105,9105,10,train
9106,9106,6,train
9107,9107,18,test
9108,9108,5,train
9109,9109,10,train
9110,9110,1,train
9111,9111,19,test
9112,9112,6,train
9113,9113,13,train
9114,9114,3,train
9115,9115,6,train
9116,9116,12,train
9117,9117,9,train
9118,9118,13,train
9119,9119,10,train
9120,9120,15,validation
9121,9121,6,train
9122,9122,11,train
9123,9123,2,train
9124,9124,9,train
9125,9125,13,train
9126,9126,4,train
9127,9127,14,validation
9128,9128,9,train
9129,9129,13,train
9130,9130,17,test
9131,9131,14,validation
9132,9132,7,train
9133,9133,4,train
9134,9134,18,test
9135,9135,2,train
9136,9136,4,train
9137,9137,14,validation
9138,9138,19,test
9139,9139,14,validation
9140,9140,11,train
9141,9141,7,train
9142,9142,3,train
9143,9143,1,train
9144,9144,3,train
9145,9145,9,train
9146,9146,8,train
9147,9147,11,train
9148,9148,8,train
9149,9149,1,train
9150,9150,3,train
9151,9151,7,train
9152,9152,16,validation
9153,9153,18,test
9154,9154,7,train
9155,9155,15,validation
9156,9156,1,train
9157,9157,17,test
9158,9158,9,train
9159,9159,13,train
9160,9160,15,validation
9161,9161,9,train
9162,9162,18,test
9163,9163,19,test
9164,9164,7,train
9165,9165,4,train
9166,9166,8,train
9167,9167,9,train
9168,9168,13,train
9169,9169,18,test
9170,9170,15,validation
9171,9171,0,train
9172,9172,10,train
9173,9173,14,validation
9174,9174,7,train
9175,9175,13,train
9176,9176,4,train
9177,9177,4,train
9178,9178,5,train
9179,9179,4,train
9180,9180,13,train
9181,9181,10,train
9182,9182,16,validation
9183,9183,0,train
9184,9184,1,train
9185,9185,4,train
9186,9186,15,validation
9187,9187,12,train
9188,9188,8,train
9189,9189,3,train
9190,9190,1,train
9191,9191,19,test
9192,9192,11,train
9193,9193,12,train
9194,9194,19,test
9195,9195,6,train
9196,9196,12,train
9197,9197,9,train
9198,9198,17,test
9199,9199,1,train
9200,9200,2,train
9201,9201,7,train
9202,9202,15,validation
9203,9203,10,train
9204,9204,0,train
9205,9205,6,train
9206,9206,10,train
9207,9207,16,validation
9208,9208,10,train
9209,9209,17,test
9210,9210,12,train
9211,9211,3,train
9212,9212,3,train
9213,9213,13,train
9214,9214,10,train
9215,9215,6,train
9216,9216,12,train
9217,9217,3,train
9218,9218,13,train
9219,9219,8,train
9220,9220,15,validation
9221,9221,19,test
9222,9222,1,train
9223,9223,17,test
9224,9224,9,train
9225,9225,15,validation
9226,9226,4,train
9227,9227,10,train
9228,9228,9,train
9229,9229,4,train
9230,9230,12,train
9231,9231,18,test
9232,9232,4,train
9233,9233,17,test
9234,9234,19,test
9235,9235,5,train
9236,9236,0,train
9237,9237,7,train
9238,9238,15,validation
9239,9239,4,train
9240,9240,15,validation
9241,9241,14,validation
9242,9242,7,train
9243,9243,9,train
9244,9244,2,train
9245,9245,14,validation
9246,9246,18,test
9247,9247,19,test
9248,9248,13,train
9249,9249,17,test
9250,9250,5,train
9251,9251,15,validation
9252,9252,12,train
9253,9253,17,test
9254,9254,2,train
9255,9255,12,train
9256,9256,4,train
9257,9257,15,validation
9258,9258,6,train
9259,9259,13,train
9260,9260,5,train
9261,9261,9,train
9262,9262,14,validation
9263,9263,10,train
9264,9264,2,train
9265,9265,6,train
9266,9266,1,train
9267,9267,3,train
9268,9268,10,train
9269,9269,15,validation
9270,9270,6,train
9271,9271,7,train
9272,9272,11,train
9273,9273,1,train
9274,9274,4,train
9275,9275,10,train
9276,9276,14,validation
9277,9277,4,train
9278,9278,1,train
9279,9279,5,train
9280,9280,19,test
9281,9281,15,validation
9282,9282,3,train
9283,9283,16,validation
9284,9284,1,train
9285,9285,0,train
9286,9286,19,test
9287,9287,2,train
9288,9288,15,validation
9289,9289,6,train
9290,9290,0,train
9291,9291,8,train
9292,9292,7,train
9293,9293,3,train
9294,9294,9,train
9295,9295,16,validation
9296,9296,9,train
9297,9297,0,train
9298,9298,8,train
9299,9299,7,train
9300,9300,3,train
9301,9301,17,test
9302,9302,15,validation
9303,9303,17,test
9304,9304,18,test
9305,9305,6,train
9306,9306,11,train
9307,9307,7,train
9308,9308,11,train
9309,9309,10,train
9310,9310,18,test
9311,9311,15,validation
9312,9312,11,train
9313,9313,9,train
9314,9314,9,train
9315,9315,0,train
9316,9316,9,train
9317,9317,19,test
9318,9318,9,train
9319,9319,11,train
9320,9320,9,train
9321,9321,2,train
9322,9322,4,train
9323,9323,8,train
9324,9324,4,train
9325,9325,4,train
9326,9326,12,train
9327,9327,15,validation
9328,9328,15,validation
9329,9329,3,train
9330,9330,4,train
9331,9331,10,train
9332,9332,1,train
9333,9333,12,train
9334,9334,19,test
9335,9335,9,train
9336,9336,13,train
9337,9337,18,test
9338,9338,0,train
9339,9339,18,test
9340,9340,13,train
9341,9341,2,train
9342,9342,3,train
9343,9343,17,test
9344,9344,15,validation
9345,9345,10,train
9346,9346,2,train
9347,9347,18,test
9348,9348,19,test
9349,9349,12,train
9350,9350,5,train
9351,9351,13,train
9352,9352,15,validation
9353,9353,19,test
9354,9354,16,validation
9355,9355,8,train
9356,9356,7,train
9357,9357,9,train
9358,9358,19,test
9359,9359,15,validation
9360,9360,12,train
9361,9361,4,train
9362,9362,4,train
9363,9363,18,test
9364,9364,11,train
9365,9365,7,train
9366,9366,2,train
9367,9367,6,train
9368,9368,19,test
9369,9369,3,train
9370,9370,0,train
9371,9371,4,train
9372,9372,14,validation
9373,9373,9,train
9374,9374,4,train
9375,9375,3,train
9376,9376,17,test
9377,9377,14,validation
9378,9378,18,test
9379,9379,6,train
9380,9380,6,train
9381,9381,1,train
9382,9382,9,train
9383,9383,16,validation
9384,9384,4,train
9385,9385,10,train
9386,9386,2,train
9387,9387,19,test
9388,9388,6,train
9389,9389,13,train
9390,9390,9,train
9391,9391,18,test
9392,9392,19,test
9393,9393,7,train
9394,9394,11,train
9395,9395,11,train
9396,9396,19,test
9397,9397,14,validation
9398,9398,5,train
9399,9399,18,test
9400,9400,14,validation
9401,9401,14,validation
9402,9402,2,train
9403,9403,7,train
9404,9404,4,train
9405,9405,1,train
9406,9406,19,test
9407,9407,4,train
9408,9408,0,train
9409,9409,14,validation
9410,9410,13,train
9411,9411,12,train
9412,9412,14,validation
9413,9413,13,train
9414,9414,6,train
9415,9415,17,test
9416,9416,17,test
9417,9417,5,train
9418,9418,15,validation
9419,9419,5,train
9420,9420,11,train
9421,9421,12,train
9422,9422,10,train
9423,9423,11,train
9424,9424,5,train
9425,9425,17,test
9426,9426,17,test
9427,9427,14,validation
9428,9428,1,train
9429,9429,1,train
9430,9430,9,train
9431,9431,4,train
9432,9432,16,validation
9433,9433,1,train
9434,9434,6,train
9435,9435,6,train
9436,9436,19,test
9437,9437,0,train
9438,9438,13,train
9439,9439,9,train
9440,9440,13,train
9441,9441,16,validation
9442,9442,4,train
9443,9443,10,train
9444,9444,12,train
9445,9445,10,train
9446,9446,11,train
9447,9447,14,validation
9448,9448,2,train
9449,9449,17,test
9450,9450,16,validation
9451,9451,17,test
9452,9452,0,train
9453,9453,15,validation
9454,9454,8,train
9455,9455,4,train
9456,9456,15,validation
9457,9457,19,test
9458,9458,4,train
9459,9459,11,train
9460,9460,2,train
9461,9461,19,test
9462,9462,5,train
9463,9463,2,train
9464,9464,5,train
9465,9465,12,train
9466,9466,11,train
9467,9467,2,train
9468,9468,0,train
9469,9469,5,train
9470,9470,15,validation
9471,9471,17,test
9472,9472,3,train
9473,9473,9,train
9474,9474,1,train
9475,9475,8,train
9476,9476,2,train
9477,9477,10,train
9478,9478,8,train
9479,9479,2,train
9480,9480,14,validation
9481,9481,14,validation
9482,9482,10,train
9483,9483,15,validation
9484,9484,11,train
9485,9485,6,train
9486,9486,6,train
9487,9487,6,train
9488,9488,2,train
9489,9489,5,train
9490,9490,14,validation
9491,9491,19,test
9492,9492,10,train
9493,9493,13,train
9494,9494,16,validation
9495,9495,14,validation
9496,9496,0,train
9497,9497,5,train
9498,9498,0,train
9499,9499,5,train
9500,9500,2,train
9501,9501,18,test
9502,9502,0,train
9503,9503,14,validation
9504,9504,14,validation
9505,9505,19,test
9506,9506,16,validation
9507,9507,0,train
9508,9508,14,validation
9509,9509,9,train
9510,9510,4,train
9511,9511,16,validation
9512,9512,3,train
9513,9513,2,train
9514,9514,16,validation
9515,9515,6,train
9516,9516,4,train
9517,9517,14,validation
9518,9518,7,train
9519,9519,19,test
9520,9520,5,train
9521,9521,16,validation
9522,9522,10,train
9523,9523,19,test
9524,9524,8,train
9525,9525,1,train
9526,9526,9,train
9527,9527,5,train
9528,9528,18,test
9529,9529,14,validation
9530,9530,8,train
9531,9531,6,train
9532,9532,13,train
9533,9533,5,train
9534,9534,7,train
9535,9535,10,train
9536,9536,1,train
9537,9537,2,train
9538,9538,0,train
9539,9539,19,test
9540,9540,1,train
9541,9541,19,test
9542,9542,3,train
9543,9543,19,test
9544,9544,14,validation
9545,9545,14,validation
9546,9546,16,validation
9547,9547,11,train
9548,9548,18,test
9549,9549,0,train
9550,9550,17,test
9551,9551,9,train
9552,9552,16,validation
9553,9553,16,validation
9554,9554,0,train
9555,9555,18,test
9556,9556,17,test
9557,9557,12,train
9558,9558,15,validation
9559,9559,9,train
9560,9560,9,train
9561,9561,14,validation
9562,9562,4,train
9563,9563,12,train
9564,9564,11,train
9565,9565,1,train
9566,9566,5,train
9567,9567,6,train
9568,9568,8,train
9569,9569,12,train
9570,9570,3,train
9571,9571,7,train
9572,9572,7,train
9573,9573,4,train
9574,9574,2,train
9575,9575,7,train
9576,9576,16,validation
9577,9577,6,train
9578,9578,9,train
9579,9579,11,train
9580,9580,10,train
9581,9581,0,train
9582,9582,11,train
9583,9583,1,train
9584,9584,12,train
9585,9585,6,train
9586,9586,3,train
9587,9587,8,train
9588,9588,1,train
9589,9589,2,train
9590,9590,12,train
9591,9591,2,train
9592,9592,1,train
9593,9593,3,train
9594,9594,19,test
9595,9595,15,validation
9596,9596,13,train
9597,9597,3,train
9598,9598,6,train
9599,9599,10,train
9600,9600,15,validation
9601,9601,6,train
9602,9602,12,train
9603,9603,11,train
9604,9604,17,test
9605,9605,11,train
9606,9606,17,test
9607,9607,2,train
9608,9608,1,train
9609,9609,10,train
9610,9610,1,train
9611,9611,2,train
9612,9612,13,train
9613,9613,17,test
9614,9614,11,train
9615,9615,7,train
9616,9616,9,train
9617,9617,13,train
9618,9618,3,train
9619,9619,6,train
9620,9620,15,validation
9621,9621,0,train
9622,9622,18,test
9623,9623,11,train
9624,9624,17,test
9625,9625,10,train
9626,9626,16,validation
9627,9627,1,train
9628,9628,8,train
9629,9629,10,train
9630,9630,4,train
9631,9631,10,train
9632,9632,8,train
9633,9633,12,train
9634,9634,19,test
9635,9635,16,validation
9636,9636,13,train
9637,9637,18,test
9638,9638,7,train
9639,9639,14,validation
9640,9640,3,train
9641,9641,4,train
9642,9642,16,validation
9643,9643,8,train
9644,9644,3,train
9645,9645,10,train
9646,9646,5,train
9647,9647,7,train
9648,9648,10,train
9649,9649,13,train
9650,9650,7,train
9651,9651,17,test
9652,9652,10,train
9653,9653,7,train
9654,9654,16,validation
9655,9655,8,train
9656,9656,0,train
9657,9657,11,train
9658,9658,5,train
9659,9659,3,train
9660,9660,13,train
9661,9661,6,train
9662,9662,11,train
9663,9663,15,validation
9664,9664,1,train
9665,9665,0,train
9666,9666,12,train
9667,9667,12,train
9668,9668,13,train
9669,9669,19,test
9670,9670,3,train
9671,9671,16,validation
9672,9672,4,train
9673,9673,16,validation
9674,9674,7,train
9675,9675,14,validation
9676,9676,12,train
9677,9677,13,train
9678,9678,18,test
9679,9679,17,test
9680,9680,3,train
9681,9681,0,train
9682,9682,1,train
9683,9683,0,train
9684,9684,14,validation
9685,9685,6,train
9686,9686,5,train
9687,9687,6,train
9688,9688,14,validation
9689,9689,6,train
9690,9690,7,train
9691,9691,18,test
9692,9692,2,train
9693,9693,7,train
9694,9694,11,train
9695,9695,11,train
9696,9696,17,test
9697,9697,1,train
9698,9698,13,train
9699,9699,14,validation
9700,9700,8,train
9701,9701,2,train
9702,9702,7,train
9703,9703,8,train
9704,9704,11,train
9705,9705,3,train
9706,9706,4,train
9707,9707,7,train
9708,9708,1,train
9709,9709,9,train
9710,9710,13,train
9711,9711,8,train
9712,9712,15,validation
9713,9713,19,test
9714,9714,2,train
9715,9715,3,train
9716,9716,9,train
9717,9717,7,train
9718,9718,1,train
9719,9719,2,train
9720,9720,10,train
9721,9721,0,train
9722,9722,16,validation
9723,9723,11,train
9724,9724,17,test
9725,9725,3,train
9726,9726,15,validation
9727,9727,0,train
9728,9728,7,train
9729,9729,0,train
9730,9730,6,train
9731,9731,15,validation
9732,9732,3,train
9733,9733,13,train
9734,9734,9,train
9735,9735,6,train
9736,9736,2,train
9737,9737,2,train
9738,9738,0,train
9739,9739,11,train
9740,9740,19,test
9741,9741,1,train
9742,9742,17,test
9743,9743,18,test
9744,9744,16,validation
9745,9745,15,validation
9746,9746,8,train
9747,9747,8,train
9748,9748,16,validation
9749,9749,13,train
9750,9750,5,train
9751,9751,1,train
9752,9752,0,train
9753,9753,7,train
9754,9754,17,test
9755,9755,11,train
9756,9756,2,train
9757,9757,13,train
9758,9758,3,train
9759,9759,0,train
9760,9760,10,train
9761,9761,6,train
9762,9762,18,test
9763,9763,16,validation
9764,9764,16,validation
9765,9765,5,train
9766,9766,18,test
9767,9767,13,train
9768,9768,5,train
9769,9769,13,train
9770,9770,7,train
9771,9771,15,validation
9772,9772,17,test
9773,9773,15,validation
9774,9774,17,test
9775,9775,8,train
9776,9776,0,train
9777,9777,0,train
9778,9778,13,train
9779,9779,8,train
9780,9780,6,train
9781,9781,7,train
9782,9782,11,train
9783,9783,18,test
9784,9784,14,validation
9785,9785,2,train
9786,9786,5,train
9787,9787,4,train
9788,9788,5,train
9789,9789,6,train
9790,9790,11,train
9791,9791,1,train
9792,9792,4,train
9793,9793,10,train
9794,9794,10,train
9795,9795,16,validation
9796,9796,7,train
9797,9797,17,test
9798,9798,12,train
9799,9799,12,train
9800,9800,3,train
9801,9801,0,train
9802,9802,7,train
9803,9803,19,test
9804,9804,9,train
9805,9805,19,test
9806,9806,16,validation
9807,9807,12,train
9808,9808,14,validation
9809,9809,2,train
9810,9810,1,train
9811,9811,7,train
9812,9812,11,train
9813,9813,16,validation
9814,9814,17,test
9815,9815,16,validation
9816,9816,16,validation
9817,9817,5,train
9818,9818,9,train
9819,9819,1,train
9820,9820,18,test
9821,9821,1,train
9822,9822,8,train
9823,9823,19,test
9824,9824,19,test
9825,9825,2,train
9826,9826,4,train
9827,9827,12,train
9828,9828,10,train
9829,9829,16,validation
9830,9830,8,train
9831,9831,12,train
9832,9832,19,test
9833,9833,6,train
9834,9834,0,train
9835,9835,2,train
9836,9836,3,train
9837,9837,0,train
9838,9838,16,validation
9839,9839,14,validation
9840,9840,14,validation
9841,9841,2,train
9842,9842,18,test
9843,9843,15,validation
9844,9844,15,validation
9845,9845,5,train
9846,9846,4,train
9847,9847,19,test
9848,9848,18,test
9849,9849,1,train
9850,9850,10,train
9851,9851,16,validation
9852,9852,18,test
9853,9853,1,train
9854,9854,6,train
9855,9855,2,train
9856,9856,5,train
9857,9857,16,validation
9858,9858,3,train
9859,9859,17,test
9860,9860,6,train
9861,9861,13,train
9862,9862,13,train
9863,9863,7,train
9864,9864,1,train
9865,9865,7,train
9866,9866,9,train
9867,9867,12,train
9868,9868,1,train
9869,9869,11,train
9870,9870,18,test
9871,9871,6,train
9872,9872,5,train
9873,9873,13,train
9874,9874,19,test
9875,9875,16,validation
9876,9876,7,train
9877,9877,6,train
9878,9878,13,train
9879,9879,17,test
9880,9880,10,train
9881,9881,17,test
9882,9882,9,train
9883,9883,2,train
9884,9884,9,train
9885,9885,2,train
9886,9886,11,train
9887,9887,4,train
9888,9888,10,train
9889,9889,8,train
9890,9890,7,train
9891,9891,11,train
9892,9892,4,train
9893,9893,3,train
9894,9894,4,train
9895,9895,18,test
9896,9896,3,train
9897,9897,8,train
9898,9898,2,train
9899,9899,18,test
9900,9900,6,train
9901,9901,12,train
9902,9902,14,validation
9903,9903,4,train
9904,9904,2,train
9905,9905,6,train
9906,9906,11,train
9907,9907,6,train
9908,9908,16,validation
9909,9909,16,validation
9910,9910,4,train
9911,9911,12,train
9912,9912,7,train
9913,9913,11,train
9914,9914,3,train
9915,9915,3,train
9916,9916,3,train
9917,9917,2,train
9918,9918,9,train
9919,9919,3,train
9920,9920,8,train
9921,9921,1,train
9922,9922,18,test
9923,9923,11,train
9924,9924,14,validation
9925,9925,12,train
9926,9926,16,validation
9927,9927,8,train
9928,9928,16,validation
9929,9929,12,train
9930,9930,16,validation
9931,9931,2,train
9932,9932,7,train
9933,9933,10,train
9934,9934,8,train
9935,9935,18,test
9936,9936,16,validation
9937,9937,15,validation
9938,9938,13,train
9939,9939,1,train
9940,9940,19,test
9941,9941,2,train
9942,9942,6,train
9943,9943,16,validation
9944,9944,11,train
9945,9945,3,train
9946,9946,17,test
9947,9947,19,test
9948,9948,3,train
9949,9949,14,validation
9950,9950,6,train
9951,9951,0,train
9952,9952,6,train
9953,9953,0,train
9954,9954,9,train
9955,9955,0,train
9956,9956,15,validation
9957,9957,6,train
9958,9958,9,train
9959,9959,19,test
9960,9960,18,test
9961,9961,0,train
9962,9962,2,train
9963,9963,3,train
9964,9964,13,train
9965,9965,5,train
9966,9966,10,train
9967,9967,7,train
9968,9968,5,train
9969,9969,14,validation
9970,9970,13,train
9971,9971,2,train
9972,9972,12,train
9973,9973,6,train
9974,9974,9,train
9975,9975,11,train
9976,9976,3,train
9977,9977,3,train
9978,9978,15,validation
9979,9979,17,test
9980,9980,17,test
9981,9981,5,train
9982,9982,15,validation
9983,9983,4,train
9984,9984,17,test
9985,9985,18,test
9986,9986,5,train
9987,9987,4,train
9988,9988,1,train
9989,9989,0,train
9990,9990,7,train
9991,9991,14,validation
9992,9992,6,train
9993,9993,0,train
9994,9994,5,train
9995,9995,8,train
9996,9996,19,test
9997,9997,13,train
9998,9998,10,train
9999,9999,18,test
10000,10000,0,train
10001,10001,2,train
10002,10002,4,train
10003,10003,19,test
10004,10004,3,train
10005,10005,3,train
10006,10006,10,train
10007,10007,15,validation
10008,10008,5,train
10009,10009,10,train
10010,10010,17,test
10011,10011,2,train
10012,10012,16,validation
10013,10013,5,train
10014,10014,12,train
10015,10015,8,train
10016,10016,13,train
10017,10017,9,train
10018,10018,17,test
10019,10019,14,validation
10020,10020,7,train
10021,10021,13,train
10022,10022,16,validation
10023,10023,9,train
10024,10024,8,train
10025,10025,17,test
10026,10026,18,test
10027,10027,15,validation
10028,10028,13,train
10029,10029,4,train
10030,10030,0,train
10031,10031,10,train
10032,10032,0,train
10033,10033,9,train
10034,10034,8,train
10035,10035,16,validation
10036,10036,14,validation
10037,10037,9,train
10038,10038,4,train
10039,10039,9,train
10040,10040,7,train
10041,10041,5,train
10042,10042,14,validation
10043,10043,15,validation
10044,10044,16,validation
10045,10045,13,train
10046,10046,1,train
10047,10047,19,test
10048,10048,14,validation
10049,10049,10,train
10050,10050,14,validation
10051,10051,1,train
10052,10052,8,train
10053,10053,12,train
10054,10054,0,train
10055,10055,8,train
10056,10056,3,train
10057,10057,12,train
10058,10058,14,validation
10059,10059,6,train
10060,10060,14,validation
10061,10061,18,test
10062,10062,18,test
10063,10063,4,train
10064,10064,18,test
10065,10065,0,train
10066,10066,10,train
10067,10067,15,validation
10068,10068,17,test
10069,10069,17,test
10070,10070,14,validation
10071,10071,2,train
10072,10072,11,train
10073,10073,11,train
10074,10074,11,train
10075,10075,10,train
10076,10076,12,train
10077,10077,17,test
10078,10078,13,train
10079,10079,15,validation
10080,10080,11,train
10081,10081,13,train
10082,10082,16,validation
10083,10083,9,train
10084,10084,10,train
10085,10085,16,validation
10086,10086,14,validation
10087,10087,14,validation
10088,10088,7,train
10089,10089,17,test
10090,10090,6,train
10091,10091,11,train
10092,10092,6,train
10093,10093,17,test
10094,10094,6,train
10095,10095,7,train
10096,10096,2,train
10097,10097,12,train
10098,10098,11,train
10099,10099,0,train
10100,10100,11,train
10101,10101,0,train
10102,10102,17,test
10103,10103,15,validation
10104,10104,4,train
10105,10105,10,train
10106,10106,4,train
10107,10107,19,test
10108,10108,4,train
10109,10109,2,train
10110,10110,19,test
10111,10111,11,train
10112,10112,7,train
10113,10113,3,train
10114,10114,5,train
10115,10115,11,train
10116,10116,4,train
10117,10117,14,validation
10118,10118,17,test
10119,10119,0,train
10120,10120,6,train
10121,10121,18,test
10122,10122,14,validation
10123,10123,4,train
10124,10124,12,train
10125,10125,15,validation
10126,10126,9,train
10127,10127,5,train
10128,10128,17,test
10129,10129,16,validation
10130,10130,15,validation
10131,10131,13,train
10132,10132,13,train
10133,10133,3,train
10134,10134,2,train
10135,10135,10,train
10136,10136,14,validation
10137,10137,13,train
10138,10138,14,validation
10139,10139,13,train
10140,10140,19,test
10141,10141,8,train
10142,10142,13,train
10143,10143,4,train
10144,10144,2,train
10145,10145,5,train
10146,10146,13,train
10147,10147,8,train
10148,10148,2,train
10149,10149,0,train
10150,10150,2,train
10151,10151,2,train
10152,10152,10,train
10153,10153,19,test
10154,10154,7,train
10155,10155,5,train
10156,10156,17,test
10157,10157,16,validation
10158,10158,0,train
10159,10159,13,train
10160,10160,4,train
10161,10161,10,train
10162,10162,13,train
10163,10163,18,test
10164,10164,11,train
10165,10165,2,train
10166,10166,11,train
10167,10167,8,train
10168,10168,0,train
10169,10169,7,train
10170,10170,12,train
10171,10171,2,train
10172,10172,8,train
10173,10173,14,validation
10174,10174,0,train
10175,10175,11,train
10176,10176,5,train
10177,10177,17,test
10178,10178,11,train
10179,10179,1,train
10180,10180,4,train
10181,10181,18,test
10182,10182,3,train
10183,10183,9,train
10184,10184,3,train
10185,10185,10,train
10186,10186,18,test
10187,10187,10,train
10188,10188,2,train
10189,10189,13,train
10190,10190,6,train
10191,10191,16,validation
10192,10192,10,train
10193,10193,11,train
10194,10194,2,train
10195,10195,14,validation
10196,10196,17,test
10197,10197,16,validation
10198,10198,17,test
10199,10199,1,train
10200,10200,7,train
10201,10201,0,train
10202,10202,0,train
10203,10203,12,train
10204,10204,1,train
10205,10205,11,train
10206,10206,4,train
10207,10207,14,validation
10208,10208,5,train
10209,10209,1,train
10210,10210,10,train
10211,10211,8,train
10212,10212,3,train
10213,10213,13,train
10214,10214,17,test
10215,10215,2,train
10216,10216,16,validation
10217,10217,11,train
10218,10218,14,validation
10219,10219,7,train
10220,10220,5,train
10221,10221,0,train
10222,10222,13,train
10223,10223,14,validation
10224,10224,9,train
10225,10225,10,train
10226,10226,2,train
10227,10227,2,train
10228,10228,13,train
10229,10229,10,train
10230,10230,9,train
10231,10231,7,train
10232,10232,1,train
10233,10233,15,validation
10234,10234,16,validation
10235,10235,10,train
10236,10236,5,train
10237,10237,10,train
10238,10238,15,validation
10239,10239,8,train
10240,10240,2,train
10241,10241,9,train
10242,10242,6,train
10243,10243,9,train
10244,10244,7,train
10245,10245,12,train
10246,10246,13,train
10247,10247,10,train
10248,10248,18,test
10249,10249,11,train
10250,10250,13,train
10251,10251,12,train
10252,10252,15,validation
10253,10253,6,train
10254,10254,8,train
10255,10255,0,train
10256,10256,10,train
10257,10257,17,test
10258,10258,10,train
10259,10259,14,validation
10260,10260,7,train
10261,10261,7,train
10262,10262,4,train
10263,10263,2,train
10264,10264,2,train
10265,10265,5,train
10266,10266,12,train
10267,10267,14,validation
10268,10268,8,train
10269,10269,15,validation
10270,10270,10,train
10271,10271,9,train
10272,10272,12,train
10273,10273,17,test
10274,10274,11,train
10275,10275,6,train
10276,10276,18,test
10277,10277,14,validation
10278,10278,6,train
10279,10279,15,validation
10280,10280,18,test
10281,10281,13,train
10282,10282,17,test
10283,10283,9,train
10284,10284,10,train
10285,10285,8,train
10286,10286,11,train
10287,10287,15,validation
10288,10288,5,train
10289,10289,2,train
10290,10290,12,train
10291,10291,4,train
10292,10292,3,train
10293,10293,18,test
10294,10294,1,train
10295,10295,0,train
10296,10296,17,test
10297,10297,16,validation
10298,10298,0,train
10299,10299,15,validation
10300,10300,8,train
10301,10301,15,validation
10302,10302,4,train
10303,10303,12,train
10304,10304,6,train
10305,10305,7,train
10306,10306,1,train
10307,10307,19,test
10308,10308,7,train
10309,10309,13,train
10310,10310,7,train
10311,10311,6,train
10312,10312,14,validation
10313,10313,3,train
10314,10314,17,test
10315,10315,19,test
10316,10316,17,test
10317,10317,9,train
10318,10318,11,train
10319,10319,3,train
10320,10320,18,test
10321,10321,4,train
10322,10322,1,train
10323,10323,12,train
10324,10324,16,validation
10325,10325,2,train
10326,10326,5,train
10327,10327,11,train
10328,10328,5,train
10329,10329,9,train
10330,10330,12,train
10331,10331,5,train
10332,10332,6,train
10333,10333,7,train
10334,10334,19,test
10335,10335,3,train
10336,10336,16,validation
10337,10337,2,train
10338,10338,16,validation
10339,10339,10,train
10340,10340,17,test
10341,10341,6,train
10342,10342,12,train
10343,10343,9,train
10344,10344,4,train
10345,10345,12,train
10346,10346,1,train
10347,10347,15,validation
10348,10348,3,train
10349,10349,6,train
10350,10350,4,train
10351,10351,3,train
10352,10352,4,train
10353,10353,0,train
10354,10354,19,test
10355,10355,10,train
10356,10356,13,train
10357,10357,19,test
10358,10358,11,train
10359,10359,17,test
10360,10360,9,train
10361,10361,19,test
10362,10362,13,train
10363,10363,0,train
10364,10364,8,train
10365,10365,9,train
10366,10366,3,train
10367,10367,8,train
10368,10368,5,train
10369,10369,0,train
10370,10370,16,validation
10371,10371,6,train
10372,10372,8,train
10373,10373,12,train
10374,10374,6,train
10375,10375,17,test
10376,10376,8,train
10377,10377,14,validation
10378,10378,19,test
10379,10379,9,train
10380,10380,3,train
10381,10381,8,train
10382,10382,10,train
10383,10383,7,train
10384,10384,2,train
10385,10385,8,train
10386,10386,15,validation
10387,10387,8,train
10388,10388,17,test
10389,10389,3,train
10390,10390,11,train
10391,10391,0,train
10392,10392,11,train
10393,10393,11,train
10394,10394,11,train
10395,10395,18,test
10396,10396,17,test
10397,10397,8,train
10398,10398,14,validation
10399,10399,10,train
10400,10400,8,train
10401,10401,16,validation
10402,10402,8,train
10403,10403,3,train
10404,10404,8,train
10405,10405,7,train
10406,10406,12,train
10407,10407,4,train
10408,10408,19,test
10409,10409,18,test
10410,10410,17,test
10411,10411,16,validation
10412,10412,9,train
10413,10413,17,test
10414,10414,10,train
10415,10415,6,train
10416,10416,1,train
10417,10417,7,train
10418,10418,17,test
10419,10419,1,train
10420,10420,11,train
10421,10421,11,train
10422,10422,11,train
10423,10423,6,train
10424,10424,16,validation
10425,10425,12,train
10426,10426,18,test
10427,10427,8,train
10428,10428,7,train
10429,10429,7,train
10430,10430,12,train
10431,10431,2,train
10432,10432,17,test
10433,10433,18,test
10434,10434,0,train
10435,10435,17,test
10436,10436,12,train
10437,10437,5,train
10438,10438,1,train
10439,10439,12,train
10440,10440,7,train
10441,10441,10,train
10442,10442,13,train
10443,10443,17,test
10444,10444,4,train
10445,10445,3,train
10446,10446,6,train
10447,10447,19,test
10448,10448,1,train
10449,10449,12,train
10450,10450,15,validation
10451,10451,17,test
10452,10452,0,train
10453,10453,8,train
10454,10454,11,train
10455,10455,5,train
10456,10456,19,test
10457,10457,3,train
10458,10458,11,train
10459,10459,1,train
10460,10460,0,train
10461,10461,12,train
10462,10462,19,test
10463,10463,1,train
10464,10464,13,train
10465,10465,14,validation
10466,10466,3,train
10467,10467,11,train
10468,10468,1,train
10469,10469,4,train
10470,10470,13,train
10471,10471,14,validation
10472,10472,19,test
10473,10473,16,validation
10474,10474,4,train
10475,10475,6,train
10476,10476,1,train
10477,10477,5,train
10478,10478,19,test
10479,10479,0,train
10480,10480,13,train
10481,10481,4,train
10482,10482,5,train
10483,10483,4,train
10484,10484,5,train
10485,10485,17,test
10486,10486,16,validation
10487,10487,11,train
10488,10488,2,train
10489,10489,8,train
10490,10490,17,test
10491,10491,5,train
10492,10492,6,train
10493,10493,14,validation
10494,10494,4,train
10495,10495,18,test
10496,10496,12,train
10497,10497,10,train
10498,10498,2,train
10499,10499,13,train
10500,10500,14,validation
10501,10501,13,train
10502,10502,2,train
10503,10503,17,test
10504,10504,17,test
10505,10505,3,train
10506,10506,5,train
10507,10507,5,train
10508,10508,15,validation
10509,10509,9,train
10510,10510,14,validation
10511,10511,0,train
10512,10512,5,train
10513,10513,15,validation
10514,10514,15,validation
10515,10515,13,train
10516,10516,17,test
10517,10517,18,test
10518,10518,0,train
10519,10519,11,train
10520,10520,18,test
10521,10521,2,train
10522,10522,11,train
10523,10523,4,train
10524,10524,1,train
10525,10525,14,validation
10526,10526,18,test
10527,10527,16,validation
10528,10528,0,train
10529,10529,6,train
10530,10530,13,train
10531,10531,14,validation
10532,10532,14,validation
10533,10533,9,train
10534,10534,11,train
10535,10535,9,train
10536,10536,17,test
10537,10537,14,validation
10538,10538,9,train
10539,10539,9,train
10540,10540,4,train
10541,10541,1,train
10542,10542,13,train
10543,10543,12,train
10544,10544,17,test
10545,10545,8,train
10546,10546,0,train
10547,10547,9,train
10548,10548,16,validation
10549,10549,4,train
10550,10550,12,train
10551,10551,16,validation
10552,10552,12,train
10553,10553,6,train
10554,10554,16,validation
10555,10555,1,train
10556,10556,18,test
10557,10557,9,train
10558,10558,5,train
10559,10559,7,train
10560,10560,13,train
10561,10561,3,train
10562,10562,7,train
10563,10563,19,test
10564,10564,2,train
10565,10565,0,train
10566,10566,10,train
10567,10567,7,train
10568,10568,17,test
10569,10569,14,validation
10570,10570,14,validation
10571,10571,16,validation
10572,10572,1,train
10573,10573,9,train
10574,10574,7,train
10575,10575,11,train
10576,10576,8,train
10577,10577,10,train
10578,10578,4,train
10579,10579,2,train
10580,10580,11,train
10581,10581,2,train
10582,10582,2,train
10583,10583,3,train
10584,10584,9,train
10585,10585,19,test
10586,10586,11,train
10587,10587,6,train
10588,10588,13,train
10589,10589,18,test
10590,10590,10,train
10591,10591,19,test
10592,10592,11,train
10593,10593,9,train
10594,10594,11,train
10595,10595,13,train
10596,10596,16,validation
10597,10597,5,train
10598,10598,2,train
10599,10599,14,validation
10600,10600,14,validation
10601,10601,3,train
10602,10602,17,test
10603,10603,5,train
10604,10604,5,train
10605,10605,17,test
10606,10606,15,validation
10607,10607,10,train
10608,10608,16,validation
10609,10609,12,train
10610,10610,15,validation
10611,10611,16,validation
10612,10612,10,train
10613,10613,16,validation
10614,10614,16,validation
10615,10615,6,train
10616,10616,10,train
10617,10617,14,validation
10618,10618,8,train
10619,10619,19,test
10620,10620,19,test
10621,10621,2,train
10622,10622,8,train
10623,10623,14,validation
10624,10624,8,train
10625,10625,18,test
10626,10626,6,train
10627,10627,10,train
10628,10628,18,test
10629,10629,5,train
10630,10630,9,train
10631,10631,5,train
10632,10632,9,train
10633,10633,1,train
10634,10634,6,train
10635,10635,3,train
10636,10636,2,train
10637,10637,7,train
10638,10638,17,test
10639,10639,4,train
10640,10640,7,train
10641,10641,9,train
10642,10642,13,train
10643,10643,6,train
10644,10644,11,train
10645,10645,8,train
10646,10646,5,train
10647,10647,4,train
10648,10648,11,train
10649,10649,9,train
10650,10650,3,train
10651,10651,4,train
10652,10652,10,train
10653,10653,10,train
10654,10654,14,validation
10655,10655,15,validation
10656,10656,10,train
10657,10657,8,train
10658,10658,14,validation
10659,10659,0,train
10660,10660,11,train
10661,10661,9,train
10662,10662,0,train
10663,10663,3,train
10664,10664,6,train
10665,10665,3,train
10666,10666,15,validation
10667,10667,4,train
10668,10668,16,validation
10669,10669,14,validation
10670,10670,8,train
10671,10671,12,train
10672,10672,10,train
10673,10673,1,train
10674,10674,1,train
10675,10675,8,train
10676,10676,11,train
10677,10677,6,train
10678,10678,10,train
10679,10679,13,train
10680,10680,3,train
10681,10681,7,train
10682,10682,4,train
10683,10683,0,train
10684,10684,4,train
10685,10685,8,train
10686,10686,17,test
10687,10687,14,validation
10688,10688,19,test
10689,10689,14,validation
10690,10690,16,validation
10691,10691,6,train
10692,10692,8,train
10693,10693,3,train
10694,10694,17,test
10695,10695,6,train
10696,10696,4,train
10697,10697,15,validation
10698,10698,8,train
10699,10699,2,train
10700,10700,12,train
10701,10701,3,train
10702,10702,13,train
10703,10703,2,train
10704,10704,16,validation
10705,10705,8,train
10706,10706,18,test
10707,10707,8,train
10708,10708,0,train
10709,10709,14,validation
10710,10710,19,test
10711,10711,3,train
10712,10712,5,train
10713,10713,11,train
10714,10714,12,train
10715,10715,7,train
10716,10716,7,train
10717,10717,9,train
10718,10718,13,train
10719,10719,9,train
10720,10720,13,train
10721,10721,15,validation
10722,10722,0,train
10723,10723,13,train
10724,10724,11,train
10725,10725,11,train
10726,10726,2,train
10727,10727,7,train
10728,10728,8,train
10729,10729,2,train
10730,10730,17,test
10731,10731,0,train
10732,10732,13,train
10733,10733,9,train
10734,10734,2,train
10735,10735,8,train
10736,10736,6,train
10737,10737,12,train
10738,10738,0,train
10739,10739,10,train
10740,10740,15,validation
10741,10741,16,validation
10742,10742,2,train
10743,10743,14,validation
10744,10744,4,train
10745,10745,1,train
10746,10746,4,train
10747,10747,11,train
10748,10748,2,train
10749,10749,14,validation
10750,10750,17,test
10751,10751,19,test
10752,10752,8,train
10753,10753,2,train
10754,10754,0,train
10755,10755,2,train
10756,10756,8,train
10757,10757,10,train
10758,10758,14,validation
10759,10759,1,train
10760,10760,6,train
10761,10761,5,train
10762,10762,18,test
10763,10763,10,train
10764,10764,1,train
10765,10765,5,train
10766,10766,7,train
10767,10767,12,train
10768,10768,15,validation
10769,10769,5,train
10770,10770,18,test
10771,10771,18,test
10772,10772,8,train
10773,10773,17,test
10774,10774,14,validation
10775,10775,6,train
10776,10776,14,validation
10777,10777,18,test
10778,10778,3,train
10779,10779,16,validation
10780,10780,16,validation
10781,10781,1,train
10782,10782,18,test
10783,10783,1,train
10784,10784,13,train
10785,10785,18,test
10786,10786,16,validation
10787,10787,3,train
10788,10788,7,train
10789,10789,19,test
10790,10790,19,test
10791,10791,10,train
10792,10792,19,test
10793,10793,2,train
10794,10794,3,train
10795,10795,4,train
10796,10796,2,train
10797,10797,8,train
10798,10798,3,train
10799,10799,19,test
10800,10800,2,train
10801,10801,15,validation
10802,10802,1,train
10803,10803,13,train
10804,10804,11,train
10805,10805,7,train
10806,10806,2,train
10807,10807,9,train
10808,10808,19,test
10809,10809,0,train
10810,10810,13,train
10811,10811,13,train
10812,10812,14,validation
10813,10813,7,train
10814,10814,2,train
10815,10815,17,test
10816,10816,5,train
10817,10817,8,train
10818,10818,13,train
10819,10819,16,validation
10820,10820,1,train
10821,10821,12,train
10822,10822,5,train
10823,10823,12,train
10824,10824,10,train
10825,10825,10,train
10826,10826,17,test
10827,10827,7,train
10828,10828,18,test
10829,10829,1,train
10830,10830,11,train
10831,10831,12,train
10832,10832,6,train
10833,10833,5,train
10834,10834,3,train
10835,10835,7,train
10836,10836,4,train
10837,10837,17,test
10838,10838,15,validation
10839,10839,11,train
10840,10840,3,train
10841,10841,4,train
10842,10842,9,train
10843,10843,3,train
10844,10844,11,train
10845,10845,14,validation
10846,10846,15,validation
10847,10847,0,train
10848,10848,3,train
10849,10849,2,train
10850,10850,5,train
10851,10851,2,train
10852,10852,12,train
10853,10853,7,train
10854,10854,14,validation
10855,10855,4,train
10856,10856,4,train
10857,10857,6,train
10858,10858,4,train
10859,10859,13,train
10860,10860,17,test
10861,10861,6,train
10862,10862,17,test
10863,10863,14,validation
10864,10864,1,train
10865,10865,3,train
10866,10866,14,validation
10867,10867,18,test
10868,10868,9,train
10869,10869,0,train
10870,10870,1,train
10871,10871,2,train
10872,10872,11,train
10873,10873,9,train
10874,10874,7,train
10875,10875,4,train
10876,10876,3,train
10877,10877,3,train
10878,10878,0,train
10879,10879,17,test
10880,10880,10,train
10881,10881,3,train
10882,10882,12,train
10883,10883,5,train
10884,10884,5,train
10885,10885,1,train
10886,10886,5,train
10887,10887,2,train
10888,10888,1,train
10889,10889,2,train
10890,10890,11,train
10891,10891,1,train
10892,10892,6,train
10893,10893,3,train
10894,10894,4,train
10895,10895,14,validation
10896,10896,1,train
10897,10897,7,train
10898,10898,15,validation
10899,10899,19,test
10900,10900,18,test
10901,10901,3,train
10902,10902,6,train
10903,10903,2,train
10904,10904,15,validation
10905,10905,0,train
10906,10906,10,train
10907,10907,1,train
10908,10908,12,train
10909,10909,8,train
10910,10910,15,validation
10911,10911,2,train
10912,10912,17,test
10913,10913,18,test
10914,10914,10,train
10915,10915,8,train
10916,10916,19,test
10917,10917,15,validation
10918,10918,1,train
10919,10919,7,train
10920,10920,0,train
10921,10921,4,train
10922,10922,14,validation
10923,10923,8,train
10924,10924,11,train
10925,10925,16,validation
10926,10926,3,train
10927,10927,11,train
10928,10928,7,train
10929,10929,5,train
10930,10930,2,train
10931,10931,11,train
10932,10932,5,train
10933,10933,11,train
10934,10934,6,train
10935,10935,19,test
10936,10936,3,train
10937,10937,7,train
10938,10938,5,train
10939,10939,10,train
10940,10940,0,train
10941,10941,11,train
10942,10942,9,train
10943,10943,16,validation
10944,10944,0,train
10945,10945,1,train
10946,10946,9,train
10947,10947,19,test
10948,10948,14,validation
10949,10949,8,train
10950,10950,8,train
10951,10951,8,train
10952,10952,6,train
10953,10953,11,train
10954,10954,11,train
10955,10955,6,train
10956,10956,5,train
10957,10957,6,train
10958,10958,16,validation
10959,10959,5,train
10960,10960,11,train
10961,10961,13,train
10962,10962,6,train
10963,10963,9,train
10964,10964,3,train
10965,10965,19,test
10966,10966,2,train
10967,10967,0,train
10968,10968,6,train
10969,10969,14,validation
10970,10970,3,train
10971,10971,11,train
10972,10972,16,validation
10973,10973,19,test
10974,10974,6,train
10975,10975,2,train
10976,10976,19,test
10977,10977,10,train
10978,10978,15,validation
10979,10979,19,test
10980,10980,9,train
10981,10981,11,train
10982,10982,0,train
10983,10983,1,train
10984,10984,18,test
10985,10985,4,train
10986,10986,14,validation
10987,10987,13,train
10988,10988,14,validation
10989,10989,5,train
10990,10990,5,train
10991,10991,2,train
10992,10992,9,train
10993,10993,13,train
10994,10994,9,train
10995,10995,9,train
10996,10996,3,train
10997,10997,8,train
10998,10998,1,train
10999,10999,11,train
11000,11000,13,train
11001,11001,0,train
11002,11002,7,train
11003,11003,13,train
11004,11004,1,train
11005,11005,14,validation
11006,11006,2,train
11007,11007,18,test
11008,11008,7,train
11009,11009,0,train
11010,11010,6,train
11011,11011,19,test
11012,11012,11,train
11013,11013,9,train
11014,11014,2,train
11015,11015,19,test
11016,11016,3,train
11017,11017,19,test
11018,11018,8,train
11019,11019,8,train
11020,11020,0,train
11021,11021,12,train
11022,11022,17,test
11023,11023,6,train
11024,11024,12,train
11025,11025,13,train
11026,11026,2,train
11027,11027,2,train
11028,11028,15,validation
11029,11029,19,test
11030,11030,4,train
11031,11031,3,train
11032,11032,2,train
11033,11033,19,test
11034,11034,6,train
11035,11035,7,train
11036,11036,2,train
11037,11037,0,train
11038,11038,1,train
11039,11039,11,train
11040,11040,10,train
11041,11041,12,train
11042,11042,7,train
11043,11043,15,validation
11044,11044,12,train
11045,11045,1,train
11046,11046,11,train
11047,11047,2,train
11048,11048,13,train
11049,11049,17,test
11050,11050,4,train
11051,11051,16,validation
11052,11052,1,train
11053,11053,9,train
11054,11054,9,train
11055,11055,19,test
11056,11056,7,train
11057,11057,0,train
11058,11058,12,train
11059,11059,16,validation
11060,11060,17,test
11061,11061,17,test
11062,11062,10,train
11063,11063,9,train
11064,11064,2,train
11065,11065,19,test
11066,11066,13,train
11067,11067,0,train
11068,11068,2,train
11069,11069,10,train
11070,11070,6,train
11071,11071,3,train
11072,11072,4,train
11073,11073,1,train
11074,11074,4,train
11075,11075,18,test
11076,11076,9,train
11077,11077,14,validation
11078,11078,15,validation
11079,11079,13,train
11080,11080,1,train
11081,11081,16,validation
11082,11082,15,validation
11083,11083,2,train
11084,11084,13,train
11085,11085,10,train
11086,11086,5,train
11087,11087,0,train
11088,11088,14,validation
11089,11089,12,train
11090,11090,5,train
11091,11091,11,train
11092,11092,15,validation
11093,11093,5,train
11094,11094,3,train
11095,11095,11,train
11096,11096,11,train
11097,11097,18,test
11098,11098,19,test
11099,11099,15,validation
11100,11100,3,train
11101,11101,5,train
11102,11102,8,train
11103,11103,5,train
11104,11104,19,test
11105,11105,0,train
11106,11106,11,train
11107,11107,7,train
11108,11108,0,train
11109,11109,15,validation
11110,11110,10,train
11111,11111,14,validation
11112,11112,0,train
11113,11113,2,train
11114,11114,3,train
11115,11115,6,train
11116,11116,8,train
11117,11117,19,test
11118,11118,5,train
11119,11119,9,train
11120,11120,15,validation
11121,11121,10,train
11122,11122,10,train
11123,11123,6,train
11124,11124,5,train
11125,11125,5,train
11126,11126,18,test
11127,11127,7,train
11128,11128,6,train
11129,11129,15,validation
11130,11130,3,train
11131,11131,10,train
11132,11132,18,test
11133,11133,2,train
11134,11134,8,train
11135,11135,14,validation
11136,11136,3,train
11137,11137,12,train
11138,11138,11,train
11139,11139,12,train
11140,11140,18,test
11141,11141,12,train
11142,11142,12,train
11143,11143,1,train
11144,11144,15,validation
11145,11145,19,test
11146,11146,3,train
11147,11147,18,test
11148,11148,13,train
11149,11149,13,train
11150,11150,17,test
11151,11151,4,train
11152,11152,4,train
11153,11153,14,validation
11154,11154,14,validation
11155,11155,7,train
11156,11156,9,train
11157,11157,6,train
11158,11158,7,train
11159,11159,4,train
11160,11160,5,train
11161,11161,7,train
11162,11162,15,validation
11163,11163,16,validation
11164,11164,12,train
11165,11165,13,train
11166,11166,5,train
11167,11167,2,train
11168,11168,2,train
11169,11169,2,train
11170,11170,1,train
11171,11171,11,train
11172,11172,12,train
11173,11173,1,train
11174,11174,11,train
11175,11175,0,train
11176,11176,14,validation
11177,11177,5,train
11178,11178,18,test
11179,11179,2,train
11180,11180,18,test
11181,11181,4,train
11182,11182,8,train
11183,11183,7,train
11184,11184,16,validation
11185,11185,8,train
11186,11186,12,train
11187,11187,9,train
11188,11188,9,train
11189,11189,10,train
11190,11190,11,train
11191,11191,11,train
11192,11192,3,train
11193,11193,5,train
11194,11194,6,train
11195,11195,9,train
11196,11196,11,train
11197,11197,18,test
11198,11198,19,test
11199,11199,15,validation
11200,11200,3,train
11201,11201,18,test
11202,11202,18,test
11203,11203,0,train
11204,11204,11,train
11205,11205,8,train
11206,11206,0,train
11207,11207,5,train
11208,11208,11,train
11209,11209,4,train
11210,11210,17,test
11211,11211,16,validation
11212,11212,19,test
11213,11213,18,test
11214,11214,16,validation
11215,11215,8,train
11216,11216,6,train
11217,11217,9,train
11218,11218,0,train
11219,11219,14,validation
11220,11220,5,train
11221,11221,9,train
11222,11222,4,train
11223,11223,1,train
11224,11224,15,validation
11225,11225,18,test
11226,11226,15,validation
11227,11227,3,train
11228,11228,11,train
11229,11229,2,train
11230,11230,18,test
11231,11231,8,train
11232,11232,15,validation
11233,11233,18,test
11234,11234,10,train
11235,11235,1,train
11236,11236,8,train
11237,11237,19,test
11238,11238,5,train
11239,11239,4,train
11240,11240,12,train
11241,11241,6,train
11242,11242,6,train
11243,11243,19,test
11244,11244,3,train
11245,11245,1,train
11246,11246,11,train
11247,11247,18,test
11248,11248,14,validation
11249,11249,0,train
11250,11250,16,validation
11251,11251,1,train
11252,11252,16,validation
11253,11253,12,train
11254,11254,9,train
11255,11255,6,train
11256,11256,11,train
11257,11257,6,train
11258,11258,10,train
11259,11259,19,test
11260,11260,4,train
11261,11261,19,test
11262,11262,18,test
11263,11263,18,test
11264,11264,5,train
11265,11265,15,validation
11266,11266,9,train
11267,11267,14,validation
11268,11268,16,validation
11269,11269,16,validation
11270,11270,10,train
11271,11271,9,train
11272,11272,5,train
11273,11273,10,train
11274,11274,9,train
11275,11275,16,validation
11276,11276,17,test
11277,11277,17,test
11278,11278,15,validation
11279,11279,17,test
11280,11280,12,train
11281,11281,7,train
11282,11282,14,validation
11283,11283,7,train
11284,11284,11,train
11285,11285,15,validation
11286,11286,8,train
11287,11287,11,train
11288,11288,4,train
11289,11289,17,test
11290,11290,10,train
11291,11291,13,train
11292,11292,14,validation
11293,11293,1,train
11294,11294,14,validation
11295,11295,18,test
11296,11296,0,train
11297,11297,19,test
11298,11298,17,test
11299,11299,10,train
11300,11300,0,train
11301,11301,11,train
11302,11302,7,train
11303,11303,15,validation
11304,11304,5,train
11305,11305,13,train
11306,11306,6,train
11307,11307,2,train
11308,11308,14,validation
11309,11309,10,train
11310,11310,0,train
11311,11311,12,train
11312,11312,15,validation
11313,11313,12,train
11314,11314,2,train
11315,11315,11,train
11316,11316,14,validation
11317,11317,5,train
11318,11318,1,train
11319,11319,1,train
11320,11320,11,train
11321,11321,3,train
11322,11322,13,train
11323,11323,5,train
11324,11324,11,train
11325,11325,13,train
11326,11326,6,train
11327,11327,13,train
11328,11328,17,test
11329,11329,0,train
11330,11330,0,train
11331,11331,0,train
11332,11332,10,train
11333,11333,9,train
11334,11334,7,train
11335,11335,6,train
11336,11336,18,test
11337,11337,4,train
11338,11338,16,validation
11339,11339,18,test
11340,11340,5,train
11341,11341,11,train
11342,11342,19,test
11343,11343,7,train
11344,11344,4,train
11345,11345,6,train
11346,11346,8,train
11347,11347,3,train
11348,11348,4,train
11349,11349,11,train
11350,11350,2,train
11351,11351,5,train
11352,11352,6,train
11353,11353,19,test
11354,11354,8,train
11355,11355,5,train
11356,11356,12,train
11357,11357,2,train
11358,11358,19,test
11359,11359,17,test
11360,11360,3,train
11361,11361,9,train
11362,11362,4,train
11363,11363,4,train
11364,11364,11,train
11365,11365,3,train
11366,11366,17,test
11367,11367,10,train
11368,11368,2,train
11369,11369,15,validation
11370,11370,19,test
11371,11371,15,validation
11372,11372,2,train
11373,11373,14,validation
11374,11374,17,test
11375,11375,0,train
11376,11376,19,test
11377,11377,11,train
11378,11378,8,train
11379,11379,16,validation
11380,11380,18,test
11381,11381,1,train
11382,11382,8,train
11383,11383,8,train
11384,11384,9,train
11385,11385,12,train
11386,11386,7,train
11387,11387,19,test
11388,11388,12,train
11389,11389,18,test
11390,11390,9,train
11391,11391,15,validation
11392,11392,11,train
11393,11393,3,train
11394,11394,7,train
11395,11395,11,train
11396,11396,17,test
11397,11397,4,train
11398,11398,0,train
11399,11399,10,train
11400,11400,6,train
11401,11401,7,train
11402,11402,18,test
11403,11403,13,train
11404,11404,5,train
11405,11405,16,validation
11406,11406,4,train
11407,11407,10,train
11408,11408,19,test
11409,11409,12,train
11410,11410,2,train
11411,11411,11,train
11412,11412,15,validation
11413,11413,2,train
11414,11414,18,test
11415,11415,11,train
11416,11416,15,validation
11417,11417,1,train
11418,11418,2,train
11419,11419,10,train
11420,11420,11,train
11421,11421,19,test
11422,11422,15,validation
11423,11423,3,train
11424,11424,2,train
11425,11425,14,validation
11426,11426,3,train
11427,11427,2,train
11428,11428,7,train
11429,11429,0,train
11430,11430,5,train
11431,11431,10,train
11432,11432,10,train
11433,11433,14,validation
11434,11434,5,train
11435,11435,5,train
11436,11436,16,validation
11437,11437,17,test
11438,11438,0,train
11439,11439,2,train
11440,11440,16,validation
11441,11441,17,test
11442,11442,0,train
11443,11443,5,train
11444,11444,14,validation
11445,11445,6,train
11446,11446,3,train
11447,11447,17,test
11448,11448,6,train
11449,11449,19,test
11450,11450,11,train
11451,11451,13,train
11452,11452,16,validation
11453,11453,5,train
11454,11454,11,train
11455,11455,14,validation
11456,11456,19,test
11457,11457,7,train
11458,11458,15,validation
11459,11459,19,test
11460,11460,16,validation
11461,11461,17,test
11462,11462,5,train
11463,11463,8,train
11464,11464,6,train
11465,11465,3,train
11466,11466,12,train
11467,11467,0,train
11468,11468,16,validation
11469,11469,14,validation
11470,11470,7,train
11471,11471,3,train
11472,11472,8,train
11473,11473,15,validation
11474,11474,12,train
11475,11475,0,train
11476,11476,11,train
11477,11477,18,test
11478,11478,10,train
11479,11479,14,validation
11480,11480,1,train
11481,11481,2,train
11482,11482,3,train
11483,11483,9,train
11484,11484,3,train
11485,11485,11,train
11486,11486,7,train
11487,11487,12,train
11488,11488,3,train
11489,11489,19,test
11490,11490,2,train
11491,11491,5,train
11492,11492,14,validation
11493,11493,5,train
11494,11494,3,train
11495,11495,12,train
11496,11496,17,test
11497,11497,5,train
11498,11498,3,train
11499,11499,2,train
11500,11500,5,train
11501,11501,11,train
11502,11502,5,train
11503,11503,9,train
11504,11504,7,train
11505,11505,1,train
11506,11506,17,test
11507,11507,11,train
11508,11508,14,validation
11509,11509,6,train
11510,11510,9,train
11511,11511,14,validation
11512,11512,11,train
11513,11513,12,train
11514,11514,17,test
11515,11515,4,train
11516,11516,8,train
11517,11517,13,train
11518,11518,7,train
11519,11519,5,train
11520,11520,3,train
11521,11521,10,train
11522,11522,18,test
11523,11523,13,train
11524,11524,19,test
11525,11525,9,train
11526,11526,1,train
11527,11527,18,test
11528,11528,3,train
11529,11529,9,train
11530,11530,13,train
11531,11531,2,train
11532,11532,2,train
11533,11533,1,train
11534,11534,6,train
11535,11535,4,train
11536,11536,19,test
11537,11537,18,test
11538,11538,3,train
11539,11539,16,validation
11540,11540,4,train
11541,11541,12,train
11542,11542,17,test
11543,11543,3,train
11544,11544,15,validation
11545,11545,11,train
11546,11546,0,train
11547,11547,0,train
11548,11548,4,train
11549,11549,9,train
11550,11550,8,train
11551,11551,10,train
11552,11552,19,test
11553,11553,18,test
11554,11554,6,train
11555,11555,14,validation
11556,11556,14,validation
11557,11557,15,validation
11558,11558,16,validation
11559,11559,8,train
11560,11560,9,train
11561,11561,18,test
11562,11562,5,train
11563,11563,13,train
11564,11564,19,test
11565,11565,15,validation
11566,11566,2,train
11567,11567,13,train
11568,11568,10,train
11569,11569,3,train
11570,11570,18,test
11571,11571,1,train
11572,11572,8,train
11573,11573,9,train
11574,11574,0,train
11575,11575,2,train
11576,11576,5,train
11577,11577,11,train
11578,11578,16,validation
11579,11579,14,validation
11580,11580,12,train
11581,11581,11,train
11582,11582,1,train
11583,11583,12,train
11584,11584,16,validation
11585,11585,9,train
11586,11586,0,train
11587,11587,12,train
11588,11588,19,test
11589,11589,13,train
11590,11590,0,train
11591,11591,17,test
11592,11592,19,test
11593,11593,12,train
11594,11594,16,validation
11595,11595,18,test
11596,11596,17,test
11597,11597,9,train
11598,11598,1,train
11599,11599,18,test
11600,11600,7,train
11601,11601,15,validation
11602,11602,11,train
11603,11603,0,train
11604,11604,18,test
11605,11605,3,train
11606,11606,6,train
11607,11607,12,train
11608,11608,18,test
11609,11609,12,train
11610,11610,3,train
11611,11611,12,train
11612,11612,19,test
11613,11613,18,test
11614,11614,19,test
11615,11615,17,test
11616,11616,15,validation
11617,11617,7,train
11618,11618,0,train
11619,11619,16,validation
11620,11620,5,train
11621,11621,14,validation
11622,11622,2,train
11623,11623,16,validation
11624,11624,8,train
11625,11625,12,train
11626,11626,8,train
11627,11627,3,train
11628,11628,0,train
11629,11629,10,train
11630,11630,16,validation
11631,11631,5,train
11632,11632,18,test
11633,11633,14,validation
11634,11634,10,train
11635,11635,18,test
11636,11636,16,validation
11637,11637,1,train
11638,11638,9,train
11639,11639,11,train
11640,11640,8,train
11641,11641,6,train
11642,11642,4,train
11643,11643,13,train
11644,11644,9,train
11645,11645,11,train
11646,11646,3,train
11647,11647,16,validation
11648,11648,2,train
11649,11649,10,train
11650,11650,8,train
11651,11651,7,train
11652,11652,17,test
11653,11653,1,train
11654,11654,12,train
11655,11655,11,train
11656,11656,9,train
11657,11657,5,train
11658,11658,11,train
11659,11659,7,train
11660,11660,0,train
11661,11661,17,test
11662,11662,4,train
11663,11663,2,train
11664,11664,12,train
11665,11665,15,validation
11666,11666,3,train
11667,11667,14,validation
11668,11668,12,train
11669,11669,11,train
11670,11670,7,train
11671,11671,18,test
11672,11672,4,train
11673,11673,6,train
11674,11674,1,train
11675,11675,18,test
11676,11676,5,train
11677,11677,3,train
11678,11678,18,test
11679,11679,4,train
11680,11680,18,test
11681,11681,11,train
11682,11682,6,train
11683,11683,9,train
11684,11684,17,test
11685,11685,17,test
11686,11686,11,train
11687,11687,5,train
11688,11688,4,train
11689,11689,0,train
11690,11690,11,train
11691,11691,5,train
11692,11692,15,validation
11693,11693,8,train
11694,11694,3,train
11695,11695,16,validation
11696,11696,7,train
11697,11697,2,train
11698,11698,5,train
11699,11699,6,train
11700,11700,1,train
11701,11701,18,test
11702,11702,15,validation
11703,11703,14,validation
11704,11704,15,validation
11705,11705,6,train
11706,11706,11,train
11707,11707,13,train
11708,11708,12,train
11709,11709,19,test
11710,11710,18,test
11711,11711,15,validation
11712,11712,9,train
11713,11713,10,train
11714,11714,14,validation
11715,11715,19,test
11716,11716,9,train
11717,11717,17,test
11718,11718,4,train
11719,11719,11,train
11720,11720,11,train
11721,11721,14,validation
11722,11722,2,train
11723,11723,11,train
11724,11724,4,train
11725,11725,7,train
11726,11726,6,train
11727,11727,10,train
11728,11728,9,train
11729,11729,2,train
11730,11730,8,train
11731,11731,10,train
11732,11732,0,train
11733,11733,17,test
11734,11734,15,validation
11735,11735,0,train
11736,11736,14,validation
11737,11737,7,train
11738,11738,4,train
11739,11739,11,train
11740,11740,1,train
11741,11741,0,train
11742,11742,16,validation
11743,11743,8,train
11744,11744,12,train
11745,11745,6,train
11746,11746,2,train
11747,11747,0,train
11748,11748,4,train
11749,11749,14,validation
11750,11750,17,test
11751,11751,15,validation
11752,11752,7,train
11753,11753,10,train
11754,11754,15,validation
11755,11755,6,train
11756,11756,7,train
11757,11757,18,test
11758,11758,7,train
11759,11759,3,train
11760,11760,11,train
11761,11761,3,train
11762,11762,11,train
11763,11763,3,train
11764,11764,7,train
11765,11765,13,train
11766,11766,3,train
11767,11767,16,validation
11768,11768,17,test
11769,11769,9,train
11770,11770,6,train
11771,11771,11,train
11772,11772,3,train
11773,11773,6,train
11774,11774,17,test
11775,11775,3,train
11776,11776,3,train
11777,11777,18,test
11778,11778,7,train
11779,11779,1,train
11780,11780,7,train
11781,11781,7,train
11782,11782,8,train
11783,11783,17,test
11784,11784,16,validation
11785,11785,8,train
11786,11786,16,validation
11787,11787,12,train
11788,11788,15,validation
11789,11789,2,train
11790,11790,7,train
11791,11791,17,test
11792,11792,17,test
11793,11793,16,validation
11794,11794,8,train
11795,11795,12,train
11796,11796,9,train
11797,11797,4,train
11798,11798,12,train
11799,11799,0,train
11800,11800,17,test
11801,11801,16,validation
11802,11802,1,train
11803,11803,10,train
11804,11804,1,train
11805,11805,4,train
11806,11806,2,train
11807,11807,6,train
11808,11808,7,train
11809,11809,4,train
11810,11810,18,test
11811,11811,1,train
11812,11812,4,train
11813,11813,6,train
11814,11814,6,train
11815,11815,6,train
11816,11816,10,train
11817,11817,10,train
11818,11818,8,train
11819,11819,8,train
11820,11820,0,train
11821,11821,1,train
11822,11822,10,train
11823,11823,6,train
11824,11824,12,train
11825,11825,17,test
11826,11826,19,test
11827,11827,0,train
11828,11828,5,train
11829,11829,11,train
11830,11830,13,train
11831,11831,13,train
11832,11832,7,train
11833,11833,15,validation
11834,11834,4,train
11835,11835,17,test
11836,11836,4,train
11837,11837,10,train
11838,11838,14,validation
11839,11839,13,train
11840,11840,0,train
11841,11841,0,train
11842,11842,14,validation
11843,11843,13,train
11844,11844,18,test
11845,11845,18,test
11846,11846,4,train
11847,11847,9,train
11848,11848,0,train
11849,11849,14,validation
11850,11850,7,train
11851,11851,10,train
11852,11852,18,test
11853,11853,19,test
11854,11854,16,validation
11855,11855,1,train
11856,11856,0,train
11857,11857,9,train
11858,11858,19,test
11859,11859,13,train
11860,11860,0,train
11861,11861,10,train
11862,11862,11,train
11863,11863,7,train
11864,11864,19,test
11865,11865,14,validation
11866,11866,13,train
11867,11867,5,train
11868,11868,4,train
11869,11869,2,train
11870,11870,14,validation
11871,11871,1,train
11872,11872,11,train
11873,11873,16,validation
11874,11874,1,train
11875,11875,17,test
11876,11876,2,train
11877,11877,10,train
11878,11878,2,train
11879,11879,12,train
11880,11880,14,validation
11881,11881,0,train
11882,11882,17,test
11883,11883,7,train
11884,11884,3,train
11885,11885,15,validation
11886,11886,14,validation
11887,11887,13,train
11888,11888,9,train
11889,11889,0,train
11890,11890,14,validation
11891,11891,6,train
11892,11892,7,train
11893,11893,2,train
11894,11894,1,train
11895,11895,15,validation
11896,11896,6,train
11897,11897,19,test
11898,11898,5,train
11899,11899,16,validation
11900,11900,13,train
11901,11901,12,train
11902,11902,9,train
11903,11903,9,train
11904,11904,9,train
11905,11905,3,train
11906,11906,7,train
11907,11907,6,train
11908,11908,16,validation
11909,11909,0,train
11910,11910,8,train
11911,11911,17,test
11912,11912,9,train
11913,11913,6,train
11914,11914,13,train
11915,11915,1,train
11916,11916,16,validation
11917,11917,1,train
11918,11918,13,train
11919,11919,14,validation
11920,11920,7,train
11921,11921,12,train
11922,11922,10,train
11923,11923,18,test
11924,11924,17,test
11925,11925,14,validation
11926,11926,13,train
11927,11927,5,train
11928,11928,2,train
11929,11929,6,train
11930,11930,8,train
11931,11931,15,validation
11932,11932,15,validation
11933,11933,18,test
11934,11934,1,train
11935,11935,14,validation
11936,11936,16,validation
11937,11937,15,validation
11938,11938,14,validation
11939,11939,0,train
11940,11940,6,train
11941,11941,17,test
11942,11942,10,train
11943,11943,18,test
11944,11944,6,train
11945,11945,6,train
11946,11946,3,train
11947,11947,16,validation
11948,11948,12,train
11949,11949,2,train
11950,11950,15,validation
11951,11951,6,train
11952,11952,7,train
11953,11953,6,train
11954,11954,6,train
11955,11955,14,validation
11956,11956,13,train
11957,11957,8,train
11958,11958,2,train
11959,11959,17,test
11960,11960,14,validation
11961,11961,4,train
11962,11962,6,train
11963,11963,5,train
11964,11964,17,test
11965,11965,15,validation
11966,11966,4,train
11967,11967,12,train
11968,11968,2,train
11969,11969,15,validation
11970,11970,18,test
11971,11971,15,validation
11972,11972,16,validation
11973,11973,10,train
11974,11974,3,train
11975,11975,3,train
11976,11976,8,train
11977,11977,14,validation
11978,11978,11,train
11979,11979,4,train
11980,11980,10,train
11981,11981,8,train
11982,11982,17,test
11983,11983,3,train
11984,11984,7,train
11985,11985,5,train
11986,11986,2,train
11987,11987,4,train
11988,11988,5,train
11989,11989,4,train
11990,11990,13,train
11991,11991,5,train
11992,11992,18,test
11993,11993,18,test
11994,11994,9,train
11995,11995,8,train
11996,11996,5,train
11997,11997,11,train
11998,11998,13,train
11999,11999,3,train
12000,12000,15,validation
12001,12001,6,train
12002,12002,16,validation
12003,12003,8,train
12004,12004,16,validation
12005,12005,14,validation
12006,12006,16,validation
12007,12007,13,train
12008,12008,5,train
12009,12009,8,train
12010,12010,14,validation
12011,12011,1,train
12012,12012,3,train
12013,12013,12,train
12014,12014,0,train
12015,12015,0,train
12016,12016,5,train
12017,12017,6,train
12018,12018,6,train
12019,12019,15,validation
12020,12020,10,train
12021,12021,19,test
12022,12022,12,train
12023,12023,19,test
12024,12024,6,train
12025,12025,15,validation
12026,12026,11,train
12027,12027,8,train
12028,12028,9,train
12029,12029,9,train
12030,12030,8,train
12031,12031,14,validation
12032,12032,13,train
12033,12033,17,test
12034,12034,4,train
12035,12035,3,train
12036,12036,15,validation
12037,12037,10,train
12038,12038,13,train
12039,12039,8,train
12040,12040,3,train
12041,12041,5,train
12042,12042,11,train
12043,12043,4,train
12044,12044,1,train
12045,12045,9,train
12046,12046,16,validation
12047,12047,4,train
12048,12048,4,train
12049,12049,16,validation
12050,12050,2,train
12051,12051,13,train
12052,12052,1,train
12053,12053,9,train
12054,12054,2,train
12055,12055,6,train
12056,12056,10,train
12057,12057,2,train
12058,12058,1,train
12059,12059,7,train
12060,12060,10,train
12061,12061,15,validation
12062,12062,13,train
12063,12063,1,train
12064,12064,10,train
12065,12065,17,test
12066,12066,18,test
12067,12067,1,train
12068,12068,18,test
12069,12069,1,train
12070,12070,17,test
12071,12071,13,train
12072,12072,18,test
12073,12073,8,train
12074,12074,19,test
12075,12075,13,train
12076,12076,10,train
12077,12077,10,train
12078,12078,18,test
12079,12079,19,test
12080,12080,2,train
12081,12081,12,train
12082,12082,13,train
12083,12083,19,test
12084,12084,10,train
12085,12085,5,train
12086,12086,15,validation
12087,12087,19,test
12088,12088,5,train
12089,12089,3,train
12090,12090,6,train
12091,12091,1,train
12092,12092,18,test
12093,12093,8,train
12094,12094,11,train
12095,12095,10,train
12096,12096,14,validation
12097,12097,9,train
12098,12098,9,train
12099,12099,3,train
12100,12100,4,train
12101,12101,1,train
12102,12102,16,validation
12103,12103,12,train
12104,12104,13,train
12105,12105,13,train
12106,12106,4,train
12107,12107,12,train
12108,12108,4,train
12109,12109,17,test
12110,12110,3,train
12111,12111,16,validation
12112,12112,4,train
12113,12113,2,train
12114,12114,8,train
12115,12115,3,train
12116,12116,14,validation
12117,12117,10,train
12118,12118,15,validation
12119,12119,17,test
12120,12120,16,validation
12121,12121,17,test
12122,12122,2,train
12123,12123,9,train
12124,12124,19,test
12125,12125,5,train
12126,12126,8,train
12127,12127,17,test
12128,12128,13,train
12129,12129,6,train
12130,12130,16,validation
12131,12131,11,train
12132,12132,12,train
12133,12133,16,validation
12134,12134,1,train
12135,12135,16,validation
12136,12136,17,test
12137,12137,8,train
12138,12138,0,train
12139,12139,16,validation
12140,12140,1,train
12141,12141,11,train
12142,12142,16,validation
12143,12143,12,train
12144,12144,12,train
12145,12145,7,train
12146,12146,4,train
12147,12147,12,train
12148,12148,5,train
12149,12149,15,validation
12150,12150,12,train
12151,12151,14,validation
12152,12152,19,test
12153,12153,17,test
12154,12154,8,train
12155,12155,5,train
12156,12156,17,test
12157,12157,5,train
12158,12158,13,train
12159,12159,4,train
12160,12160,5,train
12161,12161,0,train
12162,12162,2,train
12163,12163,9,train
12164,12164,6,train
12165,12165,11,train
12166,12166,17,test
12167,12167,18,test
12168,12168,15,validation
12169,12169,13,train
12170,12170,1,train
12171,12171,5,train
12172,12172,19,test
12173,12173,11,train
12174,12174,9,train
12175,12175,14,validation
12176,12176,13,train
12177,12177,8,train
12178,12178,15,validation
12179,12179,13,train
12180,12180,7,train
12181,12181,4,train
12182,12182,12,train
12183,12183,15,validation
12184,12184,3,train
12185,12185,5,train
12186,12186,3,train
12187,12187,16,validation
12188,12188,8,train
12189,12189,19,test
12190,12190,12,train
12191,12191,1,train
12192,12192,19,test
12193,12193,13,train
12194,12194,9,train
12195,12195,17,test
12196,12196,2,train
12197,12197,7,train
12198,12198,2,train
12199,12199,1,train
12200,12200,7,train
12201,12201,7,train
12202,12202,0,train
12203,12203,0,train
12204,12204,8,train
12205,12205,11,train
12206,12206,16,validation
12207,12207,15,validation
12208,12208,16,validation
12209,12209,16,validation
12210,12210,5,train
12211,12211,17,test
12212,12212,14,validation
12213,12213,6,train
12214,12214,15,validation
12215,12215,11,train
12216,12216,13,train
12217,12217,5,train
12218,12218,8,train
12219,12219,15,validation
12220,12220,10,train
12221,12221,4,train
12222,12222,17,test
12223,12223,8,train
12224,12224,8,train
12225,12225,13,train
12226,12226,2,train
12227,12227,19,test
12228,12228,9,train
12229,12229,11,train
12230,12230,19,test
12231,12231,9,train
12232,12232,15,validation
12233,12233,17,test
12234,12234,7,train
12235,12235,5,train
12236,12236,8,train
12237,12237,1,train
12238,12238,19,test
12239,12239,13,train
12240,12240,16,validation
12241,12241,7,train
12242,12242,19,test
12243,12243,4,train
12244,12244,5,train
12245,12245,14,validation
12246,12246,0,train
12247,12247,16,validation
12248,12248,1,train
12249,12249,19,test
12250,12250,18,test
12251,12251,19,test
12252,12252,8,train
12253,12253,19,test
12254,12254,15,validation
12255,12255,11,train
12256,12256,4,train
12257,12257,0,train
12258,12258,11,train
12259,12259,9,train
12260,12260,5,train
12261,12261,0,train
12262,12262,2,train
12263,12263,5,train
12264,12264,7,train
12265,12265,5,train
12266,12266,19,test
12267,12267,11,train
12268,12268,16,validation
12269,12269,1,train
12270,12270,2,train
12271,12271,12,train
12272,12272,9,train
12273,12273,15,validation
12274,12274,12,train
12275,12275,0,train
12276,12276,10,train
12277,12277,10,train
12278,12278,4,train
12279,12279,4,train
12280,12280,18,test
12281,12281,18,test
12282,12282,10,train
12283,12283,11,train
12284,12284,16,validation
12285,12285,11,train
12286,12286,6,train
12287,12287,0,train
12288,12288,0,train
12289,12289,7,train
12290,12290,3,train
12291,12291,11,train
12292,12292,6,train
12293,12293,9,train
12294,12294,17,test
12295,12295,1,train
12296,12296,14,validation
12297,12297,8,train
12298,12298,7,train
12299,12299,14,validation
12300,12300,14,validation
12301,12301,17,test
12302,12302,7,train
12303,12303,1,train
12304,12304,2,train
12305,12305,2,train
12306,12306,19,test
12307,12307,16,validation
12308,12308,0,train
12309,12309,17,test
12310,12310,3,train
12311,12311,2,train
12312,12312,5,train
12313,12313,15,validation
12314,12314,8,train
12315,12315,0,train
12316,12316,7,train
12317,12317,8,train
12318,12318,15,validation
12319,12319,11,train
12320,12320,12,train
12321,12321,14,validation
12322,12322,1,train
12323,12323,11,train
12324,12324,15,validation
12325,12325,19,test
12326,12326,17,test
12327,12327,0,train
12328,12328,11,train
12329,12329,6,train
12330,12330,14,validation
12331,12331,12,train
12332,12332,2,train
12333,12333,15,validation
12334,12334,9,train
12335,12335,13,train
12336,12336,8,train
12337,12337,14,validation
12338,12338,1,train
12339,12339,18,test
12340,12340,14,validation
12341,12341,9,train
12342,12342,15,validation
12343,12343,15,validation
12344,12344,15,validation
12345,12345,19,test
12346,12346,2,train
12347,12347,12,train
12348,12348,9,train
12349,12349,18,test
12350,12350,16,validation
12351,12351,17,test
12352,12352,2,train
12353,12353,16,validation
12354,12354,12,train
12355,12355,17,test
12356,12356,9,train
12357,12357,2,train
12358,12358,7,train
12359,12359,17,test
12360,12360,17,test
12361,12361,13,train
12362,12362,0,train
12363,12363,13,train
12364,12364,5,train
12365,12365,14,validation
12366,12366,3,train
12367,12367,4,train
12368,12368,19,test
12369,12369,18,test
12370,12370,11,train
12371,12371,1,train
12372,12372,8,train
12373,12373,14,validation
12374,12374,6,train
12375,12375,16,validation
12376,12376,7,train
12377,12377,12,train
12378,12378,14,validation
12379,12379,6,train
12380,12380,4,train
12381,12381,15,validation
12382,12382,6,train
12383,12383,7,train
12384,12384,1,train
12385,12385,1,train
12386,12386,13,train
12387,12387,18,test
12388,12388,10,train
12389,12389,12,train
12390,12390,10,train
12391,12391,11,train
12392,12392,15,validation
12393,12393,0,train
12394,12394,0,train
12395,12395,12,train
12396,12396,1,train
12397,12397,11,train
12398,12398,13,train
12399,12399,17,test
12400,12400,7,train
12401,12401,7,train
12402,12402,17,test
12403,12403,17,test
12404,12404,17,test
12405,12405,14,validation
12406,12406,6,train
12407,12407,8,train
12408,12408,16,validation
12409,12409,17,test
12410,12410,12,train
12411,12411,3,train
12412,12412,7,train
12413,12413,0,train
12414,12414,15,validation
12415,12415,4,train
12416,12416,8,train
12417,12417,3,train
12418,12418,11,train
12419,12419,15,validation
12420,12420,16,validation
12421,12421,10,train
12422,12422,12,train
12423,12423,9,train
12424,12424,4,train
12425,12425,14,validation
12426,12426,12,train
12427,12427,8,train
12428,12428,12,train
12429,12429,1,train
12430,12430,7,train
12431,12431,7,train
12432,12432,9,train
12433,12433,18,test
12434,12434,5,train
12435,12435,8,train
12436,12436,13,train
12437,12437,8,train
12438,12438,6,train
12439,12439,7,train
12440,12440,6,train
12441,12441,12,train
12442,12442,12,train
12443,12443,7,train
12444,12444,4,train
12445,12445,12,train
12446,12446,12,train
12447,12447,12,train
12448,12448,3,train
12449,12449,19,test
12450,12450,4,train
12451,12451,12,train
12452,12452,7,train
12453,12453,13,train
12454,12454,2,train
12455,12455,1,train
12456,12456,7,train
12457,12457,8,train
12458,12458,17,test
12459,12459,16,validation
12460,12460,12,train
12461,12461,12,train
12462,12462,17,test
12463,12463,13,train
12464,12464,14,validation
12465,12465,3,train
12466,12466,17,test
12467,12467,4,train
12468,12468,9,train
12469,12469,10,train
12470,12470,3,train
12471,12471,0,train
12472,12472,8,train
12473,12473,7,train
12474,12474,7,train
12475,12475,17,test
12476,12476,16,validation
12477,12477,7,train
12478,12478,7,train
12479,12479,10,train
12480,12480,8,train
12481,12481,18,test
12482,12482,1,train
12483,12483,13,train
12484,12484,7,train
12485,12485,9,train
12486,12486,2,train
12487,12487,18,test
12488,12488,9,train
12489,12489,3,train
12490,12490,17,test
12491,12491,10,train
12492,12492,19,test
12493,12493,15,validation
12494,12494,4,train
12495,12495,13,train
12496,12496,7,train
12497,12497,6,train
12498,12498,15,validation
12499,12499,15,validation
12500,12500,9,train
12501,12501,14,validation
12502,12502,4,train
12503,12503,1,train
12504,12504,6,train
12505,12505,1,train
12506,12506,17,test
12507,12507,5,train
12508,12508,12,train
12509,12509,1,train
12510,12510,2,train
12511,12511,10,train
12512,12512,8,train
12513,12513,18,test
12514,12514,15,validation
12515,12515,12,train
12516,12516,12,train
12517,12517,19,test
12518,12518,2,train
12519,12519,9,train
12520,12520,3,train
12521,12521,1,train
12522,12522,19,test
12523,12523,10,train
12524,12524,19,test
12525,12525,0,train
12526,12526,19,test
12527,12527,1,train
12528,12528,1,train
12529,12529,15,validation
12530,12530,10,train
12531,12531,5,train
12532,12532,14,validation
12533,12533,6,train
12534,12534,6,train
12535,12535,5,train
12536,12536,8,train
12537,12537,6,train
12538,12538,16,validation
12539,12539,14,validation
12540,12540,2,train
12541,12541,0,train
12542,12542,14,validation
12543,12543,14,validation
12544,12544,18,test
12545,12545,9,train
12546,12546,17,test
12547,12547,6,train
12548,12548,16,validation
12549,12549,7,train
12550,12550,2,train
12551,12551,7,train
12552,12552,4,train
12553,12553,6,train
12554,12554,0,train
12555,12555,9,train
12556,12556,3,train
12557,12557,8,train
12558,12558,15,validation
12559,12559,4,train
12560,12560,13,train
12561,12561,8,train
12562,12562,12,train
12563,12563,1,train
12564,12564,4,train
12565,12565,19,test
12566,12566,12,train
12567,12567,2,train
12568,12568,9,train
12569,12569,17,test
12570,12570,12,train
12571,12571,0,train
12572,12572,17,test
12573,12573,4,train
12574,12574,10,train
12575,12575,8,train
12576,12576,17,test
12577,12577,10,train
12578,12578,10,train
12579,12579,4,train
12580,12580,15,validation
12581,12581,3,train
12582,12582,2,train
12583,12583,17,test
12584,12584,4,train
12585,12585,6,train
12586,12586,1,train
12587,12587,9,train
12588,12588,7,train
12589,12589,6,train
12590,12590,4,train
12591,12591,16,validation
12592,12592,4,train
12593,12593,17,test
12594,12594,6,train
12595,12595,2,train
12596,12596,4,train
12597,12597,0,train
12598,12598,11,train
12599,12599,7,train
12600,12600,8,train
12601,12601,6,train
12602,12602,17,test
12603,12603,17,test
12604,12604,10,train
12605,12605,17,test
12606,12606,0,train
12607,12607,17,test
12608,12608,19,test
12609,12609,3,train
12610,12610,2,train
12611,12611,10,train
12612,12612,13,train
12613,12613,2,train
12614,12614,8,train
12615,12615,0,train
12616,12616,0,train
12617,12617,8,train
12618,12618,11,train
12619,12619,1,train
12620,12620,13,train
12621,12621,15,validation
12622,12622,1,train
12623,12623,16,validation
12624,12624,1,train
12625,12625,2,train
12626,12626,3,train
12627,12627,17,test
12628,12628,12,train
12629,12629,0,train
12630,12630,7,train
12631,12631,12,train
12632,12632,3,train
12633,12633,8,train
12634,12634,10,train
12635,12635,14,validation
12636,12636,11,train
12637,12637,6,train
12638,12638,4,train
12639,12639,13,train
12640,12640,18,test
12641,12641,2,train
12642,12642,17,test
12643,12643,18,test
12644,12644,7,train
12645,12645,6,train
12646,12646,18,test
12647,12647,10,train
12648,12648,9,train
12649,12649,6,train
12650,12650,10,train
12651,12651,3,train
12652,12652,11,train
12653,12653,1,train
12654,12654,6,train
12655,12655,1,train
12656,12656,16,validation
12657,12657,5,train
12658,12658,17,test
12659,12659,6,train
12660,12660,11,train
12661,12661,1,train
12662,12662,3,train
12663,12663,2,train
12664,12664,19,test
12665,12665,18,test
12666,12666,11,train
12667,12667,3,train
12668,12668,11,train
12669,12669,0,train
12670,12670,11,train
12671,12671,6,train
12672,12672,7,train
12673,12673,8,train
12674,12674,9,train
12675,12675,18,test
12676,12676,9,train
12677,12677,13,train
12678,12678,12,train
12679,12679,6,train
12680,12680,6,train
12681,12681,9,train
12682,12682,6,train
12683,12683,12,train
12684,12684,16,validation
12685,12685,16,validation
12686,12686,14,validation
12687,12687,11,train
12688,12688,17,test
12689,12689,3,train
12690,12690,17,test
12691,12691,18,test
12692,12692,10,train
12693,12693,16,validation
12694,12694,8,train
12695,12695,1,train
12696,12696,7,train
12697,12697,0,train
12698,12698,11,train
12699,12699,1,train
12700,12700,19,test
12701,12701,1,train
12702,12702,15,validation
12703,12703,4,train
12704,12704,2,train
12705,12705,1,train
12706,12706,3,train
12707,12707,7,train
12708,12708,11,train
12709,12709,10,train
12710,12710,15,validation
12711,12711,13,train
12712,12712,8,train
12713,12713,13,train
12714,12714,0,train
12715,12715,1,train
12716,12716,16,validation
12717,12717,5,train
12718,12718,4,train
12719,12719,18,test
12720,12720,0,train
12721,12721,13,train
12722,12722,3,train
12723,12723,10,train
12724,12724,4,train
12725,12725,13,train
12726,12726,17,test
12727,12727,16,validation
12728,12728,18,test
12729,12729,5,train
12730,12730,6,train
12731,12731,3,train
12732,12732,15,validation
12733,12733,19,test
12734,12734,15,validation
12735,12735,3,train
12736,12736,13,train
12737,12737,17,test
12738,12738,14,validation
12739,12739,16,validation
12740,12740,0,train
12741,12741,11,train
12742,12742,1,train
12743,12743,7,train
12744,12744,8,train
12745,12745,1,train
12746,12746,10,train
12747,12747,12,train
12748,12748,1,train
12749,12749,4,train
12750,12750,16,validation
12751,12751,13,train
12752,12752,16,validation
12753,12753,9,train
12754,12754,0,train
12755,12755,2,train
12756,12756,19,test
12757,12757,1,train
12758,12758,6,train
12759,12759,3,train
12760,12760,14,validation
12761,12761,6,train
12762,12762,11,train
12763,12763,13,train
12764,12764,6,train
12765,12765,12,train
12766,12766,18,test
12767,12767,13,train
12768,12768,13,train
12769,12769,0,train
12770,12770,18,test
12771,12771,8,train
12772,12772,5,train
12773,12773,6,train
12774,12774,13,train
12775,12775,0,train
12776,12776,7,train
12777,12777,6,train
12778,12778,15,validation
12779,12779,10,train
12780,12780,13,train
12781,12781,0,train
12782,12782,5,train
12783,12783,10,train
12784,12784,4,train
12785,12785,8,train
12786,12786,16,validation
12787,12787,18,test
12788,12788,13,train
12789,12789,3,train
12790,12790,11,train
12791,12791,12,train
12792,12792,18,test
12793,12793,17,test
12794,12794,1,train
12795,12795,9,train
12796,12796,12,train
12797,12797,15,validation
12798,12798,19,test
12799,12799,10,train
12800,12800,15,validation
12801,12801,10,train
12802,12802,0,train
12803,12803,0,train
12804,12804,10,train
12805,12805,17,test
12806,12806,2,train
12807,12807,16,validation
12808,12808,14,validation
12809,12809,13,train
12810,12810,8,train
12811,12811,7,train
12812,12812,13,train
12813,12813,8,train
12814,12814,3,train
12815,12815,10,train
12816,12816,10,train
12817,12817,5,train
12818,12818,7,train
12819,12819,14,validation
12820,12820,14,validation
12821,12821,18,test
12822,12822,5,train
12823,12823,17,test
12824,12824,2,train
12825,12825,12,train
12826,12826,1,train
12827,12827,3,train
12828,12828,17,test
12829,12829,16,validation
12830,12830,11,train
12831,12831,13,train
12832,12832,5,train
12833,12833,15,validation
12834,12834,8,train
12835,12835,8,train
12836,12836,13,train
12837,12837,12,train
12838,12838,2,train
12839,12839,14,validation
12840,12840,6,train
12841,12841,6,train
12842,12842,8,train
12843,12843,13,train
12844,12844,18,test
12845,12845,10,train
12846,12846,18,test
12847,12847,13,train
12848,12848,15,validation
12849,12849,11,train
12850,12850,14,validation
12851,12851,15,validation
12852,12852,5,train
12853,12853,5,train
12854,12854,4,train
12855,12855,18,test
12856,12856,8,train
12857,12857,7,train
12858,12858,11,train
12859,12859,3,train
12860,12860,5,train
12861,12861,5,train
12862,12862,1,train
12863,12863,6,train
12864,12864,17,test
12865,12865,13,train
12866,12866,17,test
12867,12867,2,train
12868,12868,2,train
12869,12869,5,train
12870,12870,0,train
12871,12871,6,train
12872,12872,14,validation
12873,12873,9,train
12874,12874,14,validation
12875,12875,10,train
12876,12876,5,train
12877,12877,3,train
12878,12878,12,train
12879,12879,2,train
12880,12880,15,validation
12881,12881,13,train
12882,12882,17,test
12883,12883,13,train
12884,12884,16,validation
12885,12885,5,train
12886,12886,12,train
12887,12887,10,train
12888,12888,15,validation
12889,12889,12,train
12890,12890,16,validation
12891,12891,9,train
12892,12892,11,train
12893,12893,18,test
12894,12894,3,train
12895,12895,8,train
12896,12896,9,train
12897,12897,9,train
12898,12898,14,validation
12899,12899,12,train
12900,12900,9,train
12901,12901,6,train
12902,12902,13,train
12903,12903,6,train
12904,12904,14,validation
12905,12905,6,train
12906,12906,15,validation
12907,12907,0,train
12908,12908,16,validation
12909,12909,6,train
12910,12910,11,train
12911,12911,19,test
12912,12912,10,train
12913,12913,19,test
12914,12914,6,train
12915,12915,14,validation
12916,12916,6,train
12917,12917,8,train
12918,12918,0,train
12919,12919,1,train
12920,12920,8,train
12921,12921,17,test
12922,12922,11,train
12923,12923,18,test
12924,12924,14,validation
12925,12925,1,train
12926,12926,4,train
12927,12927,5,train
12928,12928,11,train
12929,12929,6,train
12930,12930,5,train
12931,12931,8,train
12932,12932,15,validation
12933,12933,3,train
12934,12934,7,train
12935,12935,18,test
12936,12936,18,test
12937,12937,11,train
12938,12938,3,train
12939,12939,6,train
12940,12940,19,test
12941,12941,3,train
12942,12942,0,train
12943,12943,12,train
12944,12944,1,train
12945,12945,2,train
12946,12946,6,train
12947,12947,9,train
12948,12948,17,test
12949,12949,1,train
12950,12950,7,train
12951,12951,6,train
12952,12952,0,train
12953,12953,0,train
12954,12954,15,validation
12955,12955,5,train
12956,12956,0,train
12957,12957,12,train
12958,12958,1,train
12959,12959,5,train
12960,12960,1,train
12961,12961,2,train
12962,12962,0,train
12963,12963,2,train
12964,12964,3,train
12965,12965,14,validation
12966,12966,7,train
12967,12967,15,validation
12968,12968,10,train
12969,12969,0,train
12970,12970,9,train
12971,12971,13,train
12972,12972,2,train
12973,12973,3,train
12974,12974,19,test
12975,12975,2,train
12976,12976,13,train
12977,12977,12,train
12978,12978,18,test
12979,12979,15,validation
12980,12980,8,train
12981,12981,8,train
12982,12982,11,train
12983,12983,15,validation
12984,12984,10,train
12985,12985,16,validation
12986,12986,2,train
12987,12987,12,train
12988,12988,8,train
12989,12989,8,train
12990,12990,1,train
12991,12991,8,train
12992,12992,13,train
12993,12993,5,train
12994,12994,14,validation
12995,12995,2,train
12996,12996,19,test
12997,12997,14,validation
12998,12998,5,train
12999,12999,15,validation
13000,13000,3,train
13001,13001,12,train
13002,13002,3,train
13003,13003,12,train
13004,13004,15,validation
13005,13005,17,test
13006,13006,8,train
13007,13007,2,train
13008,13008,8,train
13009,13009,9,train
13010,13010,8,train
13011,13011,2,train
13012,13012,14,validation
13013,13013,7,train
13014,13014,9,train
13015,13015,19,test
13016,13016,4,train
13017,13017,15,validation
13018,13018,7,train
13019,13019,16,validation
13020,13020,8,train
13021,13021,15,validation
13022,13022,11,train
13023,13023,16,validation
13024,13024,15,validation
13025,13025,13,train
13026,13026,4,train
13027,13027,13,train
13028,13028,13,train
13029,13029,4,train
13030,13030,12,train
13031,13031,3,train
13032,13032,9,train
13033,13033,19,test
13034,13034,8,train
13035,13035,14,validation
13036,13036,14,validation
13037,13037,17,test
13038,13038,2,train
13039,13039,19,test
13040,13040,5,train
13041,13041,2,train
13042,13042,0,train
13043,13043,17,test
13044,13044,8,train
13045,13045,6,train
13046,13046,4,train
13047,13047,14,validation
13048,13048,13,train
13049,13049,11,train
13050,13050,7,train
13051,13051,5,train
13052,13052,1,train
13053,13053,2,train
13054,13054,7,train
13055,13055,8,train
13056,13056,1,train
13057,13057,17,test
13058,13058,6,train
13059,13059,15,validation
13060,13060,16,validation
13061,13061,1,train
13062,13062,18,test
13063,13063,18,test
13064,13064,12,train
13065,13065,6,train
13066,13066,4,train
13067,13067,9,train
13068,13068,4,train
13069,13069,8,train
13070,13070,13,train
13071,13071,8,train
13072,13072,11,train
13073,13073,0,train
13074,13074,5,train
13075,13075,8,train
13076,13076,16,validation
13077,13077,3,train
13078,13078,9,train
13079,13079,6,train
13080,13080,2,train
13081,13081,1,train
13082,13082,6,train
13083,13083,18,test
13084,13084,9,train
13085,13085,1,train
13086,13086,12,train
13087,13087,12,train
13088,13088,17,test
13089,13089,1,train
13090,13090,9,train
13091,13091,9,train
13092,13092,5,train
13093,13093,6,train
13094,13094,10,train
13095,13095,15,validation
13096,13096,1,train
13097,13097,7,train
13098,13098,3,train
13099,13099,8,train
13100,13100,9,train
13101,13101,16,validation
13102,13102,13,train
13103,13103,13,train
13104,13104,10,train
13105,13105,6,train
13106,13106,13,train
13107,13107,13,train
13108,13108,4,train
13109,13109,14,validation
13110,13110,11,train
13111,13111,5,train
13112,13112,10,train
13113,13113,15,validation
13114,13114,5,train
13115,13115,15,validation
13116,13116,3,train
13117,13117,17,test
13118,13118,17,test
13119,13119,9,train
13120,13120,7,train
13121,13121,13,train
13122,13122,11,train
13123,13123,0,train
13124,13124,7,train
13125,13125,9,train
13126,13126,16,validation
13127,13127,0,train
13128,13128,16,validation
13129,13129,14,validation
13130,13130,19,test
13131,13131,5,train
13132,13132,11,train
13133,13133,6,train
13134,13134,14,validation
13135,13135,15,validation
13136,13136,4,train
13137,13137,8,train
13138,13138,0,train
13139,13139,9,train
13140,13140,9,train
13141,13141,11,train
13142,13142,14,validation
13143,13143,12,train
13144,13144,7,train
13145,13145,13,train
13146,13146,19,test
13147,13147,5,train
13148,13148,13,train
13149,13149,12,train
13150,13150,11,train
13151,13151,11,train
13152,13152,0,train
13153,13153,5,train
13154,13154,16,validation
13155,13155,1,train
13156,13156,7,train
13157,13157,10,train
13158,13158,15,validation
13159,13159,14,validation
13160,13160,5,train
13161,13161,2,train
13162,13162,17,test
13163,13163,19,test
13164,13164,12,train
13165,13165,3,train
13166,13166,16,validation
13167,13167,13,train
13168,13168,10,train
13169,13169,3,train
13170,13170,18,test
13171,13171,3,train
13172,13172,4,train
13173,13173,2,train
13174,13174,18,test
13175,13175,17,test
13176,13176,8,train
13177,13177,14,validation
13178,13178,4,train
13179,13179,0,train
13180,13180,16,validation
13181,13181,7,train
13182,13182,16,validation
13183,13183,19,test
13184,13184,19,test
13185,13185,9,train
13186,13186,17,test
13187,13187,12,train
13188,13188,16,validation
13189,13189,9,train
13190,13190,8,train
13191,13191,7,train
13192,13192,9,train
13193,13193,14,validation
13194,13194,9,train
13195,13195,2,train
13196,13196,4,train
13197,13197,17,test
13198,13198,3,train
13199,13199,8,train
13200,13200,6,train
13201,13201,10,train
13202,13202,18,test
13203,13203,4,train
13204,13204,12,train
13205,13205,19,test
13206,13206,16,validation
13207,13207,10,train
13208,13208,4,train
13209,13209,13,train
13210,13210,18,test
13211,13211,12,train
13212,13212,10,train
13213,13213,9,train
13214,13214,4,train
13215,13215,11,train
13216,13216,19,test
13217,13217,11,train
13218,13218,11,train
13219,13219,9,train
13220,13220,3,train
13221,13221,15,validation
13222,13222,16,validation
13223,13223,14,validation
13224,13224,15,validation
13225,13225,18,test
13226,13226,8,train
13227,13227,0,train
13228,13228,18,test
13229,13229,2,train
13230,13230,5,train
13231,13231,19,test
13232,13232,12,train
13233,13233,4,train
13234,13234,18,test
13235,13235,11,train
13236,13236,2,train
13237,13237,1,train
13238,13238,4,train
13239,13239,8,train
13240,13240,4,train
13241,13241,1,train
13242,13242,9,train
13243,13243,19,test
13244,13244,2,train
13245,13245,1,train
13246,13246,5,train
13247,13247,2,train
13248,13248,1,train
13249,13249,19,test
13250,13250,5,train
13251,13251,16,validation
13252,13252,7,train
13253,13253,7,train
13254,13254,4,train
13255,13255,1,train
13256,13256,12,train
13257,13257,18,test
13258,13258,16,validation
13259,13259,14,validation
13260,13260,6,train
13261,13261,13,train
13262,13262,16,validation
13263,13263,4,train
13264,13264,4,train
13265,13265,3,train
13266,13266,10,train
13267,13267,8,train
13268,13268,11,train
13269,13269,3,train
13270,13270,5,train
13271,13271,6,train
13272,13272,2,train
13273,13273,11,train
13274,13274,0,train
13275,13275,7,train
13276,13276,14,validation
13277,13277,3,train
13278,13278,10,train
13279,13279,19,test
13280,13280,0,train
13281,13281,17,test
13282,13282,17,test
13283,13283,4,train
13284,13284,5,train
13285,13285,8,train
13286,13286,4,train
13287,13287,10,train
13288,13288,5,train
13289,13289,5,train
13290,13290,1,train
13291,13291,8,train
13292,13292,10,train
13293,13293,12,train
13294,13294,17,test
13295,13295,7,train
13296,13296,2,train
13297,13297,6,train
13298,13298,7,train
13299,13299,19,test
13300,13300,4,train
13301,13301,16,validation
13302,13302,19,test
13303,13303,0,train
13304,13304,19,test
13305,13305,3,train
13306,13306,16,validation
13307,13307,7,train
13308,13308,13,train
13309,13309,0,train
13310,13310,16,validation
13311,13311,18,test
13312,13312,3,train
13313,13313,11,train
13314,13314,9,train
13315,13315,15,validation
13316,13316,12,train
13317,13317,9,train
13318,13318,6,train
13319,13319,1,train
13320,13320,4,train
13321,13321,4,train
13322,13322,8,train
13323,13323,6,train
13324,13324,8,train
13325,13325,8,train
13326,13326,0,train
13327,13327,10,train
13328,13328,7,train
13329,13329,1,train
13330,13330,10,train
13331,13331,17,test
13332,13332,3,train
13333,13333,17,test
13334,13334,8,train
13335,13335,17,test
13336,13336,2,train
13337,13337,15,validation
13338,13338,1,train
13339,13339,12,train
13340,13340,10,train
13341,13341,18,test
13342,13342,4,train
13343,13343,8,train
13344,13344,14,validation
13345,13345,3,train
13346,13346,11,train
13347,13347,0,train
13348,13348,0,train
13349,13349,14,validation
13350,13350,3,train
13351,13351,6,train
13352,13352,0,train
13353,13353,10,train
13354,13354,10,train
13355,13355,11,train
13356,13356,6,train
13357,13357,8,train
13358,13358,14,validation
13359,13359,7,train
13360,13360,3,train
13361,13361,11,train
13362,13362,7,train
13363,13363,3,train
13364,13364,11,train
13365,13365,14,validation
13366,13366,19,test
13367,13367,8,train
13368,13368,6,train
13369,13369,13,train
13370,13370,9,train
13371,13371,4,train
13372,13372,6,train
13373,13373,9,train
13374,13374,5,train
13375,13375,2,train
13376,13376,3,train
13377,13377,14,validation
13378,13378,5,train
13379,13379,16,validation
13380,13380,4,train
13381,13381,12,train
13382,13382,14,validation
13383,13383,4,train
13384,13384,4,train
13385,13385,16,validation
13386,13386,2,train
13387,13387,0,train
13388,13388,3,train
13389,13389,18,test
13390,13390,3,train
13391,13391,13,train
13392,13392,9,train
13393,13393,19,test
13394,13394,15,validation
13395,13395,4,train
13396,13396,8,train
13397,13397,9,train
13398,13398,2,train
13399,13399,4,train
13400,13400,18,test
13401,13401,9,train
13402,13402,2,train
13403,13403,6,train
13404,13404,0,train
13405,13405,5,train
13406,13406,9,train
13407,13407,9,train
13408,13408,1,train
13409,13409,16,validation
13410,13410,19,test
13411,13411,3,train
13412,13412,5,train
13413,13413,10,train
13414,13414,3,train
13415,13415,1,train
13416,13416,3,train
13417,13417,6,train
13418,13418,17,test
13419,13419,13,train
13420,13420,5,train
13421,13421,11,train
13422,13422,8,train
13423,13423,17,test
13424,13424,17,test
13425,13425,15,validation
13426,13426,3,train
13427,13427,18,test
13428,13428,12,train
13429,13429,10,train
13430,13430,0,train
13431,13431,0,train
13432,13432,8,train
13433,13433,7,train
13434,13434,2,train
13435,13435,1,train
13436,13436,15,validation
13437,13437,2,train
13438,13438,13,train
13439,13439,17,test
13440,13440,19,test
13441,13441,12,train
13442,13442,11,train
13443,13443,4,train
13444,13444,9,train
13445,13445,0,train
13446,13446,16,validation
13447,13447,10,train
13448,13448,1,train
13449,13449,8,train
13450,13450,16,validation
13451,13451,5,train
13452,13452,12,train
13453,13453,18,test
13454,13454,18,test
13455,13455,13,train
13456,13456,0,train
13457,13457,10,train
13458,13458,12,train
13459,13459,2,train
13460,13460,1,train
13461,13461,9,train
13462,13462,9,train
13463,13463,6,train
13464,13464,17,test
13465,13465,16,validation
13466,13466,16,validation
13467,13467,12,train
13468,13468,10,train
13469,13469,15,validation
13470,13470,18,test
13471,13471,2,train
13472,13472,3,train
13473,13473,16,validation
13474,13474,16,validation
13475,13475,12,train
13476,13476,8,train
13477,13477,10,train
13478,13478,2,train
13479,13479,2,train
13480,13480,0,train
13481,13481,7,train
13482,13482,16,validation
13483,13483,4,train
13484,13484,11,train
13485,13485,9,train
13486,13486,9,train
13487,13487,9,train
13488,13488,11,train
13489,13489,5,train
13490,13490,19,test
13491,13491,14,validation
13492,13492,0,train
13493,13493,1,train
13494,13494,12,train
13495,13495,0,train
13496,13496,14,validation
13497,13497,16,validation
13498,13498,8,train
13499,13499,4,train
13500,13500,9,train
13501,13501,4,train
13502,13502,2,train
13503,13503,8,train
13504,13504,16,validation
13505,13505,2,train
13506,13506,8,train
13507,13507,1,train
13508,13508,2,train
13509,13509,13,train
13510,13510,8,train
13511,13511,9,train
13512,13512,8,train
13513,13513,17,test
13514,13514,18,test
13515,13515,12,train
13516,13516,5,train
13517,13517,13,train
13518,13518,14,validation
13519,13519,7,train
13520,13520,0,train
13521,13521,11,train
13522,13522,13,train
13523,13523,19,test
13524,13524,9,train
13525,13525,1,train
13526,13526,15,validation
13527,13527,19,test
13528,13528,6,train
13529,13529,10,train
13530,13530,0,train
13531,13531,11,train
13532,13532,18,test
13533,13533,2,train
13534,13534,10,train
13535,13535,19,test
13536,13536,11,train
13537,13537,8,train
13538,13538,12,train
13539,13539,11,train
13540,13540,3,train
13541,13541,10,train
13542,13542,16,validation
13543,13543,16,validation
13544,13544,2,train
13545,13545,7,train
13546,13546,5,train
13547,13547,1,train
13548,13548,15,validation
13549,13549,2,train
13550,13550,2,train
13551,13551,15,validation
13552,13552,5,train
13553,13553,12,train
13554,13554,9,train
13555,13555,1,train
13556,13556,5,train
13557,13557,15,validation
13558,13558,10,train
13559,13559,4,train
13560,13560,1,train
13561,13561,15,validation
13562,13562,13,train
13563,13563,19,test
13564,13564,10,train
13565,13565,9,train
13566,13566,13,train
13567,13567,16,validation
13568,13568,15,validation
13569,13569,5,train
13570,13570,7,train
13571,13571,6,train
13572,13572,9,train
13573,13573,19,test
13574,13574,14,validation
13575,13575,13,train
13576,13576,4,train
13577,13577,7,train
13578,13578,8,train
13579,13579,6,train
13580,13580,7,train
13581,13581,2,train
13582,13582,12,train
13583,13583,12,train
13584,13584,14,validation
13585,13585,1,train
13586,13586,17,test
13587,13587,5,train
13588,13588,2,train
13589,13589,17,test
13590,13590,17,test
13591,13591,3,train
13592,13592,9,train
13593,13593,8,train
13594,13594,0,train
13595,13595,18,test
13596,13596,15,validation
13597,13597,13,train
13598,13598,8,train
13599,13599,16,validation
13600,13600,16,validation
13601,13601,15,validation
13602,13602,7,train
13603,13603,11,train
13604,13604,18,test
13605,13605,12,train
13606,13606,16,validation
13607,13607,10,train
13608,13608,16,validation
13609,13609,2,train
13610,13610,7,train
13611,13611,19,test
13612,13612,0,train
13613,13613,10,train
13614,13614,10,train
13615,13615,18,test
13616,13616,7,train
13617,13617,13,train
13618,13618,12,train
13619,13619,10,train
13620,13620,0,train
13621,13621,11,train
13622,13622,3,train
13623,13623,3,train
13624,13624,11,train
13625,13625,12,train
13626,13626,9,train
13627,13627,9,train
13628,13628,12,train
13629,13629,14,validation
13630,13630,5,train
13631,13631,13,train
13632,13632,10,train
13633,13633,11,train
13634,13634,6,train
13635,13635,7,train
13636,13636,4,train
13637,13637,8,train
13638,13638,6,train
13639,13639,4,train
13640,13640,11,train
13641,13641,16,validation
13642,13642,1,train
13643,13643,5,train
13644,13644,11,train
13645,13645,1,train
13646,13646,6,train
13647,13647,3,train
13648,13648,18,test
13649,13649,2,train
13650,13650,3,train
13651,13651,12,train
13652,13652,15,validation
13653,13653,16,validation
13654,13654,11,train
13655,13655,8,train
13656,13656,4,train
13657,13657,12,train
13658,13658,7,train
13659,13659,13,train
13660,13660,6,train
13661,13661,16,validation
13662,13662,12,train
13663,13663,15,validation
13664,13664,7,train
13665,13665,10,train
13666,13666,18,test
13667,13667,18,test
13668,13668,16,validation
13669,13669,9,train
13670,13670,3,train
13671,13671,18,test
13672,13672,2,train
13673,13673,15,validation
13674,13674,13,train
13675,13675,18,test
13676,13676,15,validation
13677,13677,2,train
13678,13678,12,train
13679,13679,8,train
13680,13680,19,test
13681,13681,3,train
13682,13682,11,train
13683,13683,19,test
13684,13684,0,train
13685,13685,5,train
13686,13686,17,test
13687,13687,8,train
13688,13688,16,validation
13689,13689,14,validation
13690,13690,17,test
13691,13691,4,train
13692,13692,16,validation
13693,13693,8,train
13694,13694,19,test
13695,13695,14,validation
13696,13696,6,train
13697,13697,14,validation
13698,13698,13,train
13699,13699,9,train
13700,13700,1,train
13701,13701,18,test
13702,13702,6,train
13703,13703,17,test
13704,13704,10,train
13705,13705,15,validation
13706,13706,16,validation
13707,13707,11,train
13708,13708,19,test
13709,13709,15,validation
13710,13710,14,validation
13711,13711,10,train
13712,13712,3,train
13713,13713,12,train
13714,13714,11,train
13715,13715,6,train
13716,13716,7,train
13717,13717,16,validation
13718,13718,3,train
13719,13719,11,train
13720,13720,2,train
13721,13721,8,train
13722,13722,14,validation
13723,13723,0,train
13724,13724,1,train
13725,13725,13,train
13726,13726,1,train
13727,13727,1,train
13728,13728,4,train
13729,13729,12,train
13730,13730,17,test
13731,13731,11,train
13732,13732,15,validation
13733,13733,10,train
13734,13734,4,train
13735,13735,1,train
13736,13736,14,validation
13737,13737,6,train
13738,13738,0,train
13739,13739,1,train
13740,13740,15,validation
13741,13741,8,train
13742,13742,12,train
13743,13743,2,train
13744,13744,18,test
13745,13745,14,validation
13746,13746,9,train
13747,13747,18,test
13748,13748,13,train
13749,13749,18,test
13750,13750,9,train
13751,13751,3,train
13752,13752,10,train
13753,13753,3,train
13754,13754,16,validation
13755,13755,16,validation
13756,13756,12,train
13757,13757,18,test
13758,13758,2,train
13759,13759,13,train
13760,13760,11,train
13761,13761,14,validation
13762,13762,14,validation
13763,13763,15,validation
13764,13764,6,train
13765,13765,14,validation
13766,13766,13,train
13767,13767,10,train
13768,13768,1,train
13769,13769,16,validation
13770,13770,4,train
13771,13771,6,train
13772,13772,17,test
13773,13773,12,train
13774,13774,6,train
13775,13775,17,test
13776,13776,12,train
13777,13777,8,train
13778,13778,0,train
13779,13779,3,train
13780,13780,10,train
13781,13781,5,train
13782,13782,5,train
13783,13783,1,train
13784,13784,7,train
13785,13785,14,validation
13786,13786,17,test
13787,13787,2,train
13788,13788,4,train
13789,13789,9,train
13790,13790,4,train
13791,13791,13,train
13792,13792,17,test
13793,13793,2,train
13794,13794,15,validation
13795,13795,18,test
13796,13796,4,train
13797,13797,3,train
13798,13798,17,test
13799,13799,4,train
13800,13800,9,train
13801,13801,0,train
13802,13802,15,validation
13803,13803,14,validation
13804,13804,11,train
13805,13805,4,train
13806,13806,11,train
13807,13807,17,test
13808,13808,15,validation
13809,13809,16,validation
13810,13810,11,train
13811,13811,4,train
13812,13812,12,train
13813,13813,18,test
13814,13814,19,test
13815,13815,6,train
13816,13816,3,train
13817,13817,1,train
13818,13818,17,test
13819,13819,9,train
13820,13820,3,train
13821,13821,3,train
13822,13822,15,validation
13823,13823,6,train
13824,13824,16,validation
13825,13825,9,train
13826,13826,0,train
13827,13827,4,train
13828,13828,14,validation
13829,13829,7,train
13830,13830,3,train
13831,13831,17,test
13832,13832,1,train
13833,13833,6,train
13834,13834,17,test
13835,13835,5,train
13836,13836,9,train
13837,13837,15,validation
13838,13838,5,train
13839,13839,13,train
13840,13840,0,train
13841,13841,9,train
13842,13842,18,test
13843,13843,10,train
13844,13844,9,train
13845,13845,13,train
13846,13846,7,train
13847,13847,14,validation
13848,13848,6,train
13849,13849,15,validation
13850,13850,17,test
13851,13851,1,train
13852,13852,6,train
13853,13853,17,test
13854,13854,18,test
13855,13855,5,train
13856,13856,7,train
13857,13857,1,train
13858,13858,3,train
13859,13859,1,train
13860,13860,19,test
13861,13861,19,test
13862,13862,11,train
13863,13863,15,validation
13864,13864,8,train
13865,13865,7,train
13866,13866,11,train
13867,13867,15,validation
13868,13868,14,validation
13869,13869,11,train
13870,13870,7,train
13871,13871,18,test
13872,13872,6,train
13873,13873,9,train
13874,13874,16,validation
13875,13875,15,validation
13876,13876,4,train
13877,13877,12,train
13878,13878,1,train
13879,13879,0,train
13880,13880,10,train
13881,13881,13,train
13882,13882,19,test
13883,13883,3,train
13884,13884,4,train
13885,13885,0,train
13886,13886,1,train
13887,13887,12,train
13888,13888,12,train
13889,13889,9,train
13890,13890,4,train
13891,13891,18,test
13892,13892,11,train
13893,13893,18,test
13894,13894,8,train
13895,13895,0,train
13896,13896,1,train
13897,13897,3,train
13898,13898,1,train
13899,13899,5,train
13900,13900,16,validation
13901,13901,9,train
13902,13902,18,test
13903,13903,11,train
13904,13904,1,train
13905,13905,13,train
13906,13906,2,train
13907,13907,4,train
13908,13908,10,train
13909,13909,12,train
13910,13910,2,train
13911,13911,13,train
13912,13912,3,train
13913,13913,12,train
13914,13914,7,train
13915,13915,1,train
13916,13916,15,validation
13917,13917,7,train
13918,13918,3,train
13919,13919,15,validation
13920,13920,8,train
13921,13921,0,train
13922,13922,8,train
13923,13923,3,train
13924,13924,9,train
13925,13925,4,train
13926,13926,2,train
13927,13927,12,train
13928,13928,0,train
13929,13929,10,train
13930,13930,15,validation
13931,13931,3,train
13932,13932,4,train
13933,13933,7,train
13934,13934,1,train
13935,13935,18,test
13936,13936,11,train
13937,13937,15,validation
13938,13938,14,validation
13939,13939,9,train
13940,13940,12,train
13941,13941,3,train
13942,13942,0,train
13943,13943,13,train
13944,13944,2,train
13945,13945,15,validation
13946,13946,2,train
13947,13947,19,test
13948,13948,14,validation
13949,13949,1,train
13950,13950,7,train
13951,13951,12,train
13952,13952,18,test
13953,13953,11,train
13954,13954,0,train
13955,13955,7,train
13956,13956,6,train
13957,13957,5,train
13958,13958,3,train
13959,13959,14,validation
13960,13960,9,train
13961,13961,9,train
13962,13962,11,train
13963,13963,5,train
13964,13964,7,train
13965,13965,1,train
13966,13966,5,train
13967,13967,12,train
13968,13968,9,train
13969,13969,3,train
13970,13970,7,train
13971,13971,12,train
13972,13972,17,test
13973,13973,3,train
13974,13974,3,train
13975,13975,18,test
13976,13976,2,train
13977,13977,15,validation
13978,13978,0,train
13979,13979,3,train
13980,13980,8,train
13981,13981,16,validation
13982,13982,3,train
13983,13983,19,test
13984,13984,1,train
13985,13985,2,train
13986,13986,13,train
13987,13987,14,validation
13988,13988,13,train
13989,13989,14,validation
13990,13990,0,train
13991,13991,3,train
13992,13992,18,test
13993,13993,4,train
13994,13994,12,train
13995,13995,5,train
13996,13996,4,train
13997,13997,4,train
13998,13998,0,train
13999,13999,10,train
14000,14000,19,test
14001,14001,7,train
14002,14002,18,test
14003,14003,3,train
14004,14004,2,train
14005,14005,1,train
14006,14006,18,test
14007,14007,4,train
14008,14008,18,test
14009,14009,0,train
14010,14010,3,train
14011,14011,2,train
14012,14012,0,train
14013,14013,3,train
14014,14014,9,train
14015,14015,4,train
14016,14016,6,train
14017,14017,2,train
14018,14018,19,test
14019,14019,17,test
14020,14020,18,test
14021,14021,16,validation
14022,14022,0,train
14023,14023,6,train
14024,14024,5,train
14025,14025,4,train
14026,14026,8,train
14027,14027,1,train
14028,14028,17,test
14029,14029,11,train
14030,14030,3,train
14031,14031,17,test
14032,14032,16,validation
14033,14033,16,validation
14034,14034,0,train
14035,14035,1,train
14036,14036,4,train
14037,14037,5,train
14038,14038,3,train
14039,14039,13,train
14040,14040,6,train
14041,14041,15,validation
14042,14042,3,train
14043,14043,19,test
14044,14044,14,validation
14045,14045,19,test
14046,14046,11,train
14047,14047,1,train
14048,14048,2,train
14049,14049,9,train
14050,14050,12,train
14051,14051,10,train
14052,14052,4,train
14053,14053,19,test
14054,14054,8,train
14055,14055,18,test
14056,14056,9,train
14057,14057,6,train
14058,14058,8,train
14059,14059,2,train
14060,14060,16,validation
14061,14061,12,train
14062,14062,10,train
14063,14063,18,test
14064,14064,11,train
14065,14065,19,test
14066,14066,18,test
14067,14067,2,train
14068,14068,6,train
14069,14069,6,train
14070,14070,16,validation
14071,14071,6,train
14072,14072,12,train
14073,14073,1,train
14074,14074,3,train
14075,14075,1,train
14076,14076,17,test
14077,14077,4,train
14078,14078,2,train
14079,14079,17,test
14080,14080,14,validation
14081,14081,3,train
14082,14082,2,train
14083,14083,3,train
14084,14084,5,train
14085,14085,18,test
14086,14086,4,train
14087,14087,16,validation
14088,14088,15,validation
14089,14089,18,test
14090,14090,18,test
14091,14091,7,train
14092,14092,15,validation
14093,14093,2,train
14094,14094,7,train
14095,14095,14,validation
14096,14096,15,validation
14097,14097,10,train
14098,14098,17,test
14099,14099,2,train
14100,14100,11,train
14101,14101,2,train
14102,14102,11,train
14103,14103,16,validation
14104,14104,14,validation
14105,14105,5,train
14106,14106,1,train
14107,14107,19,test
14108,14108,14,validation
14109,14109,8,train
14110,14110,8,train
14111,14111,18,test
14112,14112,4,train
14113,14113,4,train
14114,14114,10,train
14115,14115,19,test
14116,14116,11,train
14117,14117,2,train
14118,14118,17,test
14119,14119,19,test
14120,14120,14,validation
14121,14121,3,train
14122,14122,5,train
14123,14123,5,train
14124,14124,17,test
14125,14125,15,validation
14126,14126,1,train
14127,14127,16,validation
14128,14128,12,train
14129,14129,18,test
14130,14130,7,train
14131,14131,11,train
14132,14132,14,validation
14133,14133,9,train
14134,14134,12,train
14135,14135,5,train
14136,14136,13,train
14137,14137,5,train
14138,14138,5,train
14139,14139,6,train
14140,14140,7,train
14141,14141,13,train
14142,14142,8,train
14143,14143,19,test
14144,14144,14,validation
14145,14145,16,validation
14146,14146,1,train
14147,14147,19,test
14148,14148,10,train
14149,14149,11,train
14150,14150,7,train
14151,14151,4,train
14152,14152,17,test
14153,14153,7,train
14154,14154,2,train
14155,14155,16,validation
14156,14156,14,validation
14157,14157,6,train
14158,14158,3,train
14159,14159,9,train
14160,14160,17,test
14161,14161,13,train
14162,14162,9,train
14163,14163,17,test
14164,14164,12,train
14165,14165,9,train
14166,14166,8,train
14167,14167,1,train
14168,14168,10,train
14169,14169,17,test
14170,14170,3,train
14171,14171,3,train
14172,14172,16,validation
14173,14173,2,train
14174,14174,4,train
14175,14175,16,validation
14176,14176,10,train
14177,14177,6,train
14178,14178,8,train
14179,14179,16,validation
14180,14180,18,test
14181,14181,10,train
14182,14182,14,validation
14183,14183,9,train
14184,14184,1,train
14185,14185,16,validation
14186,14186,10,train
14187,14187,15,validation
14188,14188,14,validation
14189,14189,11,train
14190,14190,4,train
14191,14191,11,train
14192,14192,6,train
14193,14193,7,train
14194,14194,11,train
14195,14195,6,train
14196,14196,10,train
14197,14197,0,train
14198,14198,0,train
14199,14199,0,train
14200,14200,2,train
14201,14201,1,train
14202,14202,14,validation
14203,14203,2,train
14204,14204,15,validation
14205,14205,5,train
14206,14206,16,validation
14207,14207,19,test
14208,14208,12,train
14209,14209,9,train
14210,14210,0,train
14211,14211,12,train
14212,14212,5,train
14213,14213,17,test
14214,14214,8,train
14215,14215,3,train
14216,14216,5,train
14217,14217,0,train
14218,14218,4,train
14219,14219,19,test
14220,14220,2,train
14221,14221,1,train
14222,14222,19,test
14223,14223,11,train
14224,14224,8,train
14225,14225,6,train
14226,14226,1,train
14227,14227,1,train
14228,14228,6,train
14229,14229,8,train
14230,14230,1,train
14231,14231,16,validation
14232,14232,0,train
14233,14233,2,train
14234,14234,18,test
14235,14235,8,train
14236,14236,1,train
14237,14237,19,test
14238,14238,19,test
14239,14239,13,train
14240,14240,11,train
14241,14241,13,train
14242,14242,7,train
14243,14243,1,train
14244,14244,10,train
14245,14245,15,validation
14246,14246,19,test
14247,14247,15,validation
14248,14248,16,validation
14249,14249,10,train
14250,14250,18,test
14251,14251,14,validation
14252,14252,12,train
14253,14253,10,train
14254,14254,3,train
14255,14255,19,test
14256,14256,9,train
14257,14257,16,validation
14258,14258,4,train
14259,14259,7,train
14260,14260,9,train
14261,14261,16,validation
14262,14262,15,validation
14263,14263,4,train
14264,14264,17,test
14265,14265,11,train
14266,14266,7,train
14267,14267,1,train
14268,14268,11,train
14269,14269,15,validation
14270,14270,10,train
14271,14271,5,train
14272,14272,11,train
14273,14273,0,train
14274,14274,5,train
14275,14275,2,train
14276,14276,8,train
14277,14277,6,train
14278,14278,18,test
14279,14279,1,train
14280,14280,3,train
14281,14281,6,train
14282,14282,2,train
14283,14283,7,train
14284,14284,6,train
14285,14285,9,train
14286,14286,10,train
14287,14287,10,train
14288,14288,18,test
14289,14289,0,train
14290,14290,8,train
14291,14291,7,train
14292,14292,2,train
14293,14293,3,train
14294,14294,15,validation
14295,14295,9,train
14296,14296,5,train
14297,14297,12,train
14298,14298,19,test
14299,14299,11,train
14300,14300,4,train
14301,14301,1,train
14302,14302,7,train
14303,14303,14,validation
14304,14304,6,train
14305,14305,4,train
14306,14306,0,train
14307,14307,2,train
14308,14308,10,train
14309,14309,12,train
14310,14310,1,train
14311,14311,14,validation
14312,14312,6,train
14313,14313,10,train
14314,14314,10,train
14315,14315,19,test
14316,14316,9,train
14317,14317,2,train
14318,14318,15,validation
14319,14319,8,train
14320,14320,16,validation
14321,14321,6,train
14322,14322,17,test
14323,14323,11,train
14324,14324,5,train
14325,14325,16,validation
14326,14326,3,train
14327,14327,19,test
14328,14328,4,train
14329,14329,13,train
14330,14330,15,validation
14331,14331,5,train
14332,14332,8,train
14333,14333,2,train
14334,14334,18,test
14335,14335,8,train
14336,14336,3,train
14337,14337,9,train
14338,14338,18,test
14339,14339,19,test
14340,14340,3,train
14341,14341,12,train
14342,14342,17,test
14343,14343,0,train
14344,14344,11,train
14345,14345,14,validation
14346,14346,19,test
14347,14347,3,train
14348,14348,12,train
14349,14349,18,test
14350,14350,13,train
14351,14351,0,train
14352,14352,19,test
14353,14353,17,test
14354,14354,0,train
14355,14355,1,train
14356,14356,10,train
14357,14357,9,train
14358,14358,15,validation
14359,14359,11,train
14360,14360,18,test
14361,14361,14,validation
14362,14362,6,train
14363,14363,12,train
14364,14364,14,validation
14365,14365,0,train
14366,14366,5,train
14367,14367,4,train
14368,14368,12,train
14369,14369,10,train
14370,14370,15,validation
14371,14371,1,train
14372,14372,16,validation
14373,14373,6,train
14374,14374,2,train
14375,14375,0,train
14376,14376,1,train
14377,14377,6,train
14378,14378,8,train
14379,14379,14,validation
14380,14380,9,train
14381,14381,1,train
14382,14382,0,train
14383,14383,19,test
14384,14384,1,train
14385,14385,8,train
14386,14386,10,train
14387,14387,19,test
14388,14388,16,validation
14389,14389,16,validation
14390,14390,10,train
14391,14391,16,validation
14392,14392,8,train
14393,14393,15,validation
14394,14394,19,test
14395,14395,19,test
14396,14396,13,train
14397,14397,4,train
14398,14398,4,train
14399,14399,7,train
14400,14400,7,train
14401,14401,14,validation
14402,14402,7,train
14403,14403,4,train
14404,14404,9,train
14405,14405,13,train
14406,14406,4,train
14407,14407,9,train
14408,14408,6,train
14409,14409,3,train
14410,14410,10,train
14411,14411,17,test
14412,14412,4,train
14413,14413,19,test
14414,14414,3,train
14415,14415,3,train
14416,14416,15,validation
14417,14417,12,train
14418,14418,10,train
14419,14419,17,test
14420,14420,4,train
14421,14421,15,validation
14422,14422,0,train
14423,14423,4,train
14424,14424,13,train
14425,14425,5,train
14426,14426,6,train
14427,14427,3,train
14428,14428,7,train
14429,14429,17,test
14430,14430,1,train
14431,14431,10,train
14432,14432,4,train
14433,14433,12,train
14434,14434,8,train
14435,14435,1,train
14436,14436,5,train
14437,14437,0,train
14438,14438,8,train
14439,14439,6,train
14440,14440,14,validation
14441,14441,11,train
14442,14442,2,train
14443,14443,16,validation
14444,14444,5,train
14445,14445,16,validation
14446,14446,16,validation
14447,14447,11,train
14448,14448,4,train
14449,14449,17,test
14450,14450,18,test
14451,14451,3,train
14452,14452,0,train
14453,14453,2,train
14454,14454,15,validation
14455,14455,13,train
14456,14456,8,train
14457,14457,18,test
14458,14458,1,train
14459,14459,4,train
14460,14460,18,test
14461,14461,17,test
14462,14462,1,train
14463,14463,17,test
14464,14464,1,train
14465,14465,10,train
14466,14466,3,train
14467,14467,6,train
14468,14468,0,train
14469,14469,7,train
14470,14470,7,train
14471,14471,15,validation
14472,14472,2,train
14473,14473,3,train
14474,14474,5,train
14475,14475,19,test
14476,14476,2,train
14477,14477,13,train
14478,14478,7,train
14479,14479,2,train
14480,14480,17,test
14481,14481,7,train
14482,14482,9,train
14483,14483,12,train
14484,14484,8,train
14485,14485,7,train
14486,14486,7,train
14487,14487,8,train
14488,14488,15,validation
14489,14489,16,validation
14490,14490,8,train
14491,14491,9,train
14492,14492,9,train
14493,14493,19,test
14494,14494,12,train
14495,14495,18,test
14496,14496,1,train
14497,14497,16,validation
14498,14498,9,train
14499,14499,11,train
14500,14500,8,train
14501,14501,10,train
14502,14502,15,validation
14503,14503,18,test
14504,14504,14,validation
14505,14505,3,train
14506,14506,7,train
14507,14507,17,test
14508,14508,7,train
14509,14509,5,train
14510,14510,16,validation
14511,14511,7,train
14512,14512,12,train
14513,14513,7,train
14514,14514,18,test
14515,14515,10,train
14516,14516,11,train
14517,14517,8,train
14518,14518,0,train
14519,14519,14,validation
14520,14520,15,validation
14521,14521,1,train
14522,14522,11,train
14523,14523,19,test
14524,14524,6,train
14525,14525,3,train
14526,14526,13,train
14527,14527,10,train
14528,14528,19,test
14529,14529,13,train
14530,14530,6,train
14531,14531,4,train
14532,14532,13,train
14533,14533,0,train
14534,14534,6,train
14535,14535,3,train
14536,14536,9,train
14537,14537,11,train
14538,14538,9,train
14539,14539,3,train
14540,14540,12,train
14541,14541,16,validation
14542,14542,7,train
14543,14543,3,train
14544,14544,7,train
14545,14545,15,validation
14546,14546,10,train
14547,14547,15,validation
14548,14548,15,validation
14549,14549,2,train
14550,14550,17,test
14551,14551,9,train
14552,14552,9,train
14553,14553,16,validation
14554,14554,1,train
14555,14555,13,train
14556,14556,10,train
14557,14557,13,train
14558,14558,4,train
14559,14559,16,validation
14560,14560,0,train
14561,14561,18,test
14562,14562,6,train
14563,14563,1,train
14564,14564,3,train
14565,14565,17,test
14566,14566,3,train
14567,14567,5,train
14568,14568,19,test
14569,14569,17,test
14570,14570,15,validation
14571,14571,2,train
14572,14572,18,test
14573,14573,16,validation
14574,14574,3,train
14575,14575,2,train
14576,14576,17,test
14577,14577,9,train
14578,14578,10,train
14579,14579,4,train
14580,14580,14,validation
14581,14581,2,train
14582,14582,14,validation
14583,14583,11,train
14584,14584,7,train
14585,14585,3,train
14586,14586,15,validation
14587,14587,12,train
14588,14588,0,train
14589,14589,14,validation
14590,14590,11,train
14591,14591,1,train
14592,14592,6,train
14593,14593,19,test
14594,14594,6,train
14595,14595,4,train
14596,14596,8,train
14597,14597,5,train
14598,14598,5,train
14599,14599,6,train
14600,14600,17,test
14601,14601,17,test
14602,14602,7,train
14603,14603,13,train
14604,14604,13,train
14605,14605,6,train
14606,14606,13,train
14607,14607,10,train
14608,14608,9,train
14609,14609,10,train
14610,14610,2,train
14611,14611,11,train
14612,14612,14,validation
14613,14613,5,train
14614,14614,7,train
14615,14615,2,train
14616,14616,19,test
14617,14617,15,validation
14618,14618,0,train
14619,14619,16,validation
14620,14620,6,train
14621,14621,11,train
14622,14622,0,train
14623,14623,8,train
14624,14624,12,train
14625,14625,1,train
14626,14626,6,train
14627,14627,18,test
14628,14628,9,train
14629,14629,10,train
14630,14630,12,train
14631,14631,13,train
14632,14632,1,train
14633,14633,7,train
14634,14634,10,train
14635,14635,6,train
14636,14636,15,validation
14637,14637,5,train
14638,14638,1,train
14639,14639,0,train
14640,14640,7,train
14641,14641,1,train
14642,14642,13,train
14643,14643,6,train
14644,14644,14,validation
14645,14645,4,train
14646,14646,7,train
14647,14647,1,train
14648,14648,14,validation
14649,14649,10,train
14650,14650,6,train
14651,14651,0,train
14652,14652,0,train
14653,14653,13,train
14654,14654,5,train
14655,14655,5,train
14656,14656,14,validation
14657,14657,16,validation
14658,14658,11,train
14659,14659,6,train
14660,14660,0,train
14661,14661,14,validation
14662,14662,17,test
14663,14663,11,train
14664,14664,9,train
14665,14665,18,test
14666,14666,8,train
14667,14667,8,train
14668,14668,18,test
14669,14669,5,train
14670,14670,8,train
14671,14671,17,test
14672,14672,6,train
14673,14673,0,train
14674,14674,3,train
14675,14675,12,train
14676,14676,10,train
14677,14677,13,train
14678,14678,0,train
14679,14679,3,train
14680,14680,4,train
14681,14681,17,test
14682,14682,15,validation
14683,14683,2,train
14684,14684,1,train
14685,14685,4,train
14686,14686,11,train
14687,14687,7,train
14688,14688,7,train
14689,14689,19,test
14690,14690,10,train
14691,14691,10,train
14692,14692,17,test
14693,14693,11,train
14694,14694,4,train
14695,14695,12,train
14696,14696,9,train
14697,14697,10,train
14698,14698,19,test
14699,14699,6,train
14700,14700,10,train
14701,14701,19,test
14702,14702,7,train
14703,14703,0,train
14704,14704,6,train
14705,14705,8,train
14706,14706,8,train
14707,14707,0,train
14708,14708,17,test
14709,14709,4,train
14710,14710,12,train
14711,14711,3,train
14712,14712,3,train
14713,14713,18,test
14714,14714,8,train
14715,14715,12,train
14716,14716,1,train
14717,14717,11,train
14718,14718,7,train
14719,14719,3,train
14720,14720,19,test
14721,14721,19,test
14722,14722,8,train
14723,14723,11,train
14724,14724,19,test
14725,14725,5,train
14726,14726,0,train
14727,14727,12,train
14728,14728,5,train
14729,14729,15,validation
14730,14730,6,train
14731,14731,4,train
14732,14732,18,test
14733,14733,1,train
14734,14734,18,test
14735,14735,10,train
14736,14736,5,train
14737,14737,11,train
14738,14738,19,test
14739,14739,9,train
14740,14740,8,train
14741,14741,2,train
14742,14742,3,train
14743,14743,6,train
14744,14744,4,train
14745,14745,12,train
14746,14746,15,validation
14747,14747,9,train
14748,14748,6,train
14749,14749,16,validation
14750,14750,13,train
14751,14751,8,train
14752,14752,15,validation
14753,14753,2,train
14754,14754,9,train
14755,14755,13,train
14756,14756,1,train
14757,14757,19,test
14758,14758,5,train
14759,14759,0,train
14760,14760,14,validation
14761,14761,1,train
14762,14762,13,train
14763,14763,18,test
14764,14764,9,train
14765,14765,9,train
14766,14766,5,train
14767,14767,14,validation
14768,14768,18,test
14769,14769,10,train
14770,14770,13,train
14771,14771,14,validation
14772,14772,12,train
14773,14773,1,train
14774,14774,6,train
14775,14775,12,train
14776,14776,7,train
14777,14777,8,train
14778,14778,15,validation
14779,14779,12,train
14780,14780,9,train
14781,14781,0,train
14782,14782,15,validation
14783,14783,13,train
14784,14784,18,test
14785,14785,13,train
14786,14786,18,test
14787,14787,2,train
14788,14788,5,train
14789,14789,16,validation
14790,14790,18,test
14791,14791,9,train
14792,14792,15,validation
14793,14793,5,train
14794,14794,8,train
14795,14795,13,train
14796,14796,10,train
14797,14797,6,train
14798,14798,4,train
14799,14799,16,validation
14800,14800,3,train
14801,14801,12,train
14802,14802,3,train
14803,14803,3,train
14804,14804,16,validation
14805,14805,9,train
14806,14806,2,train
14807,14807,15,validation
14808,14808,0,train
14809,14809,15,validation
14810,14810,19,test
14811,14811,14,validation
14812,14812,3,train
14813,14813,13,train
14814,14814,5,train
14815,14815,6,train
14816,14816,18,test
14817,14817,11,train
14818,14818,8,train
14819,14819,16,validation
14820,14820,3,train
14821,14821,16,validation
14822,14822,2,train
14823,14823,6,train
14824,14824,8,train
14825,14825,10,train
14826,14826,2,train
14827,14827,2,train
14828,14828,15,validation
14829,14829,4,train
14830,14830,11,train
14831,14831,19,test
14832,14832,11,train
14833,14833,17,test
14834,14834,6,train
14835,14835,3,train
14836,14836,4,train
14837,14837,1,train
14838,14838,13,train
14839,14839,7,train
14840,14840,16,validation
14841,14841,18,test
14842,14842,11,train
14843,14843,9,train
14844,14844,15,validation
14845,14845,18,test
14846,14846,0,train
14847,14847,9,train
14848,14848,6,train
14849,14849,10,train
14850,14850,1,train
14851,14851,16,validation
14852,14852,18,test
14853,14853,6,train
14854,14854,9,train
14855,14855,4,train
14856,14856,7,train
14857,14857,11,train
14858,14858,16,validation
14859,14859,5,train
14860,14860,14,validation
14861,14861,9,train
14862,14862,8,train
14863,14863,16,validation
14864,14864,8,train
14865,14865,5,train
14866,14866,9,train
14867,14867,9,train
14868,14868,19,test
14869,14869,6,train
14870,14870,8,train
14871,14871,19,test
14872,14872,5,train
14873,14873,11,train
14874,14874,5,train
14875,14875,1,train
14876,14876,4,train
14877,14877,18,test
14878,14878,1,train
14879,14879,15,validation
14880,14880,1,train
14881,14881,12,train
14882,14882,15,validation
14883,14883,6,train
14884,14884,16,validation
14885,14885,6,train
14886,14886,11,train
14887,14887,10,train
14888,14888,18,test
14889,14889,15,validation
14890,14890,16,validation
14891,14891,3,train
14892,14892,11,train
14893,14893,17,test
14894,14894,6,train
14895,14895,10,train
14896,14896,10,train
14897,14897,15,validation
14898,14898,3,train
14899,14899,7,train
14900,14900,2,train
14901,14901,16,validation
14902,14902,18,test
14903,14903,13,train
14904,14904,3,train
14905,14905,7,train
14906,14906,18,test
14907,14907,8,train
14908,14908,6,train
14909,14909,15,validation
14910,14910,0,train
14911,14911,4,train
14912,14912,6,train
14913,14913,1,train
14914,14914,3,train
14915,14915,16,validation
14916,14916,5,train
14917,14917,3,train
14918,14918,7,train
14919,14919,1,train
14920,14920,13,train
14921,14921,16,validation
14922,14922,15,validation
14923,14923,12,train
14924,14924,7,train
14925,14925,13,train
14926,14926,11,train
14927,14927,7,train
14928,14928,12,train
14929,14929,1,train
14930,14930,3,train
14931,14931,10,train
14932,14932,0,train
14933,14933,16,validation
14934,14934,16,validation
14935,14935,14,validation
14936,14936,18,test
14937,14937,11,train
14938,14938,7,train
14939,14939,2,train
14940,14940,12,train
14941,14941,13,train
14942,14942,18,test
14943,14943,9,train
14944,14944,9,train
14945,14945,13,train
14946,14946,8,train
14947,14947,1,train
14948,14948,7,train
14949,14949,3,train
14950,14950,7,train
14951,14951,14,validation
14952,14952,1,train
14953,14953,19,test
14954,14954,19,test
14955,14955,15,validation
14956,14956,4,train
14957,14957,18,test
14958,14958,9,train
14959,14959,5,train
14960,14960,8,train
14961,14961,0,train
14962,14962,9,train
14963,14963,6,train
14964,14964,0,train
14965,14965,0,train
14966,14966,6,train
14967,14967,17,test
14968,14968,11,train
14969,14969,9,train
14970,14970,4,train
14971,14971,13,train
14972,14972,10,train
14973,14973,14,validation
14974,14974,8,train
14975,14975,10,train
14976,14976,6,train
14977,14977,17,test
14978,14978,5,train
14979,14979,14,validation
14980,14980,4,train
14981,14981,10,train
14982,14982,16,validation
14983,14983,3,train
14984,14984,13,train
14985,14985,12,train
14986,14986,13,train
14987,14987,16,validation
14988,14988,7,train
14989,14989,15,validation
14990,14990,10,train
14991,14991,2,train
14992,14992,0,train
14993,14993,4,train
14994,14994,3,train
14995,14995,14,validation
14996,14996,5,train
14997,14997,1,train
14998,14998,8,train
14999,14999,3,train
15000,15000,3,train
15001,15001,8,train
15002,15002,3,train
15003,15003,7,train
15004,15004,1,train
15005,15005,15,validation
15006,15006,4,train
15007,15007,15,validation
15008,15008,2,train
15009,15009,15,validation
15010,15010,1,train
15011,15011,3,train
15012,15012,10,train
15013,15013,14,validation
15014,15014,13,train
15015,15015,14,validation
15016,15016,3,train
15017,15017,2,train
15018,15018,8,train
15019,15019,17,test
15020,15020,16,validation
15021,15021,14,validation
15022,15022,14,validation
15023,15023,7,train
15024,15024,3,train
15025,15025,13,train
15026,15026,12,train
15027,15027,7,train
15028,15028,10,train
15029,15029,5,train
15030,15030,5,train
15031,15031,3,train
15032,15032,11,train
15033,15033,19,test
15034,15034,11,train
15035,15035,12,train
15036,15036,12,train
15037,15037,4,train
15038,15038,0,train
15039,15039,0,train
15040,15040,7,train
15041,15041,11,train
15042,15042,18,test
15043,15043,1,train
15044,15044,10,train
15045,15045,8,train
15046,15046,13,train
15047,15047,8,train
15048,15048,6,train
15049,15049,15,validation
15050,15050,15,validation
15051,15051,0,train
15052,15052,13,train
15053,15053,15,validation
15054,15054,12,train
15055,15055,19,test
15056,15056,1,train
15057,15057,9,train
15058,15058,18,test
15059,15059,5,train
15060,15060,10,train
15061,15061,10,train
15062,15062,3,train
15063,15063,11,train
15064,15064,18,test
15065,15065,3,train
15066,15066,4,train
15067,15067,16,validation
15068,15068,4,train
15069,15069,2,train
15070,15070,12,train
15071,15071,1,train
15072,15072,12,train
15073,15073,5,train
15074,15074,10,train
15075,15075,18,test
15076,15076,6,train
15077,15077,12,train
15078,15078,4,train
15079,15079,6,train
15080,15080,3,train
15081,15081,9,train
15082,15082,14,validation
15083,15083,10,train
15084,15084,2,train
15085,15085,15,validation
15086,15086,4,train
15087,15087,16,validation
15088,15088,6,train
15089,15089,13,train
15090,15090,15,validation
15091,15091,5,train
15092,15092,18,test
15093,15093,4,train
15094,15094,18,test
15095,15095,2,train
15096,15096,4,train
15097,15097,8,train
15098,15098,8,train
15099,15099,10,train
15100,15100,0,train
15101,15101,15,validation
15102,15102,0,train
15103,15103,10,train
15104,15104,13,train
15105,15105,14,validation
15106,15106,2,train
15107,15107,4,train
15108,15108,2,train
15109,15109,14,validation
15110,15110,1,train
15111,15111,4,train
15112,15112,7,train
15113,15113,5,train
15114,15114,10,train
15115,15115,2,train
15116,15116,11,train
15117,15117,4,train
15118,15118,17,test
15119,15119,10,train
15120,15120,2,train
15121,15121,15,validation
15122,15122,5,train
15123,15123,2,train
15124,15124,16,validation
15125,15125,11,train
15126,15126,2,train
15127,15127,10,train
15128,15128,4,train
15129,15129,18,test
15130,15130,2,train
15131,15131,13,train
15132,15132,4,train
15133,15133,1,train
15134,15134,0,train
15135,15135,9,train
15136,15136,8,train
15137,15137,12,train
15138,15138,0,train
15139,15139,17,test
15140,15140,11,train
15141,15141,6,train
15142,15142,9,train
15143,15143,18,test
15144,15144,7,train
15145,15145,3,train
15146,15146,14,validation
15147,15147,8,train
15148,15148,18,test
15149,15149,9,train
15150,15150,16,validation
15151,15151,2,train
15152,15152,9,train
15153,15153,2,train
15154,15154,16,validation
15155,15155,2,train
15156,15156,11,train
15157,15157,8,train
15158,15158,4,train
15159,15159,17,test
15160,15160,13,train
15161,15161,4,train
15162,15162,7,train
15163,15163,2,train
15164,15164,17,test
15165,15165,2,train
15166,15166,4,train
15167,15167,13,train
15168,15168,6,train
15169,15169,16,validation
15170,15170,16,validation
15171,15171,1,train
15172,15172,8,train
15173,15173,5,train
15174,15174,11,train
15175,15175,18,test
15176,15176,1,train
15177,15177,5,train
15178,15178,2,train
15179,15179,11,train
15180,15180,14,validation
15181,15181,14,validation
15182,15182,1,train
15183,15183,19,test
15184,15184,19,test
15185,15185,19,test
15186,15186,13,train
15187,15187,10,train
15188,15188,4,train
15189,15189,4,train
15190,15190,17,test
15191,15191,10,train
15192,15192,7,train
15193,15193,15,validation
15194,15194,6,train
15195,15195,4,train
15196,15196,3,train
15197,15197,11,train
15198,15198,10,train
15199,15199,7,train
15200,15200,3,train
15201,15201,13,train
15202,15202,12,train
15203,15203,7,train
15204,15204,8,train
15205,15205,19,test
15206,15206,2,train
15207,15207,1,train
15208,15208,17,test
15209,15209,3,train
15210,15210,4,train
15211,15211,4,train
15212,15212,3,train
15213,15213,16,validation
15214,15214,6,train
15215,15215,11,train
15216,15216,0,train
15217,15217,16,validation
15218,15218,19,test
15219,15219,13,train
15220,15220,12,train
15221,15221,13,train
15222,15222,7,train
15223,15223,8,train
15224,15224,3,train
15225,15225,18,test
15226,15226,0,train
15227,15227,0,train
15228,15228,19,test
15229,15229,3,train
15230,15230,5,train
15231,15231,6,train
15232,15232,14,validation
15233,15233,17,test
15234,15234,4,train
15235,15235,12,train
15236,15236,2,train
15237,15237,6,train
15238,15238,1,train
15239,15239,10,train
15240,15240,8,train
15241,15241,14,validation
15242,15242,19,test
15243,15243,8,train
15244,15244,14,validation
15245,15245,0,train
15246,15246,14,validation
15247,15247,19,test
15248,15248,18,test
15249,15249,13,train
15250,15250,7,train
15251,15251,2,train
15252,15252,2,train
15253,15253,8,train
15254,15254,18,test
15255,15255,7,train
15256,15256,14,validation
15257,15257,18,test
15258,15258,4,train
15259,15259,18,test
15260,15260,8,train
15261,15261,17,test
15262,15262,6,train
15263,15263,1,train
15264,15264,14,validation
15265,15265,5,train
15266,15266,16,validation
15267,15267,10,train
15268,15268,8,train
15269,15269,19,test
15270,15270,1,train
15271,15271,4,train
15272,15272,6,train
15273,15273,14,validation
15274,15274,7,train
15275,15275,19,test
15276,15276,2,train
15277,15277,15,validation
15278,15278,0,train
15279,15279,6,train
15280,15280,2,train
15281,15281,1,train
15282,15282,17,test
15283,15283,16,validation
15284,15284,18,test
15285,15285,5,train
15286,15286,4,train
15287,15287,3,train
15288,15288,11,train
15289,15289,17,test
15290,15290,15,validation
15291,15291,5,train
15292,15292,2,train
15293,15293,11,train
15294,15294,1,train
15295,15295,12,train
15296,15296,9,train
15297,15297,8,train
15298,15298,18,test
15299,15299,16,validation
15300,15300,19,test
15301,15301,3,train
15302,15302,4,train
15303,15303,8,train
15304,15304,12,train
15305,15305,8,train
15306,15306,2,train
15307,15307,5,train
15308,15308,0,train
15309,15309,12,train
15310,15310,15,validation
15311,15311,19,test
15312,15312,11,train
15313,15313,14,validation
15314,15314,16,validation
15315,15315,17,test
15316,15316,7,train
15317,15317,12,train
15318,15318,14,validation
15319,15319,1,train
15320,15320,2,train
15321,15321,3,train
15322,15322,9,train
15323,15323,7,train
15324,15324,13,train
15325,15325,15,validation
15326,15326,18,test
15327,15327,15,validation
15328,15328,6,train
15329,15329,19,test
15330,15330,13,train
15331,15331,17,test
15332,15332,16,validation
15333,15333,19,test
15334,15334,14,validation
15335,15335,9,train
15336,15336,8,train
15337,15337,2,train
15338,15338,5,train
15339,15339,5,train
15340,15340,7,train
15341,15341,2,train
15342,15342,0,train
15343,15343,3,train
15344,15344,5,train
15345,15345,19,test
15346,15346,8,train
15347,15347,7,train
15348,15348,9,train
15349,15349,5,train
15350,15350,0,train
15351,15351,3,train
15352,15352,0,train
15353,15353,10,train
15354,15354,10,train
15355,15355,1,train
15356,15356,17,test
15357,15357,17,test
15358,15358,2,train
15359,15359,15,validation
15360,15360,18,test
15361,15361,0,train
15362,15362,4,train
15363,15363,17,test
15364,15364,13,train
15365,15365,18,test
15366,15366,5,train
15367,15367,18,test
15368,15368,3,train
15369,15369,13,train
15370,15370,0,train
15371,15371,16,validation
15372,15372,6,train
15373,15373,8,train
15374,15374,1,train
15375,15375,7,train
15376,15376,5,train
15377,15377,10,train
15378,15378,7,train
15379,15379,2,train
15380,15380,12,train
15381,15381,5,train
15382,15382,5,train
15383,15383,13,train
15384,15384,0,train
15385,15385,14,validation
15386,15386,9,train
15387,15387,7,train
15388,15388,17,test
15389,15389,14,validation
15390,15390,5,train
15391,15391,12,train
15392,15392,15,validation
15393,15393,0,train
15394,15394,12,train
15395,15395,19,test
15396,15396,1,train
15397,15397,16,validation
15398,15398,19,test
15399,15399,4,train
15400,15400,11,train
15401,15401,12,train
15402,15402,4,train
15403,15403,18,test
15404,15404,6,train
15405,15405,1,train
15406,15406,16,validation
15407,15407,5,train
15408,15408,7,train
15409,15409,5,train
15410,15410,17,test
15411,15411,2,train
15412,15412,1,train
15413,15413,19,test
15414,15414,8,train
15415,15415,12,train
15416,15416,4,train
15417,15417,7,train
15418,15418,0,train
15419,15419,1,train
15420,15420,0,train
15421,15421,8,train
15422,15422,0,train
15423,15423,10,train
15424,15424,19,test
15425,15425,2,train
15426,15426,8,train
15427,15427,0,train
15428,15428,5,train
15429,15429,3,train
15430,15430,8,train
15431,15431,6,train
15432,15432,17,test
15433,15433,13,train
15434,15434,8,train
15435,15435,11,train
15436,15436,16,validation
15437,15437,13,train
15438,15438,6,train
15439,15439,11,train
15440,15440,0,train
15441,15441,10,train
15442,15442,9,train
15443,15443,1,train
15444,15444,0,train
15445,15445,10,train
15446,15446,3,train
15447,15447,7,train
15448,15448,15,validation
15449,15449,16,validation
15450,15450,15,validation
15451,15451,2,train
15452,15452,13,train
15453,15453,11,train
15454,15454,13,train
15455,15455,16,validation
15456,15456,12,train
15457,15457,12,train
15458,15458,13,train
15459,15459,18,test
15460,15460,14,validation
15461,15461,6,train
15462,15462,2,train
15463,15463,17,test
15464,15464,8,train
15465,15465,4,train
15466,15466,6,train
15467,15467,10,train
15468,15468,6,train
15469,15469,7,train
15470,15470,14,validation
15471,15471,8,train
15472,15472,4,train
15473,15473,18,test
15474,15474,10,train
15475,15475,3,train
15476,15476,7,train
15477,15477,15,validation
15478,15478,18,test
15479,15479,11,train
15480,15480,15,validation
15481,15481,4,train
15482,15482,0,train
15483,15483,1,train
15484,15484,0,train
15485,15485,10,train
15486,15486,9,train
15487,15487,15,validation
15488,15488,1,train
15489,15489,0,train
15490,15490,5,train
15491,15491,3,train
15492,15492,12,train
15493,15493,0,train
15494,15494,9,train
15495,15495,19,test
15496,15496,7,train
15497,15497,5,train
15498,15498,5,train
15499,15499,1,train
15500,15500,3,train
15501,15501,9,train
15502,15502,18,test
15503,15503,13,train
15504,15504,0,train
15505,15505,11,train
15506,15506,17,test
15507,15507,2,train
15508,15508,13,train
15509,15509,0,train
15510,15510,17,test
15511,15511,14,validation
15512,15512,2,train
15513,15513,13,train
15514,15514,19,test
15515,15515,6,train
15516,15516,7,train
15517,15517,3,train
15518,15518,9,train
15519,15519,15,validation
15520,15520,16,validation
15521,15521,0,train
15522,15522,9,train
15523,15523,15,validation
15524,15524,7,train
15525,15525,3,train
15526,15526,3,train
15527,15527,12,train
15528,15528,1,train
15529,15529,5,train
15530,15530,16,validation
15531,15531,6,train
15532,15532,16,validation
15533,15533,17,test
15534,15534,14,validation
15535,15535,6,train
15536,15536,11,train
15537,15537,6,train
15538,15538,11,train
15539,15539,7,train
15540,15540,16,validation
15541,15541,18,test
15542,15542,15,validation
15543,15543,13,train
15544,15544,8,train
15545,15545,6,train
15546,15546,15,validation
15547,15547,12,train
15548,15548,14,validation
15549,15549,4,train
15550,15550,3,train
15551,15551,14,validation
15552,15552,0,train
15553,15553,8,train
15554,15554,8,train
15555,15555,16,validation
15556,15556,10,train
15557,15557,0,train
15558,15558,17,test
15559,15559,1,train
15560,15560,12,train
15561,15561,17,test
15562,15562,11,train
15563,15563,4,train
15564,15564,11,train
15565,15565,8,train
15566,15566,12,train
15567,15567,17,test
15568,15568,4,train
15569,15569,14,validation
15570,15570,19,test
15571,15571,7,train
15572,15572,4,train
15573,15573,4,train
15574,15574,2,train
15575,15575,10,train
15576,15576,16,validation
15577,15577,19,test
15578,15578,7,train
15579,15579,8,train
15580,15580,17,test
15581,15581,12,train
15582,15582,5,train
15583,15583,5,train
15584,15584,15,validation
15585,15585,7,train
15586,15586,18,test
15587,15587,17,test
15588,15588,10,train
15589,15589,15,validation
15590,15590,12,train
15591,15591,11,train
15592,15592,11,train
15593,15593,19,test
15594,15594,1,train
15595,15595,5,train
15596,15596,9,train
15597,15597,14,validation
15598,15598,7,train
15599,15599,11,train
15600,15600,12,train
15601,15601,2,train
15602,15602,14,validation
15603,15603,1,train
15604,15604,11,train
15605,15605,13,train
15606,15606,13,train
15607,15607,9,train
15608,15608,12,train
15609,15609,0,train
15610,15610,0,train
15611,15611,11,train
15612,15612,14,validation
15613,15613,2,train
15614,15614,5,train
15615,15615,14,validation
15616,15616,11,train
15617,15617,6,train
15618,15618,13,train
15619,15619,4,train
15620,15620,18,test
15621,15621,13,train
15622,15622,17,test
15623,15623,1,train
15624,15624,15,validation
15625,15625,5,train
15626,15626,0,train
15627,15627,19,test
15628,15628,14,validation
15629,15629,7,train
15630,15630,2,train
15631,15631,17,test
15632,15632,11,train
15633,15633,9,train
15634,15634,9,train
15635,15635,16,validation
15636,15636,15,validation
15637,15637,10,train
15638,15638,2,train
15639,15639,8,train
15640,15640,3,train
15641,15641,2,train
15642,15642,12,train
15643,15643,15,validation
15644,15644,3,train
15645,15645,10,train
15646,15646,7,train
15647,15647,11,train
15648,15648,11,train
15649,15649,16,validation
15650,15650,9,train
15651,15651,2,train
15652,15652,4,train
15653,15653,14,validation
15654,15654,19,test
15655,15655,17,test
15656,15656,7,train
15657,15657,7,train
15658,15658,19,test
15659,15659,19,test
15660,15660,3,train
15661,15661,19,test
15662,15662,19,test
15663,15663,2,train
15664,15664,17,test
15665,15665,5,train
15666,15666,17,test
15667,15667,19,test
15668,15668,6,train
15669,15669,7,train
15670,15670,12,train
15671,15671,15,validation
15672,15672,14,validation
15673,15673,16,validation
15674,15674,9,train
15675,15675,7,train
15676,15676,5,train
15677,15677,2,train
15678,15678,11,train
15679,15679,6,train
15680,15680,6,train
15681,15681,10,train
15682,15682,16,validation
15683,15683,1,train
15684,15684,5,train
15685,15685,10,train
15686,15686,11,train
15687,15687,8,train
15688,15688,7,train
15689,15689,6,train
15690,15690,12,train
15691,15691,12,train
15692,15692,17,test
15693,15693,5,train
15694,15694,3,train
15695,15695,7,train
15696,15696,9,train
15697,15697,11,train
15698,15698,19,test
15699,15699,1,train
15700,15700,18,test
15701,15701,16,validation
15702,15702,6,train
15703,15703,17,test
15704,15704,9,train
15705,15705,5,train
15706,15706,3,train
15707,15707,5,train
15708,15708,7,train
15709,15709,3,train
15710,15710,8,train
15711,15711,3,train
15712,15712,12,train
15713,15713,11,train
15714,15714,14,validation
15715,15715,11,train
15716,15716,6,train
15717,15717,3,train
15718,15718,2,train
15719,15719,15,validation
15720,15720,13,train
15721,15721,5,train
15722,15722,16,validation
15723,15723,16,validation
15724,15724,18,test
15725,15725,4,train
15726,15726,5,train
15727,15727,10,train
15728,15728,5,train
15729,15729,0,train
15730,15730,3,train
15731,15731,16,validation
15732,15732,6,train
15733,15733,16,validation
15734,15734,14,validation
15735,15735,16,validation
15736,15736,17,test
15737,15737,12,train
15738,15738,18,test
15739,15739,16,validation
15740,15740,17,test
15741,15741,2,train
15742,15742,15,validation
15743,15743,1,train
15744,15744,11,train
15745,15745,2,train
15746,15746,2,train
15747,15747,8,train
15748,15748,10,train
15749,15749,4,train
15750,15750,14,validation
15751,15751,18,test
15752,15752,11,train
15753,15753,1,train
15754,15754,1,train
15755,15755,14,validation
15756,15756,5,train
15757,15757,19,test
15758,15758,10,train
15759,15759,2,train
15760,15760,5,train
15761,15761,0,train
15762,15762,0,train
15763,15763,12,train
15764,15764,14,validation
15765,15765,19,test
15766,15766,15,validation
15767,15767,5,train
15768,15768,14,validation
15769,15769,16,validation
15770,15770,14,validation
15771,15771,3,train
15772,15772,5,train
15773,15773,7,train
15774,15774,19,test
15775,15775,10,train
15776,15776,6,train
15777,15777,6,train
15778,15778,8,train
15779,15779,15,validation
15780,15780,12,train
15781,15781,14,validation
15782,15782,17,test
15783,15783,15,validation
15784,15784,3,train
15785,15785,14,validation
15786,15786,7,train
15787,15787,4,train
15788,15788,3,train
15789,15789,4,train
15790,15790,5,train
15791,15791,3,train
15792,15792,4,train
15793,15793,15,validation
15794,15794,19,test
15795,15795,5,train
15796,15796,19,test
15797,15797,4,train
15798,15798,8,train
15799,15799,15,validation
15800,15800,8,train
15801,15801,17,test
15802,15802,15,validation
15803,15803,17,test
15804,15804,9,train
15805,15805,7,train
15806,15806,9,train
15807,15807,10,train
15808,15808,10,train
15809,15809,1,train
15810,15810,11,train
15811,15811,15,validation
15812,15812,12,train
15813,15813,18,test
15814,15814,18,test
15815,15815,15,validation
15816,15816,13,train
15817,15817,10,train
15818,15818,11,train
15819,15819,17,test
15820,15820,2,train
15821,15821,17,test
15822,15822,14,validation
15823,15823,13,train
15824,15824,8,train
15825,15825,17,test
15826,15826,15,validation
15827,15827,1,train
15828,15828,19,test
15829,15829,17,test
15830,15830,13,train
15831,15831,18,test
15832,15832,18,test
15833,15833,16,validation
15834,15834,17,test
15835,15835,14,validation
15836,15836,13,train
15837,15837,5,train
15838,15838,4,train
15839,15839,17,test
15840,15840,14,validation
15841,15841,18,test
15842,15842,5,train
15843,15843,2,train
15844,15844,8,train
15845,15845,15,validation
15846,15846,11,train
15847,15847,3,train
15848,15848,6,train
15849,15849,9,train
15850,15850,6,train
15851,15851,0,train
15852,15852,2,train
15853,15853,18,test
15854,15854,13,train
15855,15855,18,test
15856,15856,16,validation
15857,15857,14,validation
15858,15858,1,train
15859,15859,1,train
15860,15860,11,train
15861,15861,10,train
15862,15862,14,validation
15863,15863,18,test
15864,15864,15,validation
15865,15865,2,train
15866,15866,3,train
15867,15867,18,test
15868,15868,5,train
15869,15869,4,train
15870,15870,3,train
15871,15871,7,train
15872,15872,7,train
15873,15873,14,validation
15874,15874,17,test
15875,15875,7,train
15876,15876,6,train
15877,15877,7,train
15878,15878,7,train
15879,15879,12,train
15880,15880,1,train
15881,15881,7,train
15882,15882,12,train
15883,15883,12,train
15884,15884,17,test
15885,15885,1,train
15886,15886,3,train
15887,15887,18,test
15888,15888,14,validation
15889,15889,6,train
15890,15890,18,test
15891,15891,16,validation
15892,15892,2,train
15893,15893,10,train
15894,15894,17,test
15895,15895,2,train
15896,15896,5,train
15897,15897,7,train
15898,15898,15,validation
15899,15899,15,validation
15900,15900,5,train
15901,15901,5,train
15902,15902,7,train
15903,15903,0,train
15904,15904,15,validation
15905,15905,0,train
15906,15906,1,train
15907,15907,6,train
15908,15908,8,train
15909,15909,19,test
15910,15910,8,train
15911,15911,12,train
15912,15912,15,validation
15913,15913,19,test
15914,15914,9,train
15915,15915,16,validation
15916,15916,16,validation
15917,15917,13,train
15918,15918,10,train
15919,15919,8,train
15920,15920,0,train
15921,15921,6,train
15922,15922,18,test
15923,15923,5,train
15924,15924,2,train
15925,15925,2,train
15926,15926,15,validation
15927,15927,4,train
15928,15928,2,train
15929,15929,5,train
15930,15930,2,train
15931,15931,10,train
15932,15932,14,validation
15933,15933,6,train
15934,15934,17,test
15935,15935,13,train
15936,15936,2,train
15937,15937,4,train
15938,15938,11,train
15939,15939,12,train
15940,15940,7,train
15941,15941,1,train
15942,15942,7,train
15943,15943,18,test
15944,15944,2,train
15945,15945,7,train
15946,15946,3,train
15947,15947,12,train
15948,15948,10,train
15949,15949,17,test
15950,15950,5,train
15951,15951,4,train
15952,15952,19,test
15953,15953,10,train
15954,15954,9,train
15955,15955,18,test
15956,15956,12,train
15957,15957,4,train
15958,15958,4,train
15959,15959,10,train
15960,15960,18,test
15961,15961,3,train
15962,15962,11,train
15963,15963,11,train
15964,15964,8,train
15965,15965,17,test
15966,15966,1,train
15967,15967,8,train
15968,15968,6,train
15969,15969,19,test
15970,15970,19,test
15971,15971,4,train
15972,15972,0,train
15973,15973,5,train
15974,15974,5,train
15975,15975,1,train
15976,15976,5,train
15977,15977,19,test
15978,15978,13,train
15979,15979,19,test
15980,15980,0,train
15981,15981,6,train
15982,15982,8,train
15983,15983,4,train
15984,15984,14,validation
15985,15985,17,test
15986,15986,16,validation
15987,15987,10,train
15988,15988,19,test
15989,15989,0,train
15990,15990,4,train
15991,15991,8,train
15992,15992,12,train
15993,15993,12,train
15994,15994,0,train
15995,15995,18,test
15996,15996,19,test
15997,15997,9,train
15998,15998,11,train
15999,15999,7,train
16000,16000,19,test
16001,16001,2,train
16002,16002,4,train
16003,16003,0,train
16004,16004,9,train
16005,16005,5,train
16006,16006,5,train
16007,16007,17,test
16008,16008,18,test
16009,16009,0,train
16010,16010,15,validation
16011,16011,6,train
16012,16012,17,test
16013,16013,9,train
16014,16014,8,train
16015,16015,6,train
16016,16016,10,train
16017,16017,16,validation
16018,16018,15,validation
16019,16019,3,train
16020,16020,1,train
16021,16021,6,train
16022,16022,5,train
16023,16023,5,train
16024,16024,2,train
16025,16025,7,train
16026,16026,5,train
16027,16027,2,train
16028,16028,3,train
16029,16029,14,validation
16030,16030,10,train
16031,16031,8,train
16032,16032,13,train
16033,16033,6,train
16034,16034,4,train
16035,16035,18,test
16036,16036,11,train
16037,16037,7,train
16038,16038,3,train
16039,16039,0,train
16040,16040,3,train
16041,16041,10,train
16042,16042,11,train
16043,16043,0,train
16044,16044,15,validation
16045,16045,10,train
16046,16046,8,train
16047,16047,3,train
16048,16048,16,validation
16049,16049,12,train
16050,16050,18,test
16051,16051,19,test
16052,16052,7,train
16053,16053,19,test
16054,16054,11,train
16055,16055,11,train
16056,16056,17,test
16057,16057,2,train
16058,16058,16,validation
16059,16059,7,train
16060,16060,4,train
16061,16061,3,train
16062,16062,10,train
16063,16063,16,validation
16064,16064,9,train
16065,16065,7,train
16066,16066,10,train
16067,16067,4,train
16068,16068,15,validation
16069,16069,7,train
16070,16070,13,train
16071,16071,16,validation
16072,16072,9,train
16073,16073,16,validation
16074,16074,0,train
16075,16075,0,train
16076,16076,7,train
16077,16077,17,test
16078,16078,9,train
16079,16079,17,test
16080,16080,11,train
16081,16081,11,train
16082,16082,14,validation
16083,16083,12,train
16084,16084,15,validation
16085,16085,11,train
16086,16086,0,train
16087,16087,1,train
16088,16088,14,validation
16089,16089,19,test
16090,16090,13,train
16091,16091,15,validation
16092,16092,13,train
16093,16093,14,validation
16094,16094,9,train
16095,16095,19,test
16096,16096,3,train
16097,16097,10,train
16098,16098,11,train
16099,16099,0,train
16100,16100,9,train
16101,16101,0,train
16102,16102,19,test
16103,16103,4,train
16104,16104,10,train
16105,16105,9,train
16106,16106,4,train
16107,16107,6,train
16108,16108,1,train
16109,16109,11,train
16110,16110,6,train
16111,16111,2,train
16112,16112,11,train
16113,16113,12,train
16114,16114,17,test
16115,16115,15,validation
16116,16116,14,validation
16117,16117,17,test
16118,16118,14,validation
16119,16119,9,train
16120,16120,17,test
16121,16121,2,train
16122,16122,12,train
16123,16123,19,test
16124,16124,5,train
16125,16125,2,train
16126,16126,3,train
16127,16127,9,train
16128,16128,2,train
16129,16129,16,validation
16130,16130,9,train
16131,16131,15,validation
16132,16132,4,train
16133,16133,13,train
16134,16134,4,train
16135,16135,15,validation
16136,16136,15,validation
16137,16137,3,train
16138,16138,8,train
16139,16139,0,train
16140,16140,1,train
16141,16141,11,train
16142,16142,17,test
16143,16143,8,train
16144,16144,19,test
16145,16145,5,train
16146,16146,16,validation
16147,16147,10,train
16148,16148,15,validation
16149,16149,14,validation
16150,16150,7,train
16151,16151,2,train
16152,16152,0,train
16153,16153,6,train
16154,16154,5,train
16155,16155,13,train
16156,16156,8,train
16157,16157,9,train
16158,16158,13,train
16159,16159,18,test
16160,16160,4,train
16161,16161,14,validation
16162,16162,10,train
16163,16163,3,train
16164,16164,14,validation
16165,16165,18,test
16166,16166,8,train
16167,16167,17,test
16168,16168,4,train
16169,16169,17,test
16170,16170,10,train
16171,16171,8,train
16172,16172,10,train
16173,16173,10,train
16174,16174,7,train
16175,16175,19,test
16176,16176,5,train
16177,16177,5,train
16178,16178,13,train
16179,16179,19,test
16180,16180,4,train
16181,16181,0,train
16182,16182,4,train
16183,16183,17,test
16184,16184,6,train
16185,16185,9,train
16186,16186,7,train
16187,16187,9,train
16188,16188,19,test
16189,16189,10,train
16190,16190,9,train
16191,16191,13,train
16192,16192,9,train
16193,16193,5,train
16194,16194,15,validation
16195,16195,7,train
16196,16196,7,train
16197,16197,7,train
16198,16198,14,validation
16199,16199,12,train
16200,16200,16,validation
16201,16201,10,train
16202,16202,0,train
16203,16203,14,validation
16204,16204,9,train
16205,16205,13,train
16206,16206,12,train
16207,16207,3,train
16208,16208,18,test
16209,16209,5,train
16210,16210,10,train
16211,16211,0,train
16212,16212,19,test
16213,16213,3,train
16214,16214,11,train
16215,16215,18,test
16216,16216,15,validation
16217,16217,19,test
16218,16218,12,train
16219,16219,8,train
16220,16220,6,train
16221,16221,16,validation
16222,16222,6,train
16223,16223,2,train
16224,16224,2,train
16225,16225,9,train
16226,16226,6,train
16227,16227,12,train
16228,16228,9,train
16229,16229,4,train
16230,16230,17,test
16231,16231,19,test
16232,16232,18,test
16233,16233,8,train
16234,16234,0,train
16235,16235,17,test
16236,16236,10,train
16237,16237,6,train
16238,16238,6,train
16239,16239,10,train
16240,16240,17,test
16241,16241,6,train
16242,16242,5,train
16243,16243,10,train
16244,16244,12,train
16245,16245,14,validation
16246,16246,4,train
16247,16247,14,validation
16248,16248,1,train
16249,16249,14,validation
16250,16250,16,validation
16251,16251,18,test
16252,16252,7,train
16253,16253,12,train
16254,16254,18,test
16255,16255,4,train
16256,16256,2,train
16257,16257,16,validation
16258,16258,3,train
16259,16259,9,train
16260,16260,4,train
16261,16261,2,train
16262,16262,2,train
16263,16263,3,train
16264,16264,12,train
16265,16265,10,train
16266,16266,11,train
16267,16267,14,validation
16268,16268,14,validation
16269,16269,0,train
16270,16270,6,train
16271,16271,6,train
16272,16272,19,test
16273,16273,8,train
16274,16274,19,test
16275,16275,14,validation
16276,16276,2,train
16277,16277,19,test
16278,16278,18,test
16279,16279,6,train
16280,16280,4,train
16281,16281,13,train
16282,16282,15,validation
16283,16283,10,train
16284,16284,10,train
16285,16285,17,test
16286,16286,18,test
16287,16287,6,train
16288,16288,9,train
16289,16289,14,validation
16290,16290,8,train
16291,16291,8,train
16292,16292,7,train
16293,16293,6,train
16294,16294,1,train
16295,16295,6,train
16296,16296,11,train
16297,16297,2,train
16298,16298,8,train
16299,16299,15,validation
16300,16300,0,train
16301,16301,13,train
16302,16302,12,train
16303,16303,17,test
16304,16304,10,train
16305,16305,2,train
16306,16306,18,test
16307,16307,9,train
16308,16308,8,train
16309,16309,17,test
16310,16310,12,train
16311,16311,14,validation
16312,16312,15,validation
16313,16313,2,train
16314,16314,14,validation
16315,16315,7,train
16316,16316,4,train
16317,16317,11,train
16318,16318,2,train
16319,16319,2,train
16320,16320,7,train
16321,16321,2,train
16322,16322,0,train
16323,16323,18,test
16324,16324,7,train
16325,16325,12,train
16326,16326,1,train
16327,16327,12,train
16328,16328,14,validation
16329,16329,0,train
16330,16330,6,train
16331,16331,6,train
16332,16332,18,test
16333,16333,3,train
16334,16334,18,test
16335,16335,18,test
16336,16336,11,train
16337,16337,19,test
16338,16338,4,train
16339,16339,4,train
16340,16340,12,train
16341,16341,13,train
16342,16342,7,train
16343,16343,15,validation
16344,16344,10,train
16345,16345,5,train
16346,16346,9,train
16347,16347,6,train
16348,16348,5,train
16349,16349,10,train
16350,16350,10,train
16351,16351,1,train
16352,16352,4,train
16353,16353,1,train
16354,16354,3,train
16355,16355,10,train
16356,16356,1,train
16357,16357,1,train
16358,16358,6,train
16359,16359,5,train
16360,16360,2,train
16361,16361,19,test
16362,16362,16,validation
16363,16363,11,train
16364,16364,10,train
16365,16365,19,test
16366,16366,1,train
16367,16367,13,train
16368,16368,0,train
16369,16369,2,train
16370,16370,16,validation
16371,16371,3,train
16372,16372,11,train
16373,16373,8,train
16374,16374,14,validation
16375,16375,18,test
16376,16376,4,train
16377,16377,14,validation
16378,16378,5,train
16379,16379,0,train
16380,16380,17,test
16381,16381,7,train
16382,16382,3,train
16383,16383,1,train
16384,16384,14,validation
16385,16385,12,train
16386,16386,19,test
16387,16387,11,train
16388,16388,0,train
16389,16389,13,train
16390,16390,9,train
16391,16391,7,train
16392,16392,8,train
16393,16393,15,validation
16394,16394,13,train
16395,16395,9,train
16396,16396,16,validation
16397,16397,7,train
16398,16398,19,test
16399,16399,16,validation
16400,16400,11,train
16401,16401,5,train
16402,16402,1,train
16403,16403,6,train
16404,16404,5,train
16405,16405,6,train
16406,16406,5,train
16407,16407,12,train
16408,16408,15,validation
16409,16409,2,train
16410,16410,15,validation
16411,16411,15,validation
16412,16412,12,train
16413,16413,2,train
16414,16414,7,train
16415,16415,10,train
16416,16416,7,train
16417,16417,11,train
16418,16418,17,test
16419,16419,9,train
16420,16420,10,train
16421,16421,9,train
16422,16422,15,validation
16423,16423,18,test
16424,16424,0,train
16425,16425,11,train
16426,16426,1,train
16427,16427,13,train
16428,16428,3,train
16429,16429,17,test
16430,16430,6,train
16431,16431,7,train
16432,16432,12,train
16433,16433,6,train
16434,16434,1,train
16435,16435,4,train
16436,16436,1,train
16437,16437,8,train
16438,16438,8,train
16439,16439,15,validation
16440,16440,17,test
16441,16441,11,train
16442,16442,10,train
16443,16443,15,validation
16444,16444,9,train
16445,16445,11,train
16446,16446,1,train
16447,16447,13,train
16448,16448,4,train
16449,16449,11,train
16450,16450,8,train
16451,16451,9,train
16452,16452,17,test
16453,16453,12,train
16454,16454,19,test
16455,16455,0,train
16456,16456,14,validation
16457,16457,6,train
16458,16458,11,train
16459,16459,12,train
16460,16460,5,train
16461,16461,17,test
16462,16462,4,train
16463,16463,11,train
16464,16464,6,train
16465,16465,15,validation
16466,16466,5,train
16467,16467,3,train
16468,16468,4,train
16469,16469,11,train
16470,16470,10,train
16471,16471,7,train
16472,16472,19,test
16473,16473,17,test
16474,16474,2,train
16475,16475,7,train
16476,16476,12,train
16477,16477,4,train
16478,16478,9,train
16479,16479,3,train
16480,16480,7,train
16481,16481,16,validation
16482,16482,8,train
16483,16483,1,train
16484,16484,15,validation
16485,16485,17,test
16486,16486,11,train
16487,16487,8,train
16488,16488,8,train
16489,16489,5,train
16490,16490,12,train
16491,16491,2,train
16492,16492,14,validation
16493,16493,1,train
16494,16494,5,train
16495,16495,15,validation
16496,16496,4,train
16497,16497,9,train
16498,16498,17,test
16499,16499,14,validation
16500,16500,17,test
16501,16501,16,validation
16502,16502,2,train
16503,16503,4,train
16504,16504,12,train
16505,16505,1,train
16506,16506,14,validation
16507,16507,2,train
16508,16508,10,train
16509,16509,8,train
16510,16510,8,train
16511,16511,0,train
16512,16512,11,train
16513,16513,19,test
16514,16514,12,train
16515,16515,4,train
16516,16516,13,train
16517,16517,11,train
16518,16518,12,train
16519,16519,6,train
16520,16520,14,validation
16521,16521,16,validation
16522,16522,10,train
16523,16523,18,test
16524,16524,14,validation
16525,16525,18,test
16526,16526,2,train
16527,16527,15,validation
16528,16528,14,validation
16529,16529,11,train
16530,16530,16,validation
16531,16531,3,train
16532,16532,18,test
16533,16533,8,train
16534,16534,13,train
16535,16535,14,validation
16536,16536,5,train
16537,16537,12,train
16538,16538,11,train
16539,16539,12,train
16540,16540,2,train
16541,16541,19,test
16542,16542,13,train
16543,16543,0,train
16544,16544,5,train
16545,16545,11,train
16546,16546,2,train
16547,16547,5,train
16548,16548,17,test
16549,16549,13,train
16550,16550,2,train
16551,16551,12,train
16552,16552,13,train
16553,16553,18,test
16554,16554,8,train
16555,16555,12,train
16556,16556,1,train
16557,16557,6,train
16558,16558,14,validation
16559,16559,16,validation
16560,16560,11,train
16561,16561,9,train
16562,16562,6,train
16563,16563,1,train
16564,16564,19,test
16565,16565,15,validation
16566,16566,14,validation
16567,16567,12,train
16568,16568,3,train
16569,16569,11,train
16570,16570,5,train
16571,16571,9,train
16572,16572,2,train
16573,16573,14,validation
16574,16574,11,train
16575,16575,14,validation
16576,16576,8,train
16577,16577,18,test
16578,16578,6,train
16579,16579,4,train
16580,16580,14,validation
16581,16581,17,test
16582,16582,13,train
16583,16583,1,train
16584,16584,17,test
16585,16585,14,validation
16586,16586,1,train
16587,16587,12,train
16588,16588,2,train
16589,16589,12,train
16590,16590,2,train
16591,16591,10,train
16592,16592,16,validation
16593,16593,9,train
16594,16594,12,train
16595,16595,13,train
16596,16596,16,validation
16597,16597,10,train
16598,16598,15,validation
16599,16599,8,train
16600,16600,5,train
16601,16601,8,train
16602,16602,14,validation
16603,16603,5,train
16604,16604,5,train
16605,16605,5,train
16606,16606,12,train
16607,16607,16,validation
16608,16608,14,validation
16609,16609,15,validation
16610,16610,1,train
16611,16611,11,train
16612,16612,14,validation
16613,16613,8,train
16614,16614,19,test
16615,16615,4,train
16616,16616,4,train
16617,16617,15,validation
16618,16618,11,train
16619,16619,7,train
16620,16620,15,validation
16621,16621,8,train
16622,16622,18,test
16623,16623,17,test
16624,16624,19,test
16625,16625,8,train
16626,16626,16,validation
16627,16627,18,test
16628,16628,10,train
16629,16629,7,train
16630,16630,4,train
16631,16631,16,validation
16632,16632,0,train
16633,16633,7,train
16634,16634,17,test
16635,16635,6,train
16636,16636,3,train
16637,16637,12,train
16638,16638,19,test
16639,16639,9,train
16640,16640,12,train
16641,16641,19,test
16642,16642,0,train
16643,16643,4,train
16644,16644,13,train
16645,16645,14,validation
16646,16646,3,train
16647,16647,2,train
16648,16648,5,train
16649,16649,10,train
16650,16650,3,train
16651,16651,1,train
16652,16652,13,train
16653,16653,13,train
16654,16654,5,train
16655,16655,7,train
16656,16656,18,test
16657,16657,1,train
16658,16658,17,test
16659,16659,6,train
16660,16660,17,test
16661,16661,13,train
16662,16662,7,train
16663,16663,17,test
16664,16664,9,train
16665,16665,11,train
16666,16666,9,train
16667,16667,15,validation
16668,16668,5,train
16669,16669,9,train
16670,16670,10,train
16671,16671,13,train
16672,16672,16,validation
16673,16673,4,train
16674,16674,17,test
16675,16675,10,train
16676,16676,5,train
16677,16677,9,train
16678,16678,13,train
16679,16679,8,train
16680,16680,13,train
16681,16681,4,train
16682,16682,10,train
16683,16683,9,train
16684,16684,3,train
16685,16685,14,validation
16686,16686,15,validation
16687,16687,15,validation
16688,16688,0,train
16689,16689,15,validation
16690,16690,16,validation
16691,16691,7,train
16692,16692,8,train
16693,16693,3,train
16694,16694,15,validation
16695,16695,7,train
16696,16696,16,validation
16697,16697,2,train
16698,16698,13,train
16699,16699,6,train
16700,16700,7,train
16701,16701,13,train
16702,16702,5,train
16703,16703,16,validation
16704,16704,0,train
16705,16705,8,train
16706,16706,14,validation
16707,16707,11,train
16708,16708,8,train
16709,16709,7,train
16710,16710,13,train
16711,16711,7,train
16712,16712,3,train
16713,16713,19,test
16714,16714,2,train
16715,16715,2,train
16716,16716,4,train
16717,16717,7,train
16718,16718,9,train
16719,16719,15,validation
16720,16720,10,train
16721,16721,0,train
16722,16722,12,train
16723,16723,12,train
16724,16724,9,train
16725,16725,7,train
16726,16726,12,train
16727,16727,8,train
16728,16728,17,test
16729,16729,15,validation
16730,16730,13,train
16731,16731,6,train
16732,16732,19,test
16733,16733,5,train
16734,16734,13,train
16735,16735,11,train
16736,16736,5,train
16737,16737,8,train
16738,16738,7,train
16739,16739,15,validation
16740,16740,16,validation
16741,16741,2,train
16742,16742,7,train
16743,16743,9,train
16744,16744,12,train
16745,16745,13,train
16746,16746,2,train
16747,16747,13,train
16748,16748,17,test
16749,16749,6,train
16750,16750,13,train
16751,16751,19,test
16752,16752,14,validation
16753,16753,10,train
16754,16754,15,validation
16755,16755,11,train
16756,16756,7,train
16757,16757,13,train
16758,16758,12,train
16759,16759,4,train
16760,16760,13,train
16761,16761,17,test
16762,16762,2,train
16763,16763,17,test
16764,16764,0,train
16765,16765,13,train
16766,16766,14,validation
16767,16767,11,train
16768,16768,13,train
16769,16769,17,test
16770,16770,15,validation
16771,16771,4,train
16772,16772,7,train
16773,16773,15,validation
16774,16774,7,train
16775,16775,10,train
16776,16776,6,train
16777,16777,19,test
16778,16778,14,validation
16779,16779,7,train
16780,16780,17,test
16781,16781,0,train
16782,16782,18,test
16783,16783,1,train
16784,16784,8,train
16785,16785,10,train
16786,16786,8,train
16787,16787,15,validation
16788,16788,4,train
16789,16789,2,train
16790,16790,4,train
16791,16791,10,train
16792,16792,5,train
16793,16793,4,train
16794,16794,9,train
16795,16795,9,train
16796,16796,15,validation
16797,16797,5,train
16798,16798,7,train
16799,16799,3,train
16800,16800,17,test
16801,16801,10,train
16802,16802,15,validation
16803,16803,13,train
16804,16804,11,train
16805,16805,1,train
16806,16806,14,validation
16807,16807,19,test
16808,16808,2,train
16809,16809,19,test
16810,16810,6,train
16811,16811,6,train
16812,16812,12,train
16813,16813,5,train
16814,16814,0,train
16815,16815,10,train
16816,16816,10,train
16817,16817,14,validation
16818,16818,14,validation
16819,16819,0,train
16820,16820,4,train
16821,16821,7,train
16822,16822,0,train
16823,16823,9,train
16824,16824,0,train
16825,16825,1,train
16826,16826,18,test
16827,16827,8,train
16828,16828,14,validation
16829,16829,9,train
16830,16830,17,test
16831,16831,6,train
16832,16832,11,train
16833,16833,17,test
16834,16834,5,train
16835,16835,3,train
16836,16836,7,train
16837,16837,17,test
16838,16838,0,train
16839,16839,18,test
16840,16840,12,train
16841,16841,8,train
16842,16842,10,train
16843,16843,7,train
16844,16844,9,train
16845,16845,16,validation
16846,16846,1,train
16847,16847,1,train
16848,16848,15,validation
16849,16849,17,test
16850,16850,19,test
16851,16851,16,validation
16852,16852,18,test
16853,16853,12,train
16854,16854,9,train
16855,16855,9,train
16856,16856,18,test
16857,16857,4,train
16858,16858,5,train
16859,16859,5,train
16860,16860,5,train
16861,16861,17,test
16862,16862,1,train
16863,16863,2,train
16864,16864,4,train
16865,16865,1,train
16866,16866,15,validation
16867,16867,10,train
16868,16868,17,test
16869,16869,9,train
16870,16870,8,train
16871,16871,9,train
16872,16872,0,train
16873,16873,8,train
16874,16874,3,train
16875,16875,8,train
16876,16876,10,train
16877,16877,6,train
16878,16878,11,train
16879,16879,6,train
16880,16880,0,train
16881,16881,9,train
16882,16882,8,train
16883,16883,5,train
16884,16884,2,train
16885,16885,18,test
16886,16886,18,test
16887,16887,7,train
16888,16888,13,train
16889,16889,18,test
16890,16890,14,validation
16891,16891,12,train
16892,16892,8,train
16893,16893,17,test
16894,16894,14,validation
16895,16895,17,test
16896,16896,17,test
16897,16897,7,train
16898,16898,5,train
16899,16899,5,train
16900,16900,17,test
16901,16901,13,train
16902,16902,4,train
16903,16903,7,train
16904,16904,16,validation
16905,16905,5,train
16906,16906,5,train
16907,16907,8,train
16908,16908,11,train
16909,16909,3,train
16910,16910,7,train
16911,16911,19,test
16912,16912,0,train
16913,16913,0,train
16914,16914,14,validation
16915,16915,9,train
16916,16916,15,validation
16917,16917,4,train
16918,16918,14,validation
16919,16919,8,train
16920,16920,5,train
16921,16921,16,validation
16922,16922,1,train
16923,16923,5,train
16924,16924,8,train
16925,16925,17,test
16926,16926,2,train
16927,16927,12,train
16928,16928,6,train
16929,16929,1,train
16930,16930,1,train
16931,16931,0,train
16932,16932,11,train
16933,16933,9,train
16934,16934,13,train
16935,16935,15,validation
16936,16936,8,train
16937,16937,0,train
16938,16938,2,train
16939,16939,6,train
16940,16940,12,train
16941,16941,7,train
16942,16942,1,train
16943,16943,4,train
16944,16944,14,validation
16945,16945,1,train
16946,16946,19,test
16947,16947,12,train
16948,16948,4,train
16949,16949,16,validation
16950,16950,1,train
16951,16951,6,train
16952,16952,2,train
16953,16953,18,test
16954,16954,16,validation
16955,16955,18,test
16956,16956,19,test
16957,16957,3,train
16958,16958,9,train
16959,16959,10,train
16960,16960,2,train
16961,16961,13,train
16962,16962,16,validation
16963,16963,19,test
16964,16964,10,train
16965,16965,10,train
16966,16966,0,train
16967,16967,8,train
16968,16968,14,validation
16969,16969,10,train
16970,16970,17,test
16971,16971,9,train
16972,16972,12,train
16973,16973,0,train
16974,16974,19,test
16975,16975,19,test
16976,16976,12,train
16977,16977,4,train
16978,16978,11,train
16979,16979,4,train
16980,16980,16,validation
16981,16981,18,test
16982,16982,15,validation
16983,16983,6,train
16984,16984,0,train
16985,16985,1,train
16986,16986,4,train
16987,16987,12,train
16988,16988,19,test
16989,16989,12,train
16990,16990,12,train
16991,16991,19,test
16992,16992,2,train
16993,16993,1,train
16994,16994,2,train
16995,16995,16,validation
16996,16996,15,validation
16997,16997,2,train
16998,16998,18,test
16999,16999,14,validation
17000,17000,6,train
17001,17001,4,train
17002,17002,9,train
17003,17003,7,train
17004,17004,12,train
17005,17005,5,train
17006,17006,16,validation
17007,17007,8,train
17008,17008,6,train
17009,17009,3,train
17010,17010,4,train
17011,17011,4,train
17012,17012,13,train
17013,17013,2,train
17014,17014,6,train
17015,17015,12,train
17016,17016,13,train
17017,17017,2,train
17018,17018,11,train
17019,17019,4,train
17020,17020,15,validation
17021,17021,13,train
17022,17022,5,train
17023,17023,19,test
17024,17024,12,train
17025,17025,6,train
17026,17026,9,train
17027,17027,15,validation
17028,17028,15,validation
17029,17029,14,validation
17030,17030,18,test
17031,17031,8,train
17032,17032,0,train
17033,17033,18,test
17034,17034,15,validation
17035,17035,7,train
17036,17036,13,train
17037,17037,11,train
17038,17038,12,train
17039,17039,13,train
17040,17040,17,test
17041,17041,4,train
17042,17042,6,train
17043,17043,12,train
17044,17044,1,train
17045,17045,16,validation
17046,17046,17,test
17047,17047,14,validation
17048,17048,19,test
17049,17049,3,train
17050,17050,14,validation
17051,17051,19,test
17052,17052,11,train
17053,17053,11,train
17054,17054,15,validation
17055,17055,0,train
17056,17056,15,validation
17057,17057,15,validation
17058,17058,3,train
17059,17059,13,train
17060,17060,17,test
17061,17061,12,train
17062,17062,6,train
17063,17063,15,validation
17064,17064,1,train
17065,17065,6,train
17066,17066,13,train
17067,17067,4,train
17068,17068,7,train
17069,17069,0,train
17070,17070,18,test
17071,17071,15,validation
17072,17072,12,train
17073,17073,9,train
17074,17074,18,test
17075,17075,0,train
17076,17076,15,validation
17077,17077,9,train
17078,17078,7,train
17079,17079,17,test
17080,17080,16,validation
17081,17081,12,train
17082,17082,7,train
17083,17083,16,validation
17084,17084,18,test
17085,17085,0,train
17086,17086,12,train
17087,17087,10,train
17088,17088,15,validation
17089,17089,3,train
17090,17090,19,test
17091,17091,13,train
17092,17092,18,test
17093,17093,7,train
17094,17094,5,train
17095,17095,13,train
17096,17096,0,train
17097,17097,17,test
17098,17098,12,train
17099,17099,10,train
17100,17100,9,train
17101,17101,19,test
17102,17102,0,train
17103,17103,16,validation
17104,17104,19,test
17105,17105,18,test
17106,17106,3,train
17107,17107,0,train
17108,17108,12,train
17109,17109,0,train
17110,17110,2,train
17111,17111,5,train
17112,17112,10,train
17113,17113,9,train
17114,17114,17,test
17115,17115,8,train
17116,17116,14,validation
17117,17117,0,train
17118,17118,13,train
17119,17119,5,train
17120,17120,4,train
17121,17121,7,train
17122,17122,18,test
17123,17123,13,train
17124,17124,10,train
17125,17125,0,train
17126,17126,7,train
17127,17127,17,test
17128,17128,0,train
17129,17129,16,validation
17130,17130,19,test
17131,17131,15,validation
17132,17132,15,validation
17133,17133,13,train
17134,17134,10,train
17135,17135,7,train
17136,17136,4,train
17137,17137,15,validation
17138,17138,14,validation
17139,17139,5,train
17140,17140,3,train
17141,17141,6,train
17142,17142,14,validation
17143,17143,7,train
17144,17144,13,train
17145,17145,6,train
17146,17146,6,train
17147,17147,1,train
17148,17148,1,train
17149,17149,3,train
17150,17150,14,validation
17151,17151,8,train
17152,17152,2,train
17153,17153,5,train
17154,17154,18,test
17155,17155,10,train
17156,17156,1,train
17157,17157,15,validation
17158,17158,17,test
17159,17159,7,train
17160,17160,7,train
17161,17161,16,validation
17162,17162,19,test
17163,17163,4,train
17164,17164,14,validation
17165,17165,11,train
17166,17166,13,train
17167,17167,5,train
17168,17168,17,test
17169,17169,12,train
17170,17170,10,train
17171,17171,3,train
17172,17172,18,test
17173,17173,18,test
17174,17174,13,train
17175,17175,18,test
17176,17176,5,train
17177,17177,2,train
17178,17178,16,validation
17179,17179,12,train
17180,17180,19,test
17181,17181,10,train
17182,17182,17,test
17183,17183,9,train
17184,17184,3,train
17185,17185,12,train
17186,17186,19,test
17187,17187,9,train
17188,17188,13,train
17189,17189,10,train
17190,17190,3,train
17191,17191,9,train
17192,17192,5,train
17193,17193,14,validation
17194,17194,13,train
17195,17195,15,validation
17196,17196,13,train
17197,17197,19,test
17198,17198,2,train
17199,17199,9,train
17200,17200,16,validation
17201,17201,16,validation
17202,17202,18,test
17203,17203,0,train
17204,17204,3,train
17205,17205,2,train
17206,17206,0,train
17207,17207,19,test
17208,17208,1,train
17209,17209,18,test
17210,17210,18,test
17211,17211,11,train
17212,17212,13,train
17213,17213,15,validation
17214,17214,19,test
17215,17215,14,validation
17216,17216,8,train
17217,17217,17,test
17218,17218,12,train
17219,17219,1,train
17220,17220,16,validation
17221,17221,4,train
17222,17222,9,train
17223,17223,12,train
17224,17224,5,train
17225,17225,16,validation
17226,17226,4,train
17227,17227,4,train
17228,17228,6,train
17229,17229,10,train
17230,17230,18,test
17231,17231,14,validation
17232,17232,4,train
17233,17233,18,test
17234,17234,17,test
17235,17235,9,train
17236,17236,2,train
17237,17237,7,train
17238,17238,1,train
17239,17239,19,test
17240,17240,16,validation
17241,17241,0,train
17242,17242,18,test
17243,17243,15,validation
17244,17244,9,train
17245,17245,3,train
17246,17246,13,train
17247,17247,13,train
17248,17248,3,train
17249,17249,19,test
17250,17250,11,train
17251,17251,1,train
17252,17252,11,train
17253,17253,19,test
17254,17254,13,train
17255,17255,19,test
17256,17256,7,train
17257,17257,4,train
17258,17258,19,test
17259,17259,8,train
17260,17260,11,train
17261,17261,10,train
17262,17262,2,train
17263,17263,10,train
17264,17264,5,train
17265,17265,9,train
17266,17266,15,validation
17267,17267,16,validation
17268,17268,17,test
17269,17269,4,train
17270,17270,2,train
17271,17271,19,test
17272,17272,11,train
17273,17273,13,train
17274,17274,2,train
17275,17275,2,train
17276,17276,19,test
17277,17277,6,train
17278,17278,1,train
17279,17279,5,train
17280,17280,12,train
17281,17281,11,train
17282,17282,3,train
17283,17283,18,test
17284,17284,16,validation
17285,17285,7,train
17286,17286,19,test
17287,17287,14,validation
17288,17288,0,train
17289,17289,3,train
17290,17290,12,train
17291,17291,8,train
17292,17292,8,train
17293,17293,9,train
17294,17294,17,test
17295,17295,15,validation
17296,17296,0,train
17297,17297,13,train
17298,17298,0,train
17299,17299,5,train
17300,17300,18,test
17301,17301,2,train
17302,17302,12,train
17303,17303,19,test
17304,17304,19,test
17305,17305,11,train
17306,17306,5,train
17307,17307,19,test
17308,17308,0,train
17309,17309,3,train
17310,17310,9,train
17311,17311,13,train
17312,17312,16,validation
17313,17313,6,train
17314,17314,9,train
17315,17315,10,train
17316,17316,1,train
17317,17317,2,train
17318,17318,17,test
17319,17319,6,train
17320,17320,4,train
17321,17321,9,train
17322,17322,9,train
17323,17323,8,train
17324,17324,2,train
17325,17325,5,train
17326,17326,12,train
17327,17327,5,train
17328,17328,6,train
17329,17329,7,train
17330,17330,18,test
17331,17331,4,train
17332,17332,13,train
17333,17333,10,train
17334,17334,15,validation
17335,17335,8,train
17336,17336,4,train
17337,17337,2,train
17338,17338,6,train
17339,17339,5,train
17340,17340,1,train
17341,17341,3,train
17342,17342,5,train
17343,17343,9,train
17344,17344,13,train
17345,17345,5,train
17346,17346,19,test
17347,17347,2,train
17348,17348,3,train
17349,17349,18,test
17350,17350,19,test
17351,17351,0,train
17352,17352,3,train
17353,17353,18,test
17354,17354,2,train
17355,17355,2,train
17356,17356,18,test
17357,17357,15,validation
17358,17358,16,validation
17359,17359,5,train
17360,17360,1,train
17361,17361,6,train
17362,17362,15,validation
17363,17363,6,train
17364,17364,19,test
17365,17365,5,train
17366,17366,11,train
17367,17367,9,train
17368,17368,7,train
17369,17369,10,train
17370,17370,3,train
17371,17371,6,train
17372,17372,6,train
17373,17373,16,validation
17374,17374,16,validation
17375,17375,19,test
17376,17376,5,train
17377,17377,3,train
17378,17378,8,train
17379,17379,5,train
17380,17380,10,train
17381,17381,16,validation
17382,17382,7,train
17383,17383,15,validation
17384,17384,18,test
17385,17385,12,train
17386,17386,18,test
17387,17387,6,train
17388,17388,16,validation
17389,17389,18,test
17390,17390,16,validation
17391,17391,15,validation
17392,17392,15,validation
17393,17393,0,train
17394,17394,14,validation
17395,17395,4,train
17396,17396,9,train
17397,17397,17,test
17398,17398,19,test
17399,17399,2,train
17400,17400,18,test
17401,17401,5,train
17402,17402,7,train
17403,17403,19,test
17404,17404,19,test
17405,17405,4,train
17406,17406,15,validation
17407,17407,3,train
17408,17408,6,train
17409,17409,12,train
17410,17410,3,train
17411,17411,1,train
17412,17412,1,train
17413,17413,11,train
17414,17414,15,validation
17415,17415,13,train
17416,17416,7,train
17417,17417,19,test
17418,17418,7,train
17419,17419,5,train
17420,17420,6,train
17421,17421,3,train
17422,17422,12,train
17423,17423,16,validation
17424,17424,13,train
17425,17425,16,validation
17426,17426,14,validation
17427,17427,0,train
17428,17428,5,train
17429,17429,8,train
17430,17430,12,train
17431,17431,19,test
17432,17432,0,train
17433,17433,18,test
17434,17434,18,test
17435,17435,2,train
17436,17436,17,test
17437,17437,3,train
17438,17438,4,train
17439,17439,12,train
17440,17440,14,validation
17441,17441,15,validation
17442,17442,8,train
17443,17443,7,train
17444,17444,1,train
17445,17445,15,validation
17446,17446,19,test
17447,17447,8,train
17448,17448,10,train
17449,17449,8,train
17450,17450,11,train
17451,17451,7,train
17452,17452,2,train
17453,17453,11,train
17454,17454,19,test
17455,17455,1,train
17456,17456,5,train
17457,17457,12,train
17458,17458,3,train
17459,17459,0,train
17460,17460,13,train
17461,17461,6,train
17462,17462,19,test
17463,17463,11,train
17464,17464,14,validation
17465,17465,0,train
17466,17466,1,train
17467,17467,14,validation
17468,17468,4,train
17469,17469,13,train
17470,17470,5,train
17471,17471,16,validation
17472,17472,12,train
17473,17473,9,train
17474,17474,4,train
17475,17475,5,train
17476,17476,1,train
17477,17477,16,validation
17478,17478,2,train
17479,17479,16,validation
17480,17480,6,train
17481,17481,14,validation
17482,17482,19,test
17483,17483,18,test
17484,17484,17,test
17485,17485,15,validation
17486,17486,7,train
17487,17487,1,train
17488,17488,1,train
17489,17489,18,test
17490,17490,1,train
17491,17491,4,train
17492,17492,4,train
17493,17493,10,train
17494,17494,4,train
17495,17495,15,validation
17496,17496,19,test
17497,17497,14,validation
17498,17498,19,test
17499,17499,1,train
17500,17500,8,train
17501,17501,5,train
17502,17502,15,validation
17503,17503,13,train
17504,17504,4,train
17505,17505,9,train
17506,17506,1,train
17507,17507,13,train
17508,17508,12,train
17509,17509,3,train
17510,17510,8,train
17511,17511,10,train
17512,17512,6,train
17513,17513,6,train
17514,17514,15,validation
17515,17515,14,validation
17516,17516,1,train
17517,17517,5,train
17518,17518,15,validation
17519,17519,1,train
17520,17520,14,validation
17521,17521,15,validation
17522,17522,9,train
17523,17523,18,test
17524,17524,9,train
17525,17525,1,train
17526,17526,4,train
17527,17527,0,train
17528,17528,15,validation
17529,17529,14,validation
17530,17530,5,train
17531,17531,4,train
17532,17532,1,train
17533,17533,10,train
17534,17534,4,train
17535,17535,16,validation
17536,17536,6,train
17537,17537,15,validation
17538,17538,12,train
17539,17539,16,validation
17540,17540,10,train
17541,17541,5,train
17542,17542,12,train
17543,17543,7,train
17544,17544,9,train
17545,17545,12,train
17546,17546,3,train
17547,17547,14,validation
17548,17548,1,train
17549,17549,10,train
17550,17550,16,validation
17551,17551,19,test
17552,17552,0,train
17553,17553,16,validation
17554,17554,11,train
17555,17555,16,validation
17556,17556,17,test
17557,17557,10,train
17558,17558,5,train
17559,17559,3,train
17560,17560,3,train
17561,17561,15,validation
17562,17562,9,train
17563,17563,17,test
17564,17564,4,train
17565,17565,19,test
17566,17566,12,train
17567,17567,19,test
17568,17568,7,train
17569,17569,0,train
17570,17570,9,train
17571,17571,10,train
17572,17572,10,train
17573,17573,3,train
17574,17574,15,validation
17575,17575,16,validation
17576,17576,3,train
17577,17577,18,test
17578,17578,9,train
17579,17579,10,train
17580,17580,8,train
17581,17581,2,train
17582,17582,17,test
17583,17583,18,test
17584,17584,9,train
17585,17585,3,train
17586,17586,12,train
17587,17587,8,train
17588,17588,3,train
17589,17589,0,train
17590,17590,8,train
17591,17591,11,train
17592,17592,15,validation
17593,17593,19,test
17594,17594,19,test
17595,17595,10,train
17596,17596,1,train
17597,17597,11,train
17598,17598,13,train
17599,17599,17,test
17600,17600,14,validation
17601,17601,7,train
17602,17602,17,test
17603,17603,15,validation
17604,17604,11,train
17605,17605,16,validation
17606,17606,4,train
17607,17607,12,train
17608,17608,13,train
17609,17609,8,train
17610,17610,19,test
17611,17611,10,train
17612,17612,12,train
17613,17613,14,validation
17614,17614,13,train
17615,17615,3,train
17616,17616,19,test
17617,17617,18,test
17618,17618,5,train
17619,17619,17,test
17620,17620,11,train
17621,17621,1,train
17622,17622,11,train
17623,17623,15,validation
17624,17624,3,train
17625,17625,1,train
17626,17626,8,train
17627,17627,15,validation
17628,17628,1,train
17629,17629,6,train
17630,17630,14,validation
17631,17631,13,train
17632,17632,3,train
17633,17633,11,train
17634,17634,14,validation
17635,17635,10,train
17636,17636,3,train
17637,17637,3,train
17638,17638,5,train
17639,17639,4,train
17640,17640,19,test
17641,17641,17,test
17642,17642,0,train
17643,17643,1,train
17644,17644,3,train
17645,17645,6,train
17646,17646,5,train
17647,17647,5,train
17648,17648,8,train
17649,17649,2,train
17650,17650,7,train
17651,17651,2,train
17652,17652,16,validation
17653,17653,12,train
17654,17654,15,validation
17655,17655,14,validation
17656,17656,3,train
17657,17657,4,train
17658,17658,18,test
17659,17659,2,train
17660,17660,5,train
17661,17661,17,test
17662,17662,4,train
17663,17663,2,train
17664,17664,11,train
17665,17665,4,train
17666,17666,3,train
17667,17667,18,test
17668,17668,11,train
17669,17669,2,train
17670,17670,10,train
17671,17671,19,test
17672,17672,12,train
17673,17673,8,train
17674,17674,12,train
17675,17675,8,train
17676,17676,5,train
17677,17677,13,train
17678,17678,15,validation
17679,17679,18,test
17680,17680,8,train
17681,17681,1,train
17682,17682,10,train
17683,17683,2,train
17684,17684,5,train
17685,17685,9,train
17686,17686,10,train
17687,17687,11,train
17688,17688,1,train
17689,17689,15,validation
17690,17690,16,validation
17691,17691,8,train
17692,17692,1,train
17693,17693,3,train
17694,17694,3,train
17695,17695,17,test
17696,17696,17,test
17697,17697,6,train
17698,17698,11,train
17699,17699,6,train
17700,17700,11,train
17701,17701,15,validation
17702,17702,17,test
17703,17703,16,validation
17704,17704,8,train
17705,17705,8,train
17706,17706,4,train
17707,17707,15,validation
17708,17708,18,test
17709,17709,18,test
17710,17710,18,test
17711,17711,16,validation
17712,17712,16,validation
17713,17713,3,train
17714,17714,2,train
17715,17715,11,train
17716,17716,18,test
17717,17717,10,train
17718,17718,12,train
17719,17719,11,train
17720,17720,18,test
17721,17721,13,train
17722,17722,14,validation
17723,17723,3,train
17724,17724,6,train
17725,17725,14,validation
17726,17726,7,train
17727,17727,12,train
17728,17728,3,train
17729,17729,17,test
17730,17730,8,train
17731,17731,7,train
17732,17732,13,train
17733,17733,4,train
17734,17734,10,train
17735,17735,7,train
17736,17736,1,train
17737,17737,10,train
17738,17738,2,train
17739,17739,16,validation
17740,17740,10,train
17741,17741,18,test
17742,17742,0,train
17743,17743,14,validation
17744,17744,15,validation
17745,17745,18,test
17746,17746,5,train
17747,17747,15,validation
17748,17748,13,train
17749,17749,13,train
17750,17750,19,test
17751,17751,6,train
17752,17752,1,train
17753,17753,18,test
17754,17754,10,train
17755,17755,4,train
17756,17756,13,train
17757,17757,18,test
17758,17758,10,train
17759,17759,1,train
17760,17760,8,train
17761,17761,16,validation
17762,17762,3,train
17763,17763,3,train
17764,17764,3,train
17765,17765,7,train
17766,17766,16,validation
17767,17767,10,train
17768,17768,0,train
17769,17769,3,train
17770,17770,17,test
17771,17771,0,train
17772,17772,15,validation
17773,17773,5,train
17774,17774,19,test
17775,17775,14,validation
17776,17776,18,test
17777,17777,17,test
17778,17778,4,train
17779,17779,6,train
17780,17780,0,train
17781,17781,8,train
17782,17782,3,train
17783,17783,8,train
17784,17784,8,train
17785,17785,16,validation
17786,17786,3,train
17787,17787,6,train
17788,17788,7,train
17789,17789,11,train
17790,17790,6,train
17791,17791,17,test
17792,17792,9,train
17793,17793,12,train
17794,17794,17,test
17795,17795,15,validation
17796,17796,14,validation
17797,17797,16,validation
17798,17798,13,train
17799,17799,0,train
17800,17800,4,train
17801,17801,12,train
17802,17802,2,train
17803,17803,13,train
17804,17804,12,train
17805,17805,13,train
17806,17806,3,train
17807,17807,13,train
17808,17808,1,train
17809,17809,14,validation
17810,17810,13,train
17811,17811,3,train
17812,17812,18,test
17813,17813,11,train
17814,17814,15,validation
17815,17815,11,train
17816,17816,5,train
17817,17817,2,train
17818,17818,14,validation
17819,17819,8,train
17820,17820,14,validation
17821,17821,15,validation
17822,17822,6,train
17823,17823,3,train
17824,17824,11,train
17825,17825,1,train
17826,17826,2,train
17827,17827,10,train
17828,17828,17,test
17829,17829,17,test
17830,17830,0,train
17831,17831,2,train
17832,17832,7,train
17833,17833,4,train
17834,17834,5,train
17835,17835,3,train
17836,17836,2,train
17837,17837,16,validation
17838,17838,7,train
17839,17839,9,train
17840,17840,15,validation
17841,17841,18,test
17842,17842,19,test
17843,17843,6,train
17844,17844,16,validation
17845,17845,0,train
17846,17846,9,train
17847,17847,0,train
17848,17848,7,train
17849,17849,15,validation
17850,17850,6,train
17851,17851,13,train
17852,17852,14,validation
17853,17853,7,train
17854,17854,14,validation
17855,17855,0,train
17856,17856,2,train
17857,17857,14,validation
17858,17858,5,train
17859,17859,15,validation
17860,17860,9,train
17861,17861,9,train
17862,17862,18,test
17863,17863,15,validation
17864,17864,13,train
17865,17865,5,train
17866,17866,13,train
17867,17867,19,test
17868,17868,14,validation
17869,17869,16,validation
17870,17870,6,train
17871,17871,14,validation
17872,17872,9,train
17873,17873,12,train
17874,17874,8,train
17875,17875,9,train
17876,17876,9,train
17877,17877,0,train
17878,17878,18,test
17879,17879,0,train
17880,17880,17,test
17881,17881,1,train
17882,17882,10,train
17883,17883,9,train
17884,17884,5,train
17885,17885,18,test
17886,17886,8,train
17887,17887,18,test
17888,17888,4,train
17889,17889,13,train
17890,17890,6,train
17891,17891,2,train
17892,17892,5,train
17893,17893,3,train
17894,17894,17,test
17895,17895,17,test
17896,17896,5,train
17897,17897,14,validation
17898,17898,8,train
17899,17899,12,train
17900,17900,17,test
17901,17901,19,test
17902,17902,5,train
17903,17903,19,test
17904,17904,17,test
17905,17905,16,validation
17906,17906,12,train
17907,17907,11,train
17908,17908,12,train
17909,17909,18,test
17910,17910,10,train
17911,17911,17,test
17912,17912,19,test
17913,17913,13,train
17914,17914,13,train
17915,17915,7,train
17916,17916,4,train
17917,17917,3,train
17918,17918,18,test
17919,17919,9,train
17920,17920,10,train
17921,17921,5,train
17922,17922,17,test
17923,17923,7,train
17924,17924,14,validation
17925,17925,14,validation
17926,17926,11,train
17927,17927,19,test
17928,17928,1,train
17929,17929,14,validation
17930,17930,2,train
17931,17931,10,train
17932,17932,18,test
17933,17933,6,train
17934,17934,14,validation
17935,17935,13,train
17936,17936,0,train
17937,17937,12,train
17938,17938,15,validation
17939,17939,6,train
17940,17940,18,test
17941,17941,5,train
17942,17942,7,train
17943,17943,3,train
17944,17944,19,test
17945,17945,16,validation
17946,17946,7,train
17947,17947,14,validation
17948,17948,14,validation
17949,17949,12,train
17950,17950,7,train
17951,17951,10,train
17952,17952,12,train
17953,17953,6,train
17954,17954,19,test
17955,17955,3,train
17956,17956,2,train
17957,17957,1,train
17958,17958,14,validation
17959,17959,7,train
17960,17960,10,train
17961,17961,18,test
17962,17962,0,train
17963,17963,18,test
17964,17964,6,train
17965,17965,5,train
17966,17966,9,train
17967,17967,10,train
17968,17968,4,train
17969,17969,14,validation
17970,17970,17,test
17971,17971,6,train
17972,17972,13,train
17973,17973,17,test
17974,17974,14,validation
17975,17975,16,validation
17976,17976,1,train
17977,17977,8,train
17978,17978,3,train
17979,17979,15,validation
17980,17980,7,train
17981,17981,5,train
17982,17982,2,train
17983,17983,15,validation
17984,17984,17,test
17985,17985,3,train
17986,17986,14,validation
17987,17987,17,test
17988,17988,1,train
17989,17989,8,train
17990,17990,17,test
17991,17991,4,train
17992,17992,11,train
17993,17993,13,train
17994,17994,3,train
17995,17995,7,train
17996,17996,18,test
17997,17997,6,train
17998,17998,1,train
17999,17999,13,train
18000,18000,5,train
18001,18001,9,train
18002,18002,15,validation
18003,18003,7,train
18004,18004,19,test
18005,18005,14,validation
18006,18006,13,train
18007,18007,17,test
18008,18008,2,train
18009,18009,13,train
18010,18010,2,train
18011,18011,4,train
18012,18012,11,train
18013,18013,7,train
18014,18014,8,train
18015,18015,9,train
18016,18016,15,validation
18017,18017,6,train
18018,18018,3,train
18019,18019,5,train
18020,18020,8,train
18021,18021,16,validation
18022,18022,9,train
18023,18023,2,train
18024,18024,3,train
18025,18025,16,validation
18026,18026,9,train
18027,18027,0,train
18028,18028,13,train
18029,18029,5,train
18030,18030,9,train
18031,18031,8,train
18032,18032,17,test
18033,18033,11,train
18034,18034,11,train
18035,18035,0,train
18036,18036,14,validation
18037,18037,16,validation
18038,18038,11,train
18039,18039,5,train
18040,18040,18,test
18041,18041,15,validation
18042,18042,17,test
18043,18043,3,train
18044,18044,10,train
18045,18045,1,train
18046,18046,18,test
18047,18047,2,train
18048,18048,9,train
18049,18049,4,train
18050,18050,13,train
18051,18051,1,train
18052,18052,7,train
18053,18053,18,test
18054,18054,14,validation
18055,18055,19,test
18056,18056,6,train
18057,18057,5,train
18058,18058,6,train
18059,18059,5,train
18060,18060,11,train
18061,18061,6,train
18062,18062,0,train
18063,18063,17,test
18064,18064,6,train
18065,18065,15,validation
18066,18066,15,validation
18067,18067,6,train
18068,18068,2,train
18069,18069,11,train
18070,18070,0,train
18071,18071,3,train
18072,18072,15,validation
18073,18073,10,train
18074,18074,7,train
18075,18075,7,train
18076,18076,17,test
18077,18077,6,train
18078,18078,7,train
18079,18079,12,train
18080,18080,10,train
18081,18081,3,train
18082,18082,17,test
18083,18083,17,test
18084,18084,0,train
18085,18085,13,train
18086,18086,6,train
18087,18087,15,validation
18088,18088,12,train
18089,18089,12,train
18090,18090,5,train
18091,18091,18,test
18092,18092,18,test
18093,18093,2,train
18094,18094,14,validation
18095,18095,16,validation
18096,18096,14,validation
18097,18097,12,train
18098,18098,7,train
18099,18099,13,train
18100,18100,18,test
18101,18101,3,train
18102,18102,15,validation
18103,18103,19,test
18104,18104,14,validation
18105,18105,18,test
18106,18106,1,train
18107,18107,14,validation
18108,18108,3,train
18109,18109,16,validation
18110,18110,9,train
18111,18111,19,test
18112,18112,16,validation
18113,18113,1,train
18114,18114,15,validation
18115,18115,18,test
18116,18116,9,train
18117,18117,2,train
18118,18118,14,validation
18119,18119,7,train
18120,18120,17,test
18121,18121,5,train
18122,18122,0,train
18123,18123,6,train
18124,18124,18,test
18125,18125,14,validation
18126,18126,7,train
18127,18127,14,validation
18128,18128,8,train
18129,18129,18,test
18130,18130,18,test
18131,18131,0,train
18132,18132,14,validation
18133,18133,3,train
18134,18134,8,train
18135,18135,2,train
18136,18136,4,train
18137,18137,15,validation
18138,18138,10,train
18139,18139,10,train
18140,18140,0,train
18141,18141,18,test
18142,18142,2,train
18143,18143,6,train
18144,18144,6,train
18145,18145,8,train
18146,18146,5,train
18147,18147,17,test
18148,18148,2,train
18149,18149,4,train
18150,18150,3,train
18151,18151,9,train
18152,18152,10,train
18153,18153,7,train
18154,18154,10,train
18155,18155,1,train
18156,18156,6,train
18157,18157,10,train
18158,18158,1,train
18159,18159,12,train
18160,18160,17,test
18161,18161,17,test
18162,18162,2,train
18163,18163,11,train
18164,18164,11,train
18165,18165,10,train
18166,18166,6,train
18167,18167,16,validation
18168,18168,4,train
18169,18169,16,validation
18170,18170,0,train
18171,18171,0,train
18172,18172,4,train
18173,18173,18,test
18174,18174,17,test
18175,18175,14,validation
18176,18176,18,test
18177,18177,3,train
18178,18178,11,train
18179,18179,9,train
18180,18180,9,train
18181,18181,15,validation
18182,18182,17,test
18183,18183,6,train
18184,18184,8,train
18185,18185,16,validation
18186,18186,5,train
18187,18187,11,train
18188,18188,14,validation
18189,18189,11,train
18190,18190,14,validation
18191,18191,8,train
18192,18192,3,train
18193,18193,0,train
18194,18194,8,train
18195,18195,17,test
18196,18196,2,train
18197,18197,15,validation
18198,18198,9,train
18199,18199,12,train
18200,18200,16,validation
18201,18201,17,test
18202,18202,2,train
18203,18203,18,test
18204,18204,19,test
18205,18205,14,validation
18206,18206,16,validation
18207,18207,11,train
18208,18208,4,train
18209,18209,4,train
18210,18210,5,train
18211,18211,6,train
18212,18212,18,test
18213,18213,8,train
18214,18214,0,train
18215,18215,19,test
18216,18216,14,validation
18217,18217,7,train
18218,18218,13,train
18219,18219,5,train
18220,18220,6,train
18221,18221,0,train
18222,18222,11,train
18223,18223,0,train
18224,18224,16,validation
18225,18225,15,validation
18226,18226,15,validation
18227,18227,11,train
18228,18228,1,train
18229,18229,9,train
18230,18230,18,test
18231,18231,4,train
18232,18232,5,train
18233,18233,18,test
18234,18234,1,train
18235,18235,9,train
18236,18236,17,test
18237,18237,3,train
18238,18238,1,train
18239,18239,19,test
18240,18240,9,train
18241,18241,9,train
18242,18242,18,test
18243,18243,6,train
18244,18244,14,validation
18245,18245,16,validation
18246,18246,17,test
18247,18247,18,test
18248,18248,9,train
18249,18249,10,train
18250,18250,9,train
18251,18251,10,train
18252,18252,15,validation
18253,18253,10,train
18254,18254,2,train
18255,18255,11,train
18256,18256,19,test
18257,18257,0,train
18258,18258,3,train
18259,18259,4,train
18260,18260,10,train
18261,18261,10,train
18262,18262,1,train
18263,18263,3,train
18264,18264,0,train
18265,18265,2,train
18266,18266,10,train
18267,18267,12,train
18268,18268,4,train
18269,18269,13,train
18270,18270,1,train
18271,18271,9,train
18272,18272,19,test
18273,18273,19,test
18274,18274,5,train
18275,18275,13,train
18276,18276,5,train
18277,18277,9,train
18278,18278,14,validation
18279,18279,3,train
18280,18280,17,test
18281,18281,3,train
18282,18282,10,train
18283,18283,2,train
18284,18284,7,train
18285,18285,14,validation
18286,18286,19,test
18287,18287,2,train
18288,18288,18,test
18289,18289,7,train
18290,18290,4,train
18291,18291,7,train
18292,18292,0,train
18293,18293,0,train
18294,18294,2,train
18295,18295,6,train
18296,18296,12,train
18297,18297,10,train
18298,18298,3,train
18299,18299,18,test
18300,18300,17,test
18301,18301,6,train
18302,18302,2,train
18303,18303,3,train
18304,18304,10,train
18305,18305,7,train
18306,18306,7,train
18307,18307,10,train
18308,18308,8,train
18309,18309,9,train
18310,18310,2,train
18311,18311,19,test
18312,18312,11,train
18313,18313,12,train
18314,18314,13,train
18315,18315,8,train
18316,18316,19,test
18317,18317,4,train
18318,18318,5,train
18319,18319,5,train
18320,18320,0,train
18321,18321,7,train
18322,18322,7,train
18323,18323,18,test
18324,18324,11,train
18325,18325,16,validation
18326,18326,3,train
18327,18327,18,test
18328,18328,4,train
18329,18329,18,test
18330,18330,6,train
18331,18331,2,train
18332,18332,11,train
18333,18333,19,test
18334,18334,5,train
18335,18335,19,test
18336,18336,2,train
18337,18337,4,train
18338,18338,1,train
18339,18339,7,train
18340,18340,14,validation
18341,18341,3,train
18342,18342,8,train
18343,18343,11,train
18344,18344,4,train
18345,18345,2,train
18346,18346,15,validation
18347,18347,8,train
18348,18348,14,validation
18349,18349,15,validation
18350,18350,1,train
18351,18351,11,train
18352,18352,5,train
18353,18353,7,train
18354,18354,19,test
18355,18355,15,validation
18356,18356,2,train
18357,18357,13,train
18358,18358,1,train
18359,18359,14,validation
18360,18360,10,train
18361,18361,5,train
18362,18362,7,train
18363,18363,2,train
18364,18364,3,train
18365,18365,12,train
18366,18366,14,validation
18367,18367,2,train
18368,18368,19,test
18369,18369,16,validation
18370,18370,16,validation
18371,18371,9,train
18372,18372,18,test
18373,18373,7,train
18374,18374,8,train
18375,18375,5,train
18376,18376,6,train
18377,18377,15,validation
18378,18378,6,train
18379,18379,17,test
18380,18380,11,train
18381,18381,11,train
18382,18382,5,train
18383,18383,11,train
18384,18384,9,train
18385,18385,5,train
18386,18386,0,train
18387,18387,6,train
18388,18388,3,train
18389,18389,18,test
18390,18390,19,test
18391,18391,13,train
18392,18392,5,train
18393,18393,17,test
18394,18394,8,train
18395,18395,15,validation
18396,18396,18,test
18397,18397,5,train
18398,18398,6,train
18399,18399,9,train
18400,18400,13,train
18401,18401,10,train
18402,18402,9,train
18403,18403,7,train
18404,18404,13,train
18405,18405,17,test
18406,18406,2,train
18407,18407,5,train
18408,18408,13,train
18409,18409,0,train
18410,18410,5,train
18411,18411,2,train
18412,18412,18,test
18413,18413,3,train
18414,18414,12,train
18415,18415,12,train
18416,18416,6,train
18417,18417,9,train
18418,18418,13,train
18419,18419,15,validation
18420,18420,0,train
18421,18421,5,train
18422,18422,16,validation
18423,18423,2,train
18424,18424,9,train
18425,18425,18,test
18426,18426,11,train
18427,18427,13,train
18428,18428,5,train
18429,18429,12,train
18430,18430,9,train
18431,18431,19,test
18432,18432,5,train
18433,18433,17,test
18434,18434,10,train
18435,18435,5,train
18436,18436,1,train
18437,18437,11,train
18438,18438,9,train
18439,18439,0,train
18440,18440,11,train
18441,18441,13,train
18442,18442,5,train
18443,18443,17,test
18444,18444,3,train
18445,18445,19,test
18446,18446,10,train
18447,18447,14,validation
18448,18448,15,validation
18449,18449,9,train
18450,18450,2,train
18451,18451,6,train
18452,18452,11,train
18453,18453,16,validation
18454,18454,8,train
18455,18455,8,train
18456,18456,18,test
18457,18457,0,train
18458,18458,4,train
18459,18459,14,validation
18460,18460,17,test
18461,18461,18,test
18462,18462,19,test
18463,18463,11,train
18464,18464,2,train
18465,18465,0,train
18466,18466,7,train
18467,18467,1,train
18468,18468,15,validation
18469,18469,4,train
18470,18470,10,train
18471,18471,10,train
18472,18472,19,test
18473,18473,13,train
18474,18474,12,train
18475,18475,18,test
18476,18476,14,validation
18477,18477,10,train
18478,18478,18,test
18479,18479,4,train
18480,18480,7,train
18481,18481,2,train
18482,18482,14,validation
18483,18483,9,train
18484,18484,6,train
18485,18485,6,train
18486,18486,0,train
18487,18487,12,train
18488,18488,10,train
18489,18489,1,train
18490,18490,4,train
18491,18491,19,test
18492,18492,8,train
18493,18493,12,train
18494,18494,14,validation
18495,18495,16,validation
18496,18496,2,train
18497,18497,6,train
18498,18498,19,test
18499,18499,7,train
18500,18500,18,test
18501,18501,5,train
18502,18502,17,test
18503,18503,15,validation
18504,18504,0,train
18505,18505,18,test
18506,18506,15,validation
18507,18507,11,train
18508,18508,18,test
18509,18509,7,train
18510,18510,10,train
18511,18511,15,validation
18512,18512,1,train
18513,18513,7,train
18514,18514,5,train
18515,18515,7,train
18516,18516,10,train
18517,18517,9,train
18518,18518,14,validation
18519,18519,11,train
18520,18520,4,train
18521,18521,16,validation
18522,18522,18,test
18523,18523,15,validation
18524,18524,10,train
18525,18525,5,train
18526,18526,1,train
18527,18527,2,train
18528,18528,18,test
18529,18529,14,validation
18530,18530,18,test
18531,18531,3,train
18532,18532,15,validation
18533,18533,17,test
18534,18534,3,train
18535,18535,0,train
18536,18536,2,train
18537,18537,14,validation
18538,18538,0,train
18539,18539,12,train
18540,18540,14,validation
18541,18541,15,validation
18542,18542,14,validation
18543,18543,6,train
18544,18544,6,train
18545,18545,13,train
18546,18546,18,test
18547,18547,9,train
18548,18548,8,train
18549,18549,18,test
18550,18550,0,train
18551,18551,6,train
18552,18552,14,validation
18553,18553,8,train
18554,18554,16,validation
18555,18555,0,train
18556,18556,18,test
18557,18557,7,train
18558,18558,16,validation
18559,18559,14,validation
18560,18560,11,train
18561,18561,5,train
18562,18562,14,validation
18563,18563,11,train
18564,18564,16,validation
18565,18565,17,test
18566,18566,8,train
18567,18567,17,test
18568,18568,19,test
18569,18569,0,train
18570,18570,5,train
18571,18571,0,train
18572,18572,13,train
18573,18573,6,train
18574,18574,6,train
18575,18575,19,test
18576,18576,18,test
18577,18577,3,train
18578,18578,18,test
18579,18579,13,train
18580,18580,0,train
18581,18581,9,train
18582,18582,14,validation
18583,18583,8,train
18584,18584,4,train
18585,18585,13,train
18586,18586,19,test
18587,18587,5,train
18588,18588,3,train
18589,18589,6,train
18590,18590,12,train
18591,18591,8,train
18592,18592,6,train
18593,18593,6,train
18594,18594,8,train
18595,18595,2,train
18596,18596,8,train
18597,18597,11,train
18598,18598,15,validation
18599,18599,12,train
18600,18600,9,train
18601,18601,16,validation
18602,18602,12,train
18603,18603,4,train
18604,18604,8,train
18605,18605,9,train
18606,18606,8,train
18607,18607,3,train
18608,18608,18,test
18609,18609,0,train
18610,18610,10,train
18611,18611,8,train
18612,18612,11,train
18613,18613,18,test
18614,18614,16,validation
18615,18615,14,validation
18616,18616,9,train
18617,18617,4,train
18618,18618,16,validation
18619,18619,19,test
18620,18620,17,test
18621,18621,15,validation
18622,18622,11,train
18623,18623,3,train
18624,18624,1,train
18625,18625,17,test
18626,18626,1,train
18627,18627,4,train
18628,18628,2,train
18629,18629,8,train
18630,18630,3,train
18631,18631,3,train
18632,18632,2,train
18633,18633,6,train
18634,18634,4,train
18635,18635,17,test
18636,18636,15,validation
18637,18637,13,train
18638,18638,5,train
18639,18639,11,train
18640,18640,8,train
18641,18641,9,train
18642,18642,19,test
18643,18643,1,train
18644,18644,5,train
18645,18645,10,train
18646,18646,16,validation
18647,18647,7,train
18648,18648,5,train
18649,18649,7,train
18650,18650,1,train
18651,18651,7,train
18652,18652,11,train
18653,18653,18,test
18654,18654,12,train
18655,18655,12,train
18656,18656,12,train
18657,18657,18,test
18658,18658,15,validation
18659,18659,1,train
18660,18660,7,train
18661,18661,17,test
18662,18662,4,train
18663,18663,18,test
18664,18664,10,train
18665,18665,8,train
18666,18666,16,validation
18667,18667,8,train
18668,18668,18,test
18669,18669,2,train
18670,18670,18,test
18671,18671,14,validation
18672,18672,12,train
18673,18673,0,train
18674,18674,0,train
18675,18675,13,train
18676,18676,6,train
18677,18677,17,test
18678,18678,5,train
18679,18679,15,validation
18680,18680,18,test
18681,18681,13,train
18682,18682,9,train
18683,18683,4,train
18684,18684,12,train
18685,18685,10,train
18686,18686,5,train
18687,18687,15,validation
18688,18688,13,train
18689,18689,6,train
18690,18690,15,validation
18691,18691,14,validation
18692,18692,2,train
18693,18693,1,train
18694,18694,11,train
18695,18695,1,train
18696,18696,18,test
18697,18697,2,train
18698,18698,13,train
18699,18699,4,train
18700,18700,7,train
18701,18701,10,train
18702,18702,4,train
18703,18703,18,test
18704,18704,14,validation
18705,18705,1,train
18706,18706,9,train
18707,18707,8,train
18708,18708,19,test
18709,18709,5,train
18710,18710,8,train
18711,18711,3,train
18712,18712,19,test
18713,18713,10,train
18714,18714,14,validation
18715,18715,7,train
18716,18716,2,train
18717,18717,12,train
18718,18718,5,train
18719,18719,6,train
18720,18720,4,train
18721,18721,18,test
18722,18722,17,test
18723,18723,16,validation
18724,18724,14,validation
18725,18725,14,validation
18726,18726,13,train
18727,18727,9,train
18728,18728,16,validation
18729,18729,5,train
18730,18730,7,train
18731,18731,4,train
18732,18732,1,train
18733,18733,6,train
18734,18734,3,train
18735,18735,0,train
18736,18736,0,train
18737,18737,13,train
18738,18738,5,train
18739,18739,5,train
18740,18740,6,train
18741,18741,14,validation
18742,18742,0,train
18743,18743,0,train
18744,18744,2,train
18745,18745,0,train
18746,18746,15,validation
18747,18747,18,test
18748,18748,15,validation
18749,18749,1,train
18750,18750,19,test
18751,18751,6,train
18752,18752,16,validation
18753,18753,3,train
18754,18754,10,train
18755,18755,0,train
18756,18756,0,train
18757,18757,10,train
18758,18758,11,train
18759,18759,17,test
18760,18760,13,train
18761,18761,9,train
18762,18762,3,train
18763,18763,15,validation
18764,18764,7,train
18765,18765,3,train
18766,18766,13,train
18767,18767,15,validation
18768,18768,7,train
18769,18769,11,train
18770,18770,19,test
18771,18771,19,test
18772,18772,12,train
18773,18773,16,validation
18774,18774,16,validation
18775,18775,12,train
18776,18776,8,train
18777,18777,7,train
18778,18778,19,test
18779,18779,0,train
18780,18780,18,test
18781,18781,14,validation
18782,18782,15,validation
18783,18783,9,train
18784,18784,17,test
18785,18785,4,train
18786,18786,16,validation
18787,18787,13,train
18788,18788,15,validation
18789,18789,10,train
18790,18790,8,train
18791,18791,3,train
18792,18792,19,test
18793,18793,15,validation
18794,18794,0,train
18795,18795,19,test
18796,18796,2,train
18797,18797,16,validation
18798,18798,10,train
18799,18799,12,train
18800,18800,6,train
18801,18801,13,train
18802,18802,6,train
18803,18803,1,train
18804,18804,14,validation
18805,18805,1,train
18806,18806,17,test
18807,18807,12,train
18808,18808,19,test
18809,18809,11,train
18810,18810,13,train
18811,18811,17,test
18812,18812,5,train
18813,18813,2,train
18814,18814,14,validation
18815,18815,7,train
18816,18816,6,train
18817,18817,5,train
18818,18818,0,train
18819,18819,3,train
18820,18820,0,train
18821,18821,1,train
18822,18822,13,train
18823,18823,2,train
18824,18824,1,train
18825,18825,16,validation
18826,18826,13,train
18827,18827,19,test
18828,18828,2,train
18829,18829,16,validation
18830,18830,15,validation
18831,18831,19,test
18832,18832,0,train
18833,18833,5,train
18834,18834,14,validation
18835,18835,10,train
18836,18836,12,train
18837,18837,7,train
18838,18838,18,test
18839,18839,14,validation
18840,18840,6,train
18841,18841,17,test
18842,18842,0,train
18843,18843,17,test
18844,18844,8,train
18845,18845,16,validation
18846,18846,2,train
18847,18847,18,test
18848,18848,10,train
18849,18849,2,train
18850,18850,15,validation
18851,18851,3,train
18852,18852,13,train
18853,18853,10,train
18854,18854,13,train
18855,18855,6,train
18856,18856,3,train
18857,18857,15,validation
18858,18858,17,test
18859,18859,5,train
18860,18860,19,test
18861,18861,11,train
18862,18862,12,train
18863,18863,12,train
18864,18864,15,validation
18865,18865,11,train
18866,18866,12,train
18867,18867,16,validation
18868,18868,0,train
18869,18869,0,train
18870,18870,5,train
18871,18871,12,train
18872,18872,12,train
18873,18873,13,train
18874,18874,15,validation
18875,18875,4,train
18876,18876,3,train
18877,18877,6,train
18878,18878,0,train
18879,18879,18,test
18880,18880,19,test
18881,18881,16,validation
18882,18882,1,train
18883,18883,14,validation
18884,18884,19,test
18885,18885,16,validation
18886,18886,4,train
18887,18887,8,train
18888,18888,3,train
18889,18889,6,train
18890,18890,8,train
18891,18891,17,test
18892,18892,7,train
18893,18893,6,train
18894,18894,1,train
18895,18895,1,train
18896,18896,6,train
18897,18897,14,validation
18898,18898,16,validation
18899,18899,6,train
18900,18900,7,train
18901,18901,2,train
18902,18902,11,train
18903,18903,2,train
18904,18904,2,train
18905,18905,5,train
18906,18906,3,train
18907,18907,10,train
18908,18908,1,train
18909,18909,8,train
18910,18910,15,validation
18911,18911,19,test
18912,18912,0,train
18913,18913,7,train
18914,18914,1,train
18915,18915,16,validation
18916,18916,18,test
18917,18917,4,train
18918,18918,5,train
18919,18919,12,train
18920,18920,1,train
18921,18921,3,train
18922,18922,15,validation
18923,18923,16,validation
18924,18924,18,test
18925,18925,5,train
18926,18926,13,train
18927,18927,5,train
18928,18928,19,test
18929,18929,10,train
18930,18930,10,train
18931,18931,16,validation
18932,18932,9,train
18933,18933,4,train
18934,18934,7,train
18935,18935,0,train
18936,18936,6,train
18937,18937,12,train
18938,18938,11,train
18939,18939,19,test
18940,18940,3,train
18941,18941,6,train
18942,18942,8,train
18943,18943,17,test
18944,18944,13,train
18945,18945,3,train
18946,18946,9,train
18947,18947,7,train
18948,18948,12,train
18949,18949,12,train
18950,18950,12,train
18951,18951,11,train
18952,18952,12,train
18953,18953,7,train
18954,18954,13,train
18955,18955,16,validation
18956,18956,0,train
18957,18957,2,train
18958,18958,18,test
18959,18959,14,validation
18960,18960,5,train
18961,18961,9,train
18962,18962,8,train
18963,18963,19,test
18964,18964,3,train
18965,18965,7,train
18966,18966,11,train
18967,18967,10,train
18968,18968,2,train
18969,18969,16,validation
18970,18970,6,train
18971,18971,14,validation
18972,18972,8,train
18973,18973,5,train
18974,18974,8,train
18975,18975,2,train
18976,18976,3,train
18977,18977,10,train
18978,18978,19,test
18979,18979,3,train
18980,18980,14,validation
18981,18981,5,train
18982,18982,5,train
18983,18983,7,train
18984,18984,7,train
18985,18985,13,train
18986,18986,6,train
18987,18987,16,validation
18988,18988,7,train
18989,18989,7,train
18990,18990,13,train
18991,18991,6,train
18992,18992,17,test
18993,18993,14,validation
18994,18994,4,train
18995,18995,12,train
18996,18996,4,train
18997,18997,6,train
18998,18998,14,validation
18999,18999,16,validation
19000,19000,2,train
19001,19001,0,train
19002,19002,13,train
19003,19003,14,validation
19004,19004,19,test
19005,19005,7,train
19006,19006,6,train
19007,19007,1,train
19008,19008,7,train
19009,19009,13,train
19010,19010,17,test
19011,19011,9,train
19012,19012,17,test
19013,19013,0,train
19014,19014,19,test
19015,19015,7,train
19016,19016,16,validation
19017,19017,3,train
19018,19018,14,validation
19019,19019,10,train
19020,19020,18,test
19021,19021,15,validation
19022,19022,15,validation
19023,19023,11,train
19024,19024,15,validation
19025,19025,4,train
19026,19026,17,test
19027,19027,5,train
19028,19028,1,train
19029,19029,15,validation
19030,19030,14,validation
19031,19031,13,train
19032,19032,17,test
19033,19033,3,train
19034,19034,14,validation
19035,19035,18,test
19036,19036,0,train
19037,19037,17,test
19038,19038,16,validation
19039,19039,5,train
19040,19040,11,train
19041,19041,19,test
19042,19042,12,train
19043,19043,4,train
19044,19044,8,train
19045,19045,0,train
19046,19046,16,validation
19047,19047,9,train
19048,19048,6,train
19049,19049,10,train
19050,19050,7,train
19051,19051,19,test
19052,19052,18,test
19053,19053,0,train
19054,19054,17,test
19055,19055,13,train
19056,19056,8,train
19057,19057,2,train
19058,19058,9,train
19059,19059,1,train
19060,19060,16,validation
19061,19061,16,validation
19062,19062,18,test
19063,19063,0,train
19064,19064,9,train
19065,19065,7,train
19066,19066,0,train
19067,19067,17,test
19068,19068,8,train
19069,19069,16,validation
19070,19070,13,train
19071,19071,6,train
19072,19072,2,train
19073,19073,5,train
19074,19074,7,train
19075,19075,18,test
19076,19076,3,train
19077,19077,16,validation
19078,19078,18,test
19079,19079,2,train
19080,19080,11,train
19081,19081,6,train
19082,19082,16,validation
19083,19083,15,validation
19084,19084,5,train
19085,19085,9,train
19086,19086,15,validation
19087,19087,0,train
19088,19088,0,train
19089,19089,1,train
19090,19090,8,train
19091,19091,12,train
19092,19092,4,train
19093,19093,9,train
19094,19094,16,validation
19095,19095,16,validation
19096,19096,7,train
19097,19097,5,train
19098,19098,15,validation
19099,19099,9,train
19100,19100,15,validation
19101,19101,1,train
19102,19102,11,train
19103,19103,16,validation
19104,19104,5,train
19105,19105,3,train
19106,19106,5,train
19107,19107,7,train
19108,19108,4,train
19109,19109,12,train
19110,19110,5,train
19111,19111,17,test
19112,19112,8,train
19113,19113,3,train
19114,19114,0,train
19115,19115,3,train
19116,19116,17,test
19117,19117,1,train
19118,19118,14,validation
19119,19119,11,train
19120,19120,4,train
19121,19121,1,train
19122,19122,19,test
19123,19123,11,train
19124,19124,8,train
19125,19125,5,train
19126,19126,7,train
19127,19127,19,test
19128,19128,8,train
19129,19129,5,train
19130,19130,11,train
19131,19131,0,train
19132,19132,19,test
19133,19133,3,train
19134,19134,18,test
19135,19135,7,train
19136,19136,17,test
19137,19137,4,train
19138,19138,1,train
19139,19139,2,train
19140,19140,14,validation
19141,19141,13,train
19142,19142,4,train
19143,19143,0,train
19144,19144,13,train
19145,19145,4,train
19146,19146,6,train
19147,19147,12,train
19148,19148,0,train
19149,19149,9,train
19150,19150,18,test
19151,19151,2,train
19152,19152,0,train
19153,19153,19,test
19154,19154,13,train
19155,19155,9,train
19156,19156,18,test
19157,19157,0,train
19158,19158,3,train
19159,19159,17,test
19160,19160,12,train
19161,19161,13,train
19162,19162,6,train
19163,19163,9,train
19164,19164,13,train
19165,19165,11,train
19166,19166,16,validation
19167,19167,7,train
19168,19168,6,train
19169,19169,15,validation
19170,19170,10,train
19171,19171,18,test
19172,19172,18,test
19173,19173,19,test
19174,19174,19,test
19175,19175,10,train
19176,19176,9,train
19177,19177,9,train
19178,19178,19,test
19179,19179,15,validation
19180,19180,6,train
19181,19181,2,train
19182,19182,14,validation
19183,19183,18,test
19184,19184,15,validation
19185,19185,4,train
19186,19186,2,train
19187,19187,18,test
19188,19188,2,train
19189,19189,3,train
19190,19190,14,validation
19191,19191,3,train
19192,19192,1,train
19193,19193,16,validation
19194,19194,10,train
19195,19195,10,train
19196,19196,19,test
19197,19197,7,train
19198,19198,2,train
19199,19199,19,test
19200,19200,16,validation
19201,19201,3,train
19202,19202,15,validation
19203,19203,2,train
19204,19204,13,train
19205,19205,7,train
19206,19206,6,train
19207,19207,19,test
19208,19208,17,test
19209,19209,5,train
19210,19210,18,test
19211,19211,13,train
19212,19212,9,train
19213,19213,16,validation
19214,19214,0,train
19215,19215,2,train
19216,19216,12,train
19217,19217,6,train
19218,19218,14,validation
19219,19219,14,validation
19220,19220,7,train
19221,19221,18,test
19222,19222,0,train
19223,19223,4,train
19224,19224,17,test
19225,19225,17,test
19226,19226,1,train
19227,19227,7,train
19228,19228,19,test
19229,19229,0,train
19230,19230,16,validation
19231,19231,2,train
19232,19232,13,train
19233,19233,18,test
19234,19234,18,test
19235,19235,3,train
19236,19236,19,test
19237,19237,7,train
19238,19238,14,validation
19239,19239,3,train
19240,19240,0,train
19241,19241,15,validation
19242,19242,12,train
19243,19243,9,train
19244,19244,10,train
19245,19245,17,test
19246,19246,12,train
19247,19247,13,train
19248,19248,6,train
19249,19249,17,test
19250,19250,17,test
19251,19251,17,test
19252,19252,11,train
19253,19253,14,validation
19254,19254,11,train
19255,19255,0,train
19256,19256,2,train
19257,19257,8,train
19258,19258,14,validation
19259,19259,7,train
19260,19260,0,train
19261,19261,17,test
19262,19262,3,train
19263,19263,9,train
19264,19264,4,train
19265,19265,8,train
19266,19266,10,train
19267,19267,0,train
19268,19268,1,train
19269,19269,5,train
19270,19270,5,train
19271,19271,7,train
19272,19272,18,test
19273,19273,11,train
19274,19274,11,train
19275,19275,4,train
19276,19276,15,validation
19277,19277,11,train
19278,19278,10,train
19279,19279,15,validation
19280,19280,15,validation
19281,19281,15,validation
19282,19282,4,train
19283,19283,15,validation
19284,19284,14,validation
19285,19285,2,train
19286,19286,2,train
19287,19287,6,train
19288,19288,16,validation
19289,19289,7,train
19290,19290,17,test
19291,19291,5,train
19292,19292,9,train
19293,19293,7,train
19294,19294,15,validation
19295,19295,8,train
19296,19296,3,train
19297,19297,17,test
19298,19298,4,train
19299,19299,8,train
19300,19300,9,train
19301,19301,12,train
19302,19302,9,train
19303,19303,8,train
19304,19304,7,train
19305,19305,2,train
19306,19306,6,train
19307,19307,12,train
19308,19308,1,train
19309,19309,18,test
19310,19310,8,train
19311,19311,17,test
19312,19312,13,train
19313,19313,8,train
19314,19314,19,test
19315,19315,15,validation
19316,19316,17,test
19317,19317,4,train
19318,19318,7,train
19319,19319,5,train
19320,19320,4,train
19321,19321,2,train
19322,19322,3,train
19323,19323,19,test
19324,19324,13,train
19325,19325,4,train
19326,19326,2,train
19327,19327,9,train
19328,19328,12,train
19329,19329,2,train
19330,19330,4,train
19331,19331,5,train
19332,19332,0,train
19333,19333,16,validation
19334,19334,17,test
19335,19335,12,train
19336,19336,6,train
19337,19337,11,train
19338,19338,3,train
19339,19339,13,train
19340,19340,10,train
19341,19341,8,train
19342,19342,19,test
19343,19343,8,train
19344,19344,5,train
19345,19345,2,train
19346,19346,6,train
19347,19347,1,train
19348,19348,13,train
19349,19349,6,train
19350,19350,2,train
19351,19351,1,train
19352,19352,7,train
19353,19353,8,train
19354,19354,10,train
19355,19355,14,validation
19356,19356,0,train
19357,19357,5,train
19358,19358,14,validation
19359,19359,18,test
19360,19360,9,train
19361,19361,10,train
19362,19362,6,train
19363,19363,10,train
19364,19364,5,train
19365,19365,9,train
19366,19366,19,test
19367,19367,11,train
19368,19368,13,train
19369,19369,16,validation
19370,19370,12,train
19371,19371,4,train
19372,19372,10,train
19373,19373,9,train
19374,19374,3,train
19375,19375,10,train
19376,19376,8,train
19377,19377,14,validation
19378,19378,14,validation
19379,19379,0,train
19380,19380,5,train
19381,19381,10,train
19382,19382,0,train
19383,19383,18,test
19384,19384,19,test
19385,19385,8,train
19386,19386,13,train
19387,19387,1,train
19388,19388,2,train
19389,19389,17,test
19390,19390,2,train
19391,19391,3,train
19392,19392,16,validation
19393,19393,10,train
19394,19394,10,train
19395,19395,11,train
19396,19396,19,test
19397,19397,17,test
19398,19398,0,train
19399,19399,0,train
19400,19400,8,train
19401,19401,3,train
19402,19402,0,train
19403,19403,11,train
19404,19404,9,train
19405,19405,5,train
19406,19406,6,train
19407,19407,12,train
19408,19408,2,train
19409,19409,5,train
19410,19410,17,test
19411,19411,17,test
19412,19412,14,validation
19413,19413,10,train
19414,19414,7,train
19415,19415,2,train
19416,19416,12,train
19417,19417,11,train
19418,19418,11,train
19419,19419,2,train
19420,19420,19,test
19421,19421,9,train
19422,19422,9,train
19423,19423,10,train
19424,19424,14,validation
19425,19425,4,train
19426,19426,6,train
19427,19427,17,test
19428,19428,5,train
19429,19429,16,validation
19430,19430,0,train
19431,19431,11,train
19432,19432,1,train
19433,19433,8,train
19434,19434,1,train
19435,19435,1,train
19436,19436,12,train
19437,19437,15,validation
19438,19438,19,test
19439,19439,2,train
19440,19440,16,validation
19441,19441,19,test
19442,19442,17,test
19443,19443,12,train
19444,19444,5,train
19445,19445,0,train
19446,19446,1,train
19447,19447,12,train
19448,19448,3,train
19449,19449,17,test
19450,19450,15,validation
19451,19451,5,train
19452,19452,2,train
19453,19453,5,train
19454,19454,19,test
19455,19455,18,test
19456,19456,12,train
19457,19457,12,train
19458,19458,5,train
19459,19459,13,train
19460,19460,0,train
19461,19461,8,train
19462,19462,16,validation
19463,19463,17,test
19464,19464,16,validation
19465,19465,3,train
19466,19466,12,train
19467,19467,14,validation
19468,19468,8,train
19469,19469,2,train
19470,19470,5,train
19471,19471,2,train
19472,19472,8,train
19473,19473,4,train
19474,19474,6,train
19475,19475,0,train
19476,19476,1,train
19477,19477,8,train
19478,19478,4,train
19479,19479,10,train
19480,19480,3,train
19481,19481,14,validation
19482,19482,4,train
19483,19483,17,test
19484,19484,1,train
19485,19485,12,train
19486,19486,8,train
19487,19487,12,train
19488,19488,17,test
19489,19489,2,train
19490,19490,4,train
19491,19491,7,train
19492,19492,13,train
19493,19493,19,test
19494,19494,15,validation
19495,19495,11,train
19496,19496,2,train
19497,19497,18,test
19498,19498,8,train
19499,19499,15,validation
19500,19500,1,train
19501,19501,1,train
19502,19502,17,test
19503,19503,0,train
19504,19504,10,train
19505,19505,17,test
19506,19506,17,test
19507,19507,5,train
19508,19508,10,train
19509,19509,11,train
19510,19510,8,train
19511,19511,10,train
19512,19512,4,train
19513,19513,11,train
19514,19514,13,train
19515,19515,11,train
19516,19516,7,train
19517,19517,6,train
19518,19518,13,train
19519,19519,19,test
19520,19520,19,test
19521,19521,0,train
19522,19522,2,train
19523,19523,9,train
19524,19524,18,test
19525,19525,2,train
19526,19526,18,test
19527,19527,19,test
19528,19528,10,train
19529,19529,15,validation
19530,19530,18,test
19531,19531,10,train
19532,19532,14,validation
19533,19533,19,test
19534,19534,8,train
19535,19535,1,train
19536,19536,1,train
19537,19537,0,train
19538,19538,12,train
19539,19539,6,train
19540,19540,5,train
19541,19541,15,validation
19542,19542,1,train
19543,19543,3,train
19544,19544,7,train
19545,19545,4,train
19546,19546,9,train
19547,19547,6,train
19548,19548,9,train
19549,19549,6,train
19550,19550,7,train
19551,19551,16,validation
19552,19552,2,train
19553,19553,6,train
19554,19554,15,validation
19555,19555,13,train
19556,19556,19,test
19557,19557,19,test
19558,19558,9,train
19559,19559,13,train
19560,19560,5,train
19561,19561,5,train
19562,19562,18,test
19563,19563,2,train
19564,19564,5,train
19565,19565,0,train
19566,19566,16,validation
19567,19567,17,test
19568,19568,13,train
19569,19569,7,train
19570,19570,17,test
19571,19571,3,train
19572,19572,4,train
19573,19573,9,train
19574,19574,5,train
19575,19575,2,train
19576,19576,13,train
19577,19577,7,train
19578,19578,3,train
19579,19579,5,train
19580,19580,3,train
19581,19581,7,train
19582,19582,17,test
19583,19583,1,train
19584,19584,2,train
19585,19585,9,train
19586,19586,0,train
19587,19587,6,train
19588,19588,12,train
19589,19589,3,train
19590,19590,11,train
19591,19591,6,train
19592,19592,5,train
19593,19593,18,test
19594,19594,9,train
19595,19595,19,test
19596,19596,17,test
19597,19597,11,train
19598,19598,1,train
19599,19599,1,train
19600,19600,10,train
19601,19601,15,validation
19602,19602,5,train
19603,19603,19,test
19604,19604,13,train
19605,19605,15,validation
19606,19606,0,train
19607,19607,4,train
19608,19608,7,train
19609,19609,19,test
19610,19610,0,train
19611,19611,8,train
19612,19612,5,train
19613,19613,12,train
19614,19614,5,train
19615,19615,4,train
19616,19616,18,test
19617,19617,19,test
19618,19618,11,train
19619,19619,16,validation
19620,19620,12,train
19621,19621,8,train
19622,19622,1,train
19623,19623,17,test
19624,19624,0,train
19625,19625,14,validation
19626,19626,9,train
19627,19627,3,train
19628,19628,1,train
19629,19629,6,train
19630,19630,15,validation
19631,19631,8,train
19632,19632,6,train
19633,19633,2,train
19634,19634,8,train
19635,19635,16,validation
19636,19636,1,train
19637,19637,4,train
19638,19638,4,train
19639,19639,14,validation
19640,19640,4,train
19641,19641,8,train
19642,19642,6,train
19643,19643,5,train
19644,19644,7,train
19645,19645,0,train
19646,19646,2,train
19647,19647,4,train
19648,19648,17,test
19649,19649,4,train
19650,19650,7,train
19651,19651,3,train
19652,19652,5,train
19653,19653,17,test
19654,19654,19,test
19655,19655,1,train
19656,19656,1,train
19657,19657,9,train
19658,19658,18,test
19659,19659,3,train
19660,19660,8,train
19661,19661,9,train
19662,19662,13,train
19663,19663,13,train
19664,19664,17,test
19665,19665,19,test
19666,19666,1,train
19667,19667,0,train
19668,19668,9,train
19669,19669,3,train
19670,19670,5,train
19671,19671,3,train
19672,19672,13,train
19673,19673,3,train
19674,19674,10,train
19675,19675,8,train
19676,19676,4,train
19677,19677,14,validation
19678,19678,1,train
19679,19679,14,validation
19680,19680,2,train
19681,19681,1,train
19682,19682,4,train
19683,19683,19,test
19684,19684,19,test
19685,19685,0,train
19686,19686,10,train
19687,19687,7,train
19688,19688,18,test
19689,19689,5,train
19690,19690,9,train
19691,19691,14,validation
19692,19692,5,train
19693,19693,16,validation
19694,19694,8,train
19695,19695,5,train
19696,19696,5,train
19697,19697,10,train
19698,19698,0,train
19699,19699,7,train
19700,19700,6,train
19701,19701,11,train
19702,19702,12,train
19703,19703,14,validation
19704,19704,5,train
19705,19705,0,train
19706,19706,10,train
19707,19707,3,train
19708,19708,3,train
19709,19709,15,validation
19710,19710,6,train
19711,19711,7,train
19712,19712,14,validation
19713,19713,13,train
19714,19714,4,train
19715,19715,7,train
19716,19716,8,train
19717,19717,17,test
19718,19718,6,train
19719,19719,17,test
19720,19720,15,validation
19721,19721,1,train
19722,19722,11,train
19723,19723,8,train
19724,19724,12,train
19725,19725,3,train
19726,19726,0,train
19727,19727,6,train
19728,19728,15,validation
19729,19729,17,test
19730,19730,5,train
19731,19731,9,train
19732,19732,11,train
19733,19733,8,train
19734,19734,1,train
19735,19735,5,train
19736,19736,13,train
19737,19737,10,train
19738,19738,18,test
19739,19739,17,test
19740,19740,0,train
19741,19741,19,test
19742,19742,4,train
19743,19743,13,train
19744,19744,13,train
19745,19745,19,test
19746,19746,7,train
19747,19747,0,train
19748,19748,3,train
19749,19749,2,train
19750,19750,14,validation
19751,19751,7,train
19752,19752,6,train
19753,19753,6,train
19754,19754,11,train
19755,19755,5,train
19756,19756,14,validation
19757,19757,6,train
19758,19758,4,train
19759,19759,9,train
19760,19760,0,train
19761,19761,19,test
19762,19762,17,test
19763,19763,19,test
19764,19764,4,train
19765,19765,18,test
19766,19766,3,train
19767,19767,18,test
19768,19768,0,train
19769,19769,2,train
19770,19770,4,train
19771,19771,7,train
19772,19772,10,train
19773,19773,7,train
19774,19774,4,train
19775,19775,8,train
19776,19776,14,validation
19777,19777,14,validation
19778,19778,15,validation
19779,19779,17,test
19780,19780,5,train
19781,19781,10,train
19782,19782,7,train
19783,19783,13,train
19784,19784,19,test
19785,19785,16,validation
19786,19786,14,validation
19787,19787,3,train
19788,19788,8,train
19789,19789,16,validation
19790,19790,10,train
19791,19791,6,train
19792,19792,7,train
19793,19793,17,test
19794,19794,15,validation
19795,19795,14,validation
19796,19796,3,train
19797,19797,17,test
19798,19798,12,train
19799,19799,17,test
19800,19800,3,train
19801,19801,7,train
19802,19802,18,test
19803,19803,14,validation
19804,19804,9,train
19805,19805,12,train
19806,19806,13,train
19807,19807,16,validation
19808,19808,18,test
19809,19809,17,test
19810,19810,2,train
19811,19811,8,train
19812,19812,8,train
19813,19813,3,train
19814,19814,16,validation
19815,19815,19,test
19816,19816,0,train
19817,19817,18,test
19818,19818,16,validation
19819,19819,14,validation
19820,19820,6,train
19821,19821,15,validation
19822,19822,10,train
19823,19823,4,train
19824,19824,17,test
19825,19825,4,train
19826,19826,6,train
19827,19827,9,train
19828,19828,12,train
19829,19829,15,validation
19830,19830,14,validation
19831,19831,4,train
19832,19832,2,train
19833,19833,9,train
19834,19834,14,validation
19835,19835,19,test
19836,19836,14,validation
19837,19837,10,train
19838,19838,18,test
19839,19839,14,validation
19840,19840,8,train
19841,19841,3,train
19842,19842,6,train
19843,19843,11,train
19844,19844,3,train
19845,19845,3,train
19846,19846,18,test
19847,19847,6,train
19848,19848,19,test
19849,19849,13,train
19850,19850,11,train
19851,19851,16,validation
19852,19852,6,train
19853,19853,3,train
19854,19854,0,train
19855,19855,16,validation
19856,19856,10,train
19857,19857,9,train
19858,19858,6,train
19859,19859,13,train
19860,19860,15,validation
19861,19861,10,train
19862,19862,5,train
19863,19863,16,validation
19864,19864,7,train
19865,19865,14,validation
19866,19866,16,validation
19867,19867,15,validation
19868,19868,7,train
19869,19869,9,train
19870,19870,11,train
19871,19871,16,validation
19872,19872,11,train
19873,19873,14,validation
19874,19874,17,test
19875,19875,3,train
19876,19876,8,train
19877,19877,4,train
19878,19878,4,train
19879,19879,9,train
19880,19880,15,validation
19881,19881,1,train
19882,19882,9,train
19883,19883,4,train
19884,19884,1,train
19885,19885,19,test
19886,19886,0,train
19887,19887,0,train
19888,19888,19,test
19889,19889,4,train
19890,19890,7,train
19891,19891,13,train
19892,19892,19,test
19893,19893,15,validation
19894,19894,11,train
19895,19895,6,train
19896,19896,16,validation
19897,19897,5,train
19898,19898,7,train
19899,19899,5,train
19900,19900,9,train
19901,19901,4,train
19902,19902,12,train
19903,19903,12,train
19904,19904,8,train
19905,19905,18,test
19906,19906,16,validation
19907,19907,18,test
19908,19908,15,validation
19909,19909,7,train
19910,19910,9,train
19911,19911,10,train
19912,19912,16,validation
19913,19913,15,validation
19914,19914,18,test
19915,19915,12,train
19916,19916,1,train
19917,19917,15,validation
19918,19918,4,train
19919,19919,13,train
19920,19920,12,train
19921,19921,15,validation
19922,19922,1,train
19923,19923,15,validation
19924,19924,4,train
19925,19925,0,train
19926,19926,11,train
19927,19927,4,train
19928,19928,3,train
19929,19929,7,train
19930,19930,4,train
19931,19931,13,train
19932,19932,14,validation
19933,19933,0,train
19934,19934,13,train
19935,19935,19,test
19936,19936,15,validation
19937,19937,3,train
19938,19938,7,train
19939,19939,10,train
19940,19940,11,train
19941,19941,9,train
19942,19942,8,train
19943,19943,9,train
19944,19944,13,train
19945,19945,15,validation
19946,19946,10,train
19947,19947,2,train
19948,19948,9,train
19949,19949,4,train
19950,19950,0,train
19951,19951,12,train
19952,19952,11,train
19953,19953,8,train
19954,19954,4,train
19955,19955,6,train
19956,19956,8,train
19957,19957,4,train
19958,19958,10,train
19959,19959,10,train
19960,19960,19,test
19961,19961,10,train
19962,19962,5,train
19963,19963,6,train
19964,19964,12,train
19965,19965,2,train
19966,19966,17,test
19967,19967,10,train
19968,19968,9,train
19969,19969,10,train
19970,19970,0,train
19971,19971,7,train
19972,19972,11,train
19973,19973,4,train
19974,19974,16,validation
19975,19975,16,validation
19976,19976,1,train
19977,19977,18,test
19978,19978,13,train
19979,19979,13,train
19980,19980,13,train
19981,19981,17,test
19982,19982,17,test
19983,19983,5,train
19984,19984,5,train
19985,19985,15,validation
19986,19986,9,train
19987,19987,8,train
19988,19988,18,test
19989,19989,1,train
19990,19990,6,train
19991,19991,7,train
19992,19992,2,train
19993,19993,3,train
19994,19994,4,train
19995,19995,7,train
19996,19996,14,validation
19997,19997,18,test
19998,19998,5,train
19999,19999,11,train
20000,20000,1,train
20001,20001,17,test
20002,20002,18,test
20003,20003,7,train
20004,20004,4,train
20005,20005,7,train
20006,20006,16,validation
20007,20007,9,train
20008,20008,15,validation
20009,20009,6,train
20010,20010,4,train
20011,20011,0,train
20012,20012,12,train
20013,20013,2,train
20014,20014,1,train
20015,20015,2,train
20016,20016,9,train
20017,20017,4,train
20018,20018,1,train
20019,20019,16,validation
20020,20020,9,train
20021,20021,7,train
20022,20022,12,train
20023,20023,7,train
20024,20024,7,train
20025,20025,4,train
20026,20026,17,test
20027,20027,3,train
20028,20028,6,train
20029,20029,12,train
20030,20030,5,train
20031,20031,6,train
20032,20032,1,train
20033,20033,17,test
20034,20034,6,train
20035,20035,10,train
20036,20036,3,train
20037,20037,12,train
20038,20038,0,train
20039,20039,4,train
20040,20040,2,train
20041,20041,5,train
20042,20042,13,train
20043,20043,3,train
20044,20044,7,train
20045,20045,3,train
20046,20046,15,validation
20047,20047,11,train
20048,20048,1,train
20049,20049,6,train
20050,20050,17,test
20051,20051,9,train
20052,20052,4,train
20053,20053,11,train
20054,20054,8,train
20055,20055,14,validation
20056,20056,11,train
20057,20057,15,validation
20058,20058,5,train
20059,20059,19,test
20060,20060,10,train
20061,20061,8,train
20062,20062,9,train
20063,20063,19,test
20064,20064,17,test
20065,20065,11,train
20066,20066,15,validation
20067,20067,0,train
20068,20068,8,train
20069,20069,18,test
20070,20070,13,train
20071,20071,19,test
20072,20072,9,train
20073,20073,9,train
20074,20074,15,validation
20075,20075,7,train
20076,20076,3,train
20077,20077,6,train
20078,20078,10,train
20079,20079,8,train
20080,20080,14,validation
20081,20081,2,train
20082,20082,16,validation
20083,20083,3,train
20084,20084,7,train
20085,20085,9,train
20086,20086,6,train
20087,20087,7,train
20088,20088,4,train
20089,20089,13,train
20090,20090,18,test
20091,20091,17,test
20092,20092,13,train
20093,20093,0,train
20094,20094,17,test
20095,20095,3,train
20096,20096,12,train
20097,20097,6,train
20098,20098,2,train
20099,20099,12,train
20100,20100,7,train
20101,20101,19,test
20102,20102,10,train
20103,20103,16,validation
20104,20104,1,train
20105,20105,12,train
20106,20106,12,train
20107,20107,10,train
20108,20108,0,train
20109,20109,2,train
20110,20110,6,train
20111,20111,14,validation
20112,20112,7,train
20113,20113,1,train
20114,20114,7,train
20115,20115,19,test
20116,20116,0,train
20117,20117,0,train
20118,20118,0,train
20119,20119,14,validation
20120,20120,18,test
20121,20121,11,train
20122,20122,6,train
20123,20123,10,train
20124,20124,2,train
20125,20125,17,test
20126,20126,12,train
20127,20127,11,train
20128,20128,3,train
20129,20129,0,train
20130,20130,18,test
20131,20131,13,train
20132,20132,13,train
20133,20133,17,test
20134,20134,16,validation
20135,20135,10,train
20136,20136,2,train
20137,20137,14,validation
20138,20138,2,train
20139,20139,16,validation
20140,20140,19,test
20141,20141,8,train
20142,20142,13,train
20143,20143,15,validation
20144,20144,2,train
20145,20145,0,train
20146,20146,2,train
20147,20147,7,train
20148,20148,11,train
20149,20149,15,validation
20150,20150,10,train
20151,20151,6,train
20152,20152,3,train
20153,20153,12,train
20154,20154,19,test
20155,20155,4,train
20156,20156,14,validation
20157,20157,18,test
20158,20158,9,train
20159,20159,16,validation
20160,20160,0,train
20161,20161,8,train
20162,20162,6,train
20163,20163,1,train
20164,20164,9,train
20165,20165,12,train
20166,20166,0,train
20167,20167,17,test
20168,20168,2,train
20169,20169,0,train
20170,20170,5,train
20171,20171,13,train
20172,20172,16,validation
20173,20173,16,validation
20174,20174,0,train
20175,20175,13,train
20176,20176,9,train
20177,20177,12,train
20178,20178,4,train
20179,20179,8,train
20180,20180,15,validation
20181,20181,6,train
20182,20182,18,test
20183,20183,8,train
20184,20184,19,test
20185,20185,18,test
20186,20186,17,test
20187,20187,2,train
20188,20188,13,train
20189,20189,1,train
20190,20190,10,train
20191,20191,19,test
20192,20192,10,train
20193,20193,1,train
20194,20194,19,test
20195,20195,1,train
20196,20196,7,train
20197,20197,11,train
20198,20198,2,train
20199,20199,6,train
20200,20200,10,train
20201,20201,1,train
20202,20202,11,train
20203,20203,19,test
20204,20204,4,train
20205,20205,8,train
20206,20206,0,train
20207,20207,7,train
20208,20208,15,validation
20209,20209,7,train
20210,20210,13,train
20211,20211,4,train
20212,20212,7,train
20213,20213,14,validation
20214,20214,17,test
20215,20215,2,train
20216,20216,15,validation
20217,20217,2,train
20218,20218,10,train
20219,20219,5,train
20220,20220,2,train
20221,20221,18,test
20222,20222,19,test
20223,20223,0,train
20224,20224,0,train
20225,20225,1,train
20226,20226,5,train
20227,20227,0,train
20228,20228,7,train
20229,20229,7,train
20230,20230,7,train
20231,20231,6,train
20232,20232,1,train
20233,20233,3,train
20234,20234,0,train
20235,20235,7,train
20236,20236,11,train
20237,20237,8,train
20238,20238,4,train
20239,20239,4,train
20240,20240,3,train
20241,20241,18,test
20242,20242,10,train
20243,20243,5,train
20244,20244,5,train
20245,20245,4,train
20246,20246,16,validation
20247,20247,2,train
20248,20248,16,validation
20249,20249,6,train
20250,20250,1,train
20251,20251,14,validation
20252,20252,9,train
20253,20253,8,train
20254,20254,8,train
20255,20255,10,train
20256,20256,9,train
20257,20257,1,train
20258,20258,10,train
20259,20259,10,train
20260,20260,19,test
20261,20261,17,test
20262,20262,13,train
20263,20263,13,train
20264,20264,12,train
20265,20265,18,test
20266,20266,10,train
20267,20267,4,train
20268,20268,14,validation
20269,20269,18,test
20270,20270,13,train
20271,20271,18,test
20272,20272,2,train
20273,20273,19,test
20274,20274,9,train
20275,20275,17,test
20276,20276,1,train
20277,20277,5,train
20278,20278,11,train
20279,20279,7,train
20280,20280,4,train
20281,20281,8,train
20282,20282,15,validation
20283,20283,17,test
20284,20284,3,train
20285,20285,8,train
20286,20286,19,test
20287,20287,15,validation
20288,20288,5,train
20289,20289,17,test
20290,20290,9,train
20291,20291,4,train
20292,20292,16,validation
20293,20293,9,train
20294,20294,17,test
20295,20295,1,train
20296,20296,13,train
20297,20297,3,train
20298,20298,14,validation
20299,20299,7,train
20300,20300,0,train
20301,20301,19,test
20302,20302,12,train
20303,20303,7,train
20304,20304,15,validation
20305,20305,19,test
20306,20306,15,validation
20307,20307,11,train
20308,20308,1,train
20309,20309,17,test
20310,20310,5,train
20311,20311,8,train
20312,20312,3,train
20313,20313,3,train
20314,20314,18,test
20315,20315,1,train
20316,20316,12,train
20317,20317,12,train
20318,20318,17,test
20319,20319,1,train
20320,20320,8,train
20321,20321,7,train
20322,20322,9,train
20323,20323,7,train
20324,20324,19,test
20325,20325,16,validation
20326,20326,4,train
20327,20327,9,train
20328,20328,1,train
20329,20329,7,train
20330,20330,11,train
20331,20331,9,train
20332,20332,13,train
20333,20333,11,train
20334,20334,13,train
20335,20335,4,train
20336,20336,16,validation
20337,20337,15,validation
20338,20338,11,train
20339,20339,12,train
20340,20340,9,train
20341,20341,8,train
20342,20342,4,train
20343,20343,11,train
20344,20344,17,test
20345,20345,14,validation
20346,20346,2,train
20347,20347,12,train
20348,20348,11,train
20349,20349,7,train
20350,20350,1,train
20351,20351,5,train
20352,20352,7,train
20353,20353,11,train
20354,20354,9,train
20355,20355,10,train
20356,20356,11,train
20357,20357,16,validation
20358,20358,12,train
20359,20359,7,train
20360,20360,4,train
20361,20361,7,train
20362,20362,9,train
20363,20363,11,train
20364,20364,0,train
20365,20365,5,train
20366,20366,9,train
20367,20367,15,validation
20368,20368,7,train
20369,20369,10,train
20370,20370,8,train
20371,20371,8,train
20372,20372,10,train
20373,20373,1,train
20374,20374,6,train
20375,20375,10,train
20376,20376,15,validation
20377,20377,2,train
20378,20378,1,train
20379,20379,9,train
20380,20380,11,train
20381,20381,13,train
20382,20382,13,train
20383,20383,18,test
20384,20384,13,train
20385,20385,17,test
20386,20386,18,test
20387,20387,7,train
20388,20388,5,train
20389,20389,17,test
20390,20390,5,train
20391,20391,19,test
20392,20392,19,test
20393,20393,7,train
20394,20394,2,train
20395,20395,9,train
20396,20396,9,train
20397,20397,13,train
20398,20398,15,validation
20399,20399,9,train
20400,20400,5,train
20401,20401,3,train
20402,20402,16,validation
20403,20403,18,test
20404,20404,17,test
20405,20405,4,train
20406,20406,13,train
20407,20407,13,train
20408,20408,15,validation
20409,20409,12,train
20410,20410,2,train
20411,20411,14,validation
20412,20412,19,test
20413,20413,4,train
20414,20414,7,train
20415,20415,14,validation
20416,20416,19,test
20417,20417,0,train
20418,20418,14,validation
20419,20419,8,train
20420,20420,3,train
20421,20421,1,train
20422,20422,8,train
20423,20423,19,test
20424,20424,6,train
20425,20425,2,train
20426,20426,6,train
20427,20427,15,validation
20428,20428,18,test
20429,20429,18,test
20430,20430,10,train
20431,20431,13,train
20432,20432,3,train
20433,20433,14,validation
20434,20434,19,test
20435,20435,17,test
20436,20436,3,train
20437,20437,16,validation
20438,20438,10,train
20439,20439,19,test
20440,20440,8,train
20441,20441,18,test
20442,20442,3,train
20443,20443,9,train
20444,20444,4,train
20445,20445,7,train
20446,20446,15,validation
20447,20447,5,train
20448,20448,8,train
20449,20449,6,train
20450,20450,12,train
20451,20451,14,validation
20452,20452,16,validation
20453,20453,18,test
20454,20454,15,validation
20455,20455,6,train
20456,20456,17,test
20457,20457,11,train
20458,20458,11,train
20459,20459,0,train
20460,20460,12,train
20461,20461,14,validation
20462,20462,14,validation
20463,20463,12,train
20464,20464,0,train
20465,20465,18,test
20466,20466,15,validation
20467,20467,11,train
20468,20468,16,validation
20469,20469,8,train
20470,20470,5,train
20471,20471,12,train
20472,20472,19,test
20473,20473,3,train
20474,20474,3,train
20475,20475,12,train
20476,20476,9,train
20477,20477,16,validation
20478,20478,19,test
20479,20479,7,train
20480,20480,0,train
20481,20481,5,train
20482,20482,10,train
20483,20483,3,train
20484,20484,13,train
20485,20485,10,train
20486,20486,12,train
20487,20487,16,validation
20488,20488,5,train
20489,20489,10,train
20490,20490,7,train
20491,20491,19,test
20492,20492,11,train
20493,20493,17,test
20494,20494,15,validation
20495,20495,9,train
20496,20496,12,train
20497,20497,10,train
20498,20498,10,train
20499,20499,4,train
20500,20500,7,train
20501,20501,14,validation
20502,20502,0,train
20503,20503,18,test
20504,20504,14,validation
20505,20505,3,train
20506,20506,10,train
20507,20507,1,train
20508,20508,3,train
20509,20509,2,train
20510,20510,9,train
20511,20511,13,train
20512,20512,4,train
20513,20513,19,test
20514,20514,18,test
20515,20515,13,train
20516,20516,0,train
20517,20517,11,train
20518,20518,12,train
20519,20519,18,test
20520,20520,12,train
20521,20521,12,train
20522,20522,7,train
20523,20523,4,train
20524,20524,7,train
20525,20525,7,train
20526,20526,6,train
20527,20527,6,train
20528,20528,12,train
20529,20529,4,train
20530,20530,5,train
20531,20531,17,test
20532,20532,7,train
20533,20533,15,validation
20534,20534,11,train
20535,20535,8,train
20536,20536,5,train
20537,20537,17,test
20538,20538,12,train
20539,20539,9,train
20540,20540,6,train
20541,20541,2,train
20542,20542,5,train
20543,20543,11,train
20544,20544,5,train
20545,20545,9,train
20546,20546,11,train
20547,20547,17,test
20548,20548,13,train
20549,20549,11,train
20550,20550,13,train
20551,20551,7,train
20552,20552,15,validation
20553,20553,18,test
20554,20554,4,train
20555,20555,9,train
20556,20556,14,validation
20557,20557,14,validation
20558,20558,13,train
20559,20559,1,train
20560,20560,14,validation
20561,20561,14,validation
20562,20562,9,train
20563,20563,6,train
20564,20564,15,validation
20565,20565,1,train
20566,20566,5,train
20567,20567,13,train
20568,20568,3,train
20569,20569,2,train
20570,20570,9,train
20571,20571,0,train
20572,20572,3,train
20573,20573,1,train
20574,20574,9,train
20575,20575,4,train
20576,20576,8,train
20577,20577,9,train
20578,20578,9,train
20579,20579,12,train
20580,20580,4,train
20581,20581,4,train
20582,20582,1,train
20583,20583,7,train
20584,20584,11,train
20585,20585,4,train
20586,20586,5,train
20587,20587,14,validation
20588,20588,10,train
20589,20589,10,train
20590,20590,1,train
20591,20591,18,test
20592,20592,6,train
20593,20593,18,test
20594,20594,18,test
20595,20595,19,test
20596,20596,4,train
20597,20597,1,train
20598,20598,10,train
20599,20599,16,validation
20600,20600,11,train
20601,20601,12,train
20602,20602,19,test
20603,20603,7,train
20604,20604,17,test
20605,20605,19,test
20606,20606,8,train
20607,20607,16,validation
20608,20608,13,train
20609,20609,3,train
20610,20610,18,test
20611,20611,13,train
20612,20612,1,train
20613,20613,15,validation
20614,20614,15,validation
20615,20615,17,test
20616,20616,0,train
20617,20617,18,test
20618,20618,9,train
20619,20619,11,train
20620,20620,18,test
20621,20621,10,train
20622,20622,7,train
20623,20623,18,test
20624,20624,10,train
20625,20625,0,train
20626,20626,1,train
20627,20627,9,train
20628,20628,5,train
20629,20629,9,train
20630,20630,2,train
20631,20631,4,train
20632,20632,13,train
20633,20633,18,test
20634,20634,13,train
20635,20635,13,train
20636,20636,12,train
20637,20637,1,train
20638,20638,12,train
20639,20639,18,test
20640,20640,13,train
20641,20641,14,validation
20642,20642,5,train
20643,20643,6,train
20644,20644,1,train
20645,20645,13,train
20646,20646,14,validation
20647,20647,17,test
20648,20648,18,test
20649,20649,8,train
20650,20650,4,train
20651,20651,11,train
20652,20652,16,validation
20653,20653,4,train
20654,20654,15,validation
20655,20655,10,train
20656,20656,2,train
20657,20657,3,train
20658,20658,9,train
20659,20659,11,train
20660,20660,12,train
20661,20661,15,validation
20662,20662,18,test
20663,20663,3,train
20664,20664,18,test
20665,20665,6,train
20666,20666,18,test
20667,20667,4,train
20668,20668,17,test
20669,20669,14,validation
20670,20670,7,train
20671,20671,9,train
20672,20672,13,train
20673,20673,7,train
20674,20674,4,train
20675,20675,8,train
20676,20676,0,train
20677,20677,2,train
20678,20678,10,train
20679,20679,5,train
20680,20680,19,test
20681,20681,3,train
20682,20682,3,train
20683,20683,18,test
20684,20684,1,train
20685,20685,17,test
20686,20686,3,train
20687,20687,10,train
20688,20688,17,test
20689,20689,18,test
20690,20690,2,train
20691,20691,7,train
20692,20692,14,validation
20693,20693,17,test
20694,20694,5,train
20695,20695,12,train
20696,20696,15,validation
20697,20697,14,validation
20698,20698,2,train
20699,20699,16,validation
20700,20700,8,train
20701,20701,13,train
20702,20702,19,test
20703,20703,3,train
20704,20704,9,train
20705,20705,15,validation
20706,20706,11,train
20707,20707,16,validation
20708,20708,13,train
20709,20709,12,train
20710,20710,7,train
20711,20711,12,train
20712,20712,13,train
20713,20713,17,test
20714,20714,15,validation
20715,20715,17,test
20716,20716,12,train
20717,20717,5,train
20718,20718,12,train
20719,20719,11,train
20720,20720,9,train
20721,20721,5,train
20722,20722,9,train
20723,20723,18,test
20724,20724,19,test
20725,20725,13,train
20726,20726,18,test
20727,20727,14,validation
20728,20728,4,train
20729,20729,10,train
20730,20730,13,train
20731,20731,11,train
20732,20732,16,validation
20733,20733,12,train
20734,20734,11,train
20735,20735,8,train
20736,20736,5,train
20737,20737,7,train
20738,20738,9,train
20739,20739,7,train
20740,20740,14,validation
20741,20741,6,train
20742,20742,9,train
20743,20743,19,test
20744,20744,7,train
20745,20745,8,train
20746,20746,8,train
20747,20747,15,validation
20748,20748,8,train
20749,20749,19,test
20750,20750,6,train
20751,20751,6,train
20752,20752,9,train
20753,20753,8,train
20754,20754,4,train
20755,20755,10,train
20756,20756,11,train
20757,20757,11,train
20758,20758,1,train
20759,20759,6,train
20760,20760,5,train
20761,20761,8,train
20762,20762,13,train
20763,20763,5,train
20764,20764,1,train
20765,20765,4,train
20766,20766,13,train
20767,20767,1,train
20768,20768,3,train
20769,20769,0,train
20770,20770,16,validation
20771,20771,5,train
20772,20772,13,train
20773,20773,8,train
20774,20774,5,train
20775,20775,15,validation
20776,20776,1,train
20777,20777,17,test
20778,20778,19,test
20779,20779,9,train
20780,20780,6,train
20781,20781,0,train
20782,20782,12,train
20783,20783,2,train
20784,20784,16,validation
20785,20785,3,train
20786,20786,10,train
20787,20787,16,validation
20788,20788,5,train
20789,20789,4,train
20790,20790,17,test
20791,20791,13,train
20792,20792,1,train
20793,20793,18,test
20794,20794,13,train
20795,20795,12,train
20796,20796,12,train
20797,20797,3,train
20798,20798,11,train
20799,20799,11,train
20800,20800,15,validation
20801,20801,6,train
20802,20802,10,train
20803,20803,10,train
20804,20804,11,train
20805,20805,9,train
20806,20806,7,train
20807,20807,2,train
20808,20808,11,train
20809,20809,6,train
20810,20810,13,train
20811,20811,7,train
20812,20812,6,train
20813,20813,17,test
20814,20814,4,train
20815,20815,11,train
20816,20816,3,train
20817,20817,0,train
20818,20818,6,train
20819,20819,3,train
20820,20820,15,validation
20821,20821,6,train
20822,20822,3,train
20823,20823,10,train
20824,20824,2,train
20825,20825,18,test
20826,20826,16,validation
20827,20827,2,train
20828,20828,19,test
20829,20829,18,test
20830,20830,3,train
20831,20831,5,train
20832,20832,13,train
20833,20833,4,train
20834,20834,5,train
20835,20835,3,train
20836,20836,14,validation
20837,20837,8,train
20838,20838,8,train
20839,20839,0,train
20840,20840,14,validation
20841,20841,15,validation
20842,20842,11,train
20843,20843,6,train
20844,20844,9,train
20845,20845,18,test
20846,20846,5,train
20847,20847,11,train
20848,20848,11,train
20849,20849,19,test
20850,20850,16,validation
20851,20851,12,train
20852,20852,0,train
20853,20853,12,train
20854,20854,16,validation
20855,20855,8,train
20856,20856,2,train
20857,20857,4,train
20858,20858,3,train
20859,20859,10,train
20860,20860,4,train
20861,20861,10,train
20862,20862,15,validation
20863,20863,17,test
20864,20864,15,validation
20865,20865,2,train
20866,20866,0,train
20867,20867,16,validation
20868,20868,9,train
20869,20869,2,train
20870,20870,9,train
20871,20871,13,train
20872,20872,8,train
20873,20873,19,test
20874,20874,17,test
20875,20875,3,train
20876,20876,1,train
20877,20877,4,train
20878,20878,3,train
20879,20879,11,train
20880,20880,1,train
20881,20881,0,train
20882,20882,18,test
20883,20883,2,train
20884,20884,18,test
20885,20885,15,validation
20886,20886,2,train
20887,20887,7,train
20888,20888,5,train
20889,20889,6,train
20890,20890,6,train
20891,20891,5,train
20892,20892,0,train
20893,20893,12,train
20894,20894,8,train
20895,20895,18,test
20896,20896,8,train
20897,20897,2,train
20898,20898,16,validation
20899,20899,5,train
20900,20900,14,validation
20901,20901,3,train
20902,20902,19,test
20903,20903,12,train
20904,20904,11,train
20905,20905,10,train
20906,20906,0,train
20907,20907,12,train
20908,20908,0,train
20909,20909,17,test
20910,20910,4,train
20911,20911,12,train
20912,20912,14,validation
20913,20913,9,train
20914,20914,16,validation
20915,20915,5,train
20916,20916,1,train
20917,20917,18,test
20918,20918,10,train
20919,20919,4,train
20920,20920,8,train
20921,20921,19,test
20922,20922,8,train
20923,20923,18,test
20924,20924,19,test
20925,20925,10,train
20926,20926,19,test
20927,20927,4,train
20928,20928,16,validation
20929,20929,17,test
20930,20930,4,train
20931,20931,5,train
20932,20932,13,train
20933,20933,15,validation
20934,20934,12,train
20935,20935,10,train
20936,20936,4,train
20937,20937,9,train
20938,20938,8,train
20939,20939,6,train
20940,20940,19,test
20941,20941,6,train
20942,20942,2,train
20943,20943,1,train
20944,20944,6,train
20945,20945,8,train
20946,20946,9,train
20947,20947,0,train
20948,20948,1,train
20949,20949,15,validation
20950,20950,19,test
20951,20951,19,test
20952,20952,0,train
20953,20953,8,train
20954,20954,3,train
20955,20955,14,validation
20956,20956,4,train
20957,20957,2,train
20958,20958,1,train
20959,20959,8,train
20960,20960,6,train
20961,20961,17,test
20962,20962,5,train
20963,20963,16,validation
20964,20964,2,train
20965,20965,19,test
20966,20966,2,train
20967,20967,12,train
20968,20968,10,train
20969,20969,13,train
20970,20970,16,validation
20971,20971,1,train
20972,20972,6,train
20973,20973,2,train
20974,20974,11,train
20975,20975,18,test
20976,20976,12,train
20977,20977,13,train
20978,20978,12,train
20979,20979,16,validation
20980,20980,18,test
20981,20981,15,validation
20982,20982,5,train
20983,20983,2,train
20984,20984,12,train
20985,20985,10,train
20986,20986,14,validation
20987,20987,9,train
20988,20988,7,train
20989,20989,0,train
20990,20990,8,train
20991,20991,4,train
20992,20992,14,validation
20993,20993,0,train
20994,20994,0,train
20995,20995,10,train
20996,20996,19,test
20997,20997,14,validation
20998,20998,4,train
20999,20999,1,train
21000,21000,2,train
21001,21001,8,train
21002,21002,14,validation
21003,21003,11,train
21004,21004,1,train
21005,21005,14,validation
21006,21006,7,train
21007,21007,8,train
21008,21008,16,validation
21009,21009,3,train
21010,21010,0,train
21011,21011,4,train
21012,21012,6,train
21013,21013,15,validation
21014,21014,19,test
21015,21015,3,train
21016,21016,9,train
21017,21017,3,train
21018,21018,15,validation
21019,21019,4,train
21020,21020,15,validation
21021,21021,18,test
21022,21022,12,train
21023,21023,18,test
21024,21024,1,train
21025,21025,11,train
21026,21026,12,train
21027,21027,11,train
21028,21028,18,test
21029,21029,2,train
21030,21030,15,validation
21031,21031,14,validation
21032,21032,5,train
21033,21033,6,train
21034,21034,2,train
21035,21035,11,train
21036,21036,12,train
21037,21037,2,train
21038,21038,15,validation
21039,21039,0,train
21040,21040,0,train
21041,21041,14,validation
21042,21042,9,train
21043,21043,5,train
21044,21044,11,train
21045,21045,1,train
21046,21046,13,train
21047,21047,16,validation
21048,21048,18,test
21049,21049,0,train
21050,21050,19,test
21051,21051,5,train
21052,21052,4,train
21053,21053,19,test
21054,21054,5,train
21055,21055,12,train
21056,21056,15,validation
21057,21057,0,train
21058,21058,15,validation
21059,21059,0,train
21060,21060,3,train
21061,21061,4,train
21062,21062,14,validation
21063,21063,7,train
21064,21064,3,train
21065,21065,2,train
21066,21066,6,train
21067,21067,18,test
21068,21068,12,train
21069,21069,9,train
21070,21070,13,train
21071,21071,19,test
21072,21072,15,validation
21073,21073,6,train
21074,21074,12,train
21075,21075,0,train
21076,21076,6,train
21077,21077,8,train
21078,21078,3,train
21079,21079,1,train
21080,21080,7,train
21081,21081,12,train
21082,21082,13,train
21083,21083,8,train
21084,21084,10,train
21085,21085,14,validation
21086,21086,16,validation
21087,21087,5,train
21088,21088,17,test
21089,21089,1,train
21090,21090,9,train
21091,21091,18,test
21092,21092,11,train
21093,21093,19,test
21094,21094,9,train
21095,21095,14,validation
21096,21096,8,train
21097,21097,10,train
21098,21098,15,validation
21099,21099,16,validation
21100,21100,6,train
21101,21101,19,test
21102,21102,18,test
21103,21103,3,train
21104,21104,4,train
21105,21105,5,train
21106,21106,13,train
21107,21107,7,train
21108,21108,11,train
21109,21109,12,train
21110,21110,5,train
21111,21111,3,train
21112,21112,0,train
21113,21113,7,train
21114,21114,4,train
21115,21115,8,train
21116,21116,18,test
21117,21117,13,train
21118,21118,19,test
21119,21119,18,test
21120,21120,13,train
21121,21121,8,train
21122,21122,7,train
21123,21123,1,train
21124,21124,14,validation
21125,21125,16,validation
21126,21126,11,train
21127,21127,19,test
21128,21128,12,train
21129,21129,9,train
21130,21130,7,train
21131,21131,3,train
21132,21132,7,train
21133,21133,8,train
21134,21134,5,train
21135,21135,1,train
21136,21136,1,train
21137,21137,19,test
21138,21138,1,train
21139,21139,12,train
21140,21140,16,validation
21141,21141,2,train
21142,21142,13,train
21143,21143,5,train
21144,21144,10,train
21145,21145,14,validation
21146,21146,8,train
21147,21147,11,train
21148,21148,1,train
21149,21149,0,train
21150,21150,5,train
21151,21151,0,train
21152,21152,2,train
21153,21153,9,train
21154,21154,18,test
21155,21155,6,train
21156,21156,15,validation
21157,21157,16,validation
21158,21158,4,train
21159,21159,0,train
21160,21160,0,train
21161,21161,13,train
21162,21162,11,train
21163,21163,15,validation
21164,21164,8,train
21165,21165,4,train
21166,21166,18,test
21167,21167,2,train
21168,21168,0,train
21169,21169,14,validation
21170,21170,11,train
21171,21171,4,train
21172,21172,18,test
21173,21173,4,train
21174,21174,17,test
21175,21175,17,test
21176,21176,19,test
21177,21177,18,test
21178,21178,13,train
21179,21179,9,train
21180,21180,18,test
21181,21181,10,train
21182,21182,0,train
21183,21183,18,test
21184,21184,17,test
21185,21185,8,train
21186,21186,6,train
21187,21187,19,test
21188,21188,9,train
21189,21189,8,train
21190,21190,11,train
21191,21191,11,train
21192,21192,1,train
21193,21193,17,test
21194,21194,3,train
21195,21195,1,train
21196,21196,5,train
21197,21197,17,test
21198,21198,9,train
21199,21199,13,train
21200,21200,8,train
21201,21201,15,validation
21202,21202,1,train
21203,21203,9,train
21204,21204,16,validation
21205,21205,13,train
21206,21206,15,validation
21207,21207,12,train
21208,21208,5,train
21209,21209,4,train
21210,21210,9,train
21211,21211,2,train
21212,21212,19,test
21213,21213,4,train
21214,21214,16,validation
21215,21215,1,train
21216,21216,11,train
21217,21217,10,train
21218,21218,9,train
21219,21219,14,validation
21220,21220,7,train
21221,21221,11,train
21222,21222,12,train
21223,21223,8,train
21224,21224,0,train
21225,21225,7,train
21226,21226,14,validation
21227,21227,10,train
21228,21228,10,train
21229,21229,8,train
21230,21230,14,validation
21231,21231,2,train
21232,21232,14,validation
21233,21233,17,test
21234,21234,5,train
21235,21235,15,validation
21236,21236,10,train
21237,21237,2,train
21238,21238,1,train
21239,21239,11,train
21240,21240,1,train
21241,21241,9,train
21242,21242,11,train
21243,21243,2,train
21244,21244,17,test
21245,21245,5,train
21246,21246,12,train
21247,21247,6,train
21248,21248,15,validation
21249,21249,5,train
21250,21250,17,test
21251,21251,16,validation
21252,21252,5,train
21253,21253,2,train
21254,21254,3,train
21255,21255,15,validation
21256,21256,6,train
21257,21257,8,train
21258,21258,15,validation
21259,21259,18,test
21260,21260,16,validation
21261,21261,8,train
21262,21262,13,train
21263,21263,0,train
21264,21264,10,train
21265,21265,11,train
21266,21266,14,validation
21267,21267,8,train
21268,21268,13,train
21269,21269,0,train
21270,21270,6,train
21271,21271,15,validation
21272,21272,19,test
21273,21273,7,train
21274,21274,18,test
21275,21275,0,train
21276,21276,8,train
21277,21277,12,train
21278,21278,17,test
21279,21279,18,test
21280,21280,15,validation
21281,21281,10,train
21282,21282,15,validation
21283,21283,15,validation
21284,21284,12,train
21285,21285,13,train
21286,21286,2,train
21287,21287,9,train
21288,21288,12,train
21289,21289,19,test
21290,21290,19,test
21291,21291,13,train
21292,21292,14,validation
21293,21293,5,train
21294,21294,5,train
21295,21295,5,train
21296,21296,19,test
21297,21297,2,train
21298,21298,6,train
21299,21299,13,train
21300,21300,9,train
21301,21301,7,train
21302,21302,10,train
21303,21303,2,train
21304,21304,10,train
21305,21305,15,validation
21306,21306,2,train
21307,21307,3,train
21308,21308,18,test
21309,21309,15,validation
21310,21310,1,train
21311,21311,1,train
21312,21312,13,train
21313,21313,0,train
21314,21314,2,train
21315,21315,19,test
21316,21316,2,train
21317,21317,2,train
21318,21318,7,train
21319,21319,9,train
21320,21320,12,train
21321,21321,15,validation
21322,21322,10,train
21323,21323,16,validation
21324,21324,8,train
21325,21325,15,validation
21326,21326,13,train
21327,21327,6,train
21328,21328,5,train
21329,21329,14,validation
21330,21330,18,test
21331,21331,15,validation
21332,21332,17,test
21333,21333,8,train
21334,21334,10,train
21335,21335,13,train
21336,21336,17,test
21337,21337,9,train
21338,21338,9,train
21339,21339,8,train
21340,21340,9,train
21341,21341,3,train
21342,21342,1,train
21343,21343,2,train
21344,21344,16,validation
21345,21345,8,train
21346,21346,13,train
21347,21347,7,train
21348,21348,12,train
21349,21349,4,train
21350,21350,6,train
21351,21351,6,train
21352,21352,10,train
21353,21353,0,train
21354,21354,15,validation
21355,21355,12,train
21356,21356,10,train
21357,21357,3,train
21358,21358,1,train
21359,21359,15,validation
21360,21360,19,test
21361,21361,6,train
21362,21362,12,train
21363,21363,2,train
21364,21364,19,test
21365,21365,11,train
21366,21366,2,train
21367,21367,4,train
21368,21368,0,train
21369,21369,5,train
21370,21370,14,validation
21371,21371,0,train
21372,21372,17,test
21373,21373,16,validation
21374,21374,16,validation
21375,21375,10,train
21376,21376,18,test
21377,21377,10,train
21378,21378,2,train
21379,21379,5,train
21380,21380,5,train
21381,21381,2,train
21382,21382,10,train
21383,21383,10,train
21384,21384,6,train
21385,21385,14,validation
21386,21386,18,test
21387,21387,16,validation
21388,21388,16,validation
21389,21389,15,validation
21390,21390,13,train
21391,21391,7,train
21392,21392,2,train
21393,21393,9,train
21394,21394,1,train
21395,21395,16,validation
21396,21396,13,train
21397,21397,5,train
21398,21398,12,train
21399,21399,19,test
21400,21400,16,validation
21401,21401,12,train
21402,21402,1,train
21403,21403,8,train
21404,21404,4,train
21405,21405,1,train
21406,21406,17,test
21407,21407,11,train
21408,21408,12,train
21409,21409,2,train
21410,21410,1,train
21411,21411,0,train
21412,21412,1,train
21413,21413,9,train
21414,21414,16,validation
21415,21415,10,train
21416,21416,19,test
21417,21417,2,train
21418,21418,14,validation
21419,21419,13,train
21420,21420,0,train
21421,21421,8,train
21422,21422,3,train
21423,21423,11,train
21424,21424,17,test
21425,21425,1,train
21426,21426,9,train
21427,21427,15,validation
21428,21428,17,test
21429,21429,5,train
21430,21430,10,train
21431,21431,11,train
21432,21432,13,train
21433,21433,17,test
21434,21434,11,train
21435,21435,19,test
21436,21436,1,train
21437,21437,12,train
21438,21438,15,validation
21439,21439,15,validation
21440,21440,19,test
21441,21441,5,train
21442,21442,16,validation
21443,21443,17,test
21444,21444,8,train
21445,21445,15,validation
21446,21446,12,train
21447,21447,14,validation
21448,21448,11,train
21449,21449,5,train
21450,21450,11,train
21451,21451,3,train
21452,21452,5,train
21453,21453,5,train
21454,21454,10,train
21455,21455,19,test
21456,21456,6,train
21457,21457,17,test
21458,21458,17,test
21459,21459,8,train
21460,21460,10,train
21461,21461,9,train
21462,21462,19,test
21463,21463,0,train
21464,21464,11,train
21465,21465,13,train
21466,21466,4,train
21467,21467,13,train
21468,21468,19,test
21469,21469,7,train
21470,21470,8,train
21471,21471,4,train
21472,21472,0,train
21473,21473,19,test
21474,21474,1,train
21475,21475,15,validation
21476,21476,14,validation
21477,21477,19,test
21478,21478,1,train
21479,21479,14,validation
21480,21480,16,validation
21481,21481,2,train
21482,21482,10,train
21483,21483,3,train
21484,21484,7,train
21485,21485,16,validation
21486,21486,13,train
21487,21487,18,test
21488,21488,2,train
21489,21489,19,test
21490,21490,19,test
21491,21491,10,train
21492,21492,18,test
21493,21493,14,validation
21494,21494,7,train
21495,21495,2,train
21496,21496,16,validation
21497,21497,4,train
21498,21498,8,train
21499,21499,4,train
21500,21500,14,validation
21501,21501,5,train
21502,21502,13,train
21503,21503,4,train
21504,21504,11,train
21505,21505,5,train
21506,21506,3,train
21507,21507,18,test
21508,21508,17,test
21509,21509,16,validation
21510,21510,2,train
21511,21511,0,train
21512,21512,8,train
21513,21513,12,train
21514,21514,6,train
21515,21515,4,train
21516,21516,3,train
21517,21517,12,train
21518,21518,7,train
21519,21519,15,validation
21520,21520,8,train
21521,21521,5,train
21522,21522,15,validation
21523,21523,1,train
21524,21524,1,train
21525,21525,7,train
21526,21526,1,train
21527,21527,10,train
21528,21528,9,train
21529,21529,14,validation
21530,21530,9,train
21531,21531,13,train
21532,21532,17,test
21533,21533,2,train
21534,21534,14,validation
21535,21535,18,test
21536,21536,18,test
21537,21537,2,train
21538,21538,11,train
21539,21539,16,validation
21540,21540,19,test
21541,21541,15,validation
21542,21542,13,train
21543,21543,1,train
21544,21544,4,train
21545,21545,3,train
21546,21546,10,train
21547,21547,16,validation
21548,21548,8,train
21549,21549,3,train
21550,21550,15,validation
21551,21551,14,validation
21552,21552,1,train
21553,21553,15,validation
21554,21554,3,train
21555,21555,18,test
21556,21556,17,test
21557,21557,10,train
21558,21558,6,train
21559,21559,13,train
21560,21560,18,test
21561,21561,3,train
21562,21562,19,test
21563,21563,15,validation
21564,21564,10,train
21565,21565,9,train
21566,21566,6,train
21567,21567,1,train
21568,21568,18,test
21569,21569,14,validation
21570,21570,1,train
21571,21571,11,train
21572,21572,18,test
21573,21573,1,train
21574,21574,18,test
21575,21575,12,train
21576,21576,1,train
21577,21577,2,train
21578,21578,16,validation
21579,21579,6,train
21580,21580,16,validation
21581,21581,7,train
21582,21582,11,train
21583,21583,2,train
21584,21584,12,train
21585,21585,18,test
21586,21586,16,validation
21587,21587,15,validation
21588,21588,14,validation
21589,21589,2,train
21590,21590,10,train
21591,21591,10,train
21592,21592,12,train
21593,21593,0,train
21594,21594,5,train
21595,21595,19,test
21596,21596,16,validation
21597,21597,6,train
21598,21598,12,train
21599,21599,0,train
21600,21600,8,train
21601,21601,6,train
21602,21602,1,train
21603,21603,17,test
21604,21604,2,train
21605,21605,6,train
21606,21606,17,test
21607,21607,7,train
21608,21608,19,test
21609,21609,16,validation
21610,21610,10,train
21611,21611,11,train
21612,21612,19,test
21613,21613,17,test
21614,21614,4,train
21615,21615,0,train
21616,21616,16,validation
21617,21617,5,train
21618,21618,10,train
21619,21619,14,validation
21620,21620,6,train
21621,21621,5,train
21622,21622,2,train
21623,21623,2,train
21624,21624,10,train
21625,21625,2,train
21626,21626,14,validation
21627,21627,10,train
21628,21628,11,train
21629,21629,4,train
21630,21630,7,train
21631,21631,11,train
21632,21632,18,test
21633,21633,2,train
21634,21634,16,validation
21635,21635,18,test
21636,21636,0,train
21637,21637,4,train
21638,21638,12,train
21639,21639,9,train
21640,21640,1,train
21641,21641,5,train
21642,21642,0,train
21643,21643,12,train
21644,21644,11,train
21645,21645,8,train
21646,21646,5,train
21647,21647,14,validation
21648,21648,19,test
21649,21649,12,train
21650,21650,5,train
21651,21651,8,train
21652,21652,2,train
21653,21653,8,train
21654,21654,5,train
21655,21655,6,train
21656,21656,15,validation
21657,21657,0,train
21658,21658,4,train
21659,21659,6,train
21660,21660,12,train
21661,21661,5,train
21662,21662,16,validation
21663,21663,8,train
21664,21664,16,validation
21665,21665,2,train
21666,21666,12,train
21667,21667,5,train
21668,21668,13,train
21669,21669,13,train
21670,21670,19,test
21671,21671,4,train
21672,21672,6,train
21673,21673,0,train
21674,21674,17,test
21675,21675,18,test
21676,21676,10,train
21677,21677,17,test
21678,21678,3,train
21679,21679,10,train
21680,21680,18,test
21681,21681,0,train
21682,21682,3,train
21683,21683,9,train
21684,21684,10,train
21685,21685,16,validation
21686,21686,0,train
21687,21687,17,test
21688,21688,6,train
21689,21689,6,train
21690,21690,13,train
21691,21691,7,train
21692,21692,11,train
21693,21693,16,validation
21694,21694,1,train
21695,21695,5,train
21696,21696,19,test
21697,21697,12,train
21698,21698,0,train
21699,21699,2,train
21700,21700,14,validation
21701,21701,15,validation
21702,21702,7,train
21703,21703,9,train
21704,21704,5,train
21705,21705,17,test
21706,21706,17,test
21707,21707,12,train
21708,21708,19,test
21709,21709,8,train
21710,21710,6,train
21711,21711,14,validation
21712,21712,15,validation
21713,21713,9,train
21714,21714,2,train
21715,21715,16,validation
21716,21716,18,test
21717,21717,13,train
21718,21718,12,train
21719,21719,0,train
21720,21720,9,train
21721,21721,6,train
21722,21722,13,train
21723,21723,14,validation
21724,21724,1,train
21725,21725,17,test
21726,21726,18,test
21727,21727,8,train
21728,21728,5,train
21729,21729,18,test
21730,21730,0,train
21731,21731,10,train
21732,21732,17,test
21733,21733,17,test
21734,21734,5,train
21735,21735,3,train
21736,21736,8,train
21737,21737,1,train
21738,21738,3,train
21739,21739,8,train
21740,21740,19,test
21741,21741,13,train
21742,21742,11,train
21743,21743,7,train
21744,21744,4,train
21745,21745,7,train
21746,21746,15,validation
21747,21747,8,train
21748,21748,6,train
21749,21749,17,test
21750,21750,7,train
21751,21751,0,train
21752,21752,19,test
21753,21753,13,train
21754,21754,1,train
21755,21755,17,test
21756,21756,11,train
21757,21757,8,train
21758,21758,0,train
21759,21759,17,test
21760,21760,4,train
21761,21761,2,train
21762,21762,19,test
21763,21763,5,train
21764,21764,12,train
21765,21765,16,validation
21766,21766,0,train
21767,21767,11,train
21768,21768,3,train
21769,21769,6,train
21770,21770,19,test
21771,21771,14,validation
21772,21772,13,train
21773,21773,11,train
21774,21774,16,validation
21775,21775,19,test
21776,21776,7,train
21777,21777,2,train
21778,21778,9,train
21779,21779,7,train
21780,21780,12,train
21781,21781,8,train
21782,21782,9,train
21783,21783,14,validation
21784,21784,3,train
21785,21785,19,test
21786,21786,7,train
21787,21787,6,train
21788,21788,8,train
21789,21789,15,validation
21790,21790,6,train
21791,21791,2,train
21792,21792,9,train
21793,21793,7,train
21794,21794,1,train
21795,21795,18,test
21796,21796,13,train
21797,21797,9,train
21798,21798,5,train
21799,21799,9,train
21800,21800,12,train
21801,21801,5,train
21802,21802,7,train
21803,21803,13,train
21804,21804,11,train
21805,21805,19,test
21806,21806,18,test
21807,21807,12,train
21808,21808,3,train
21809,21809,14,validation
21810,21810,16,validation
21811,21811,3,train
21812,21812,13,train
21813,21813,2,train
21814,21814,18,test
21815,21815,13,train
21816,21816,16,validation
21817,21817,12,train
21818,21818,19,test
21819,21819,9,train
21820,21820,19,test
21821,21821,5,train
21822,21822,13,train
21823,21823,3,train
21824,21824,14,validation
21825,21825,6,train
21826,21826,14,validation
21827,21827,9,train
21828,21828,5,train
21829,21829,2,train
21830,21830,2,train
21831,21831,2,train
21832,21832,14,validation
21833,21833,19,test
21834,21834,14,validation
21835,21835,15,validation
21836,21836,14,validation
21837,21837,1,train
21838,21838,19,test
21839,21839,7,train
21840,21840,12,train
21841,21841,5,train
21842,21842,8,train
21843,21843,5,train
21844,21844,7,train
21845,21845,3,train
21846,21846,19,test
21847,21847,16,validation
21848,21848,18,test
21849,21849,13,train
21850,21850,14,validation
21851,21851,13,train
21852,21852,6,train
21853,21853,3,train
21854,21854,19,test
21855,21855,16,validation
21856,21856,11,train
21857,21857,6,train
21858,21858,13,train
21859,21859,5,train
21860,21860,8,train
21861,21861,18,test
21862,21862,2,train
21863,21863,9,train
21864,21864,12,train
21865,21865,2,train
21866,21866,3,train
21867,21867,18,test
21868,21868,9,train
21869,21869,19,test
21870,21870,7,train
21871,21871,12,train
21872,21872,11,train
21873,21873,4,train
21874,21874,5,train
21875,21875,5,train
21876,21876,11,train
21877,21877,4,train
21878,21878,0,train
21879,21879,10,train
21880,21880,13,train
21881,21881,0,train
21882,21882,5,train
21883,21883,15,validation
21884,21884,9,train
21885,21885,12,train
21886,21886,3,train
21887,21887,4,train
21888,21888,13,train
21889,21889,5,train
21890,21890,15,validation
21891,21891,12,train
21892,21892,2,train
21893,21893,18,test
21894,21894,14,validation
21895,21895,8,train
21896,21896,18,test
21897,21897,6,train
21898,21898,14,validation
21899,21899,9,train
21900,21900,0,train
21901,21901,3,train
21902,21902,11,train
21903,21903,12,train
21904,21904,13,train
21905,21905,16,validation
21906,21906,5,train
21907,21907,6,train
21908,21908,18,test
21909,21909,10,train
21910,21910,12,train
21911,21911,0,train
21912,21912,17,test
21913,21913,17,test
21914,21914,9,train
21915,21915,15,validation
21916,21916,10,train
21917,21917,6,train
21918,21918,12,train
21919,21919,0,train
21920,21920,5,train
21921,21921,4,train
21922,21922,4,train
21923,21923,12,train
21924,21924,10,train
21925,21925,6,train
21926,21926,7,train
21927,21927,15,validation
21928,21928,15,validation
21929,21929,4,train
21930,21930,13,train
21931,21931,12,train
21932,21932,12,train
21933,21933,12,train
21934,21934,1,train
21935,21935,4,train
21936,21936,16,validation
21937,21937,0,train
21938,21938,4,train
21939,21939,19,test
21940,21940,11,train
21941,21941,11,train
21942,21942,7,train
21943,21943,16,validation
21944,21944,17,test
21945,21945,13,train
21946,21946,18,test
21947,21947,12,train
21948,21948,1,train
21949,21949,14,validation
21950,21950,16,validation
21951,21951,4,train
21952,21952,9,train
21953,21953,7,train
21954,21954,3,train
21955,21955,10,train
21956,21956,19,test
21957,21957,5,train
21958,21958,16,validation
21959,21959,19,test
21960,21960,3,train
21961,21961,19,test
21962,21962,9,train
21963,21963,17,test
21964,21964,17,test
21965,21965,8,train
21966,21966,6,train
21967,21967,8,train
21968,21968,4,train
21969,21969,1,train
21970,21970,9,train
21971,21971,7,train
21972,21972,11,train
21973,21973,14,validation
21974,21974,16,validation
21975,21975,6,train
21976,21976,10,train
21977,21977,13,train
21978,21978,4,train
21979,21979,8,train
21980,21980,9,train
21981,21981,8,train
21982,21982,16,validation
21983,21983,17,test
21984,21984,9,train
21985,21985,5,train
21986,21986,0,train
21987,21987,5,train
21988,21988,7,train
21989,21989,14,validation
21990,21990,11,train
21991,21991,13,train
21992,21992,4,train
21993,21993,10,train
21994,21994,0,train
21995,21995,4,train
21996,21996,14,validation
21997,21997,12,train
21998,21998,14,validation
21999,21999,14,validation
22000,22000,4,train
22001,22001,15,validation
22002,22002,7,train
22003,22003,7,train
22004,22004,13,train
22005,22005,5,train
22006,22006,14,validation
22007,22007,8,train
22008,22008,2,train
22009,22009,1,train
22010,22010,5,train
22011,22011,12,train
22012,22012,19,test
22013,22013,18,test
22014,22014,3,train
22015,22015,2,train
22016,22016,12,train
22017,22017,14,validation
22018,22018,4,train
22019,22019,10,train
22020,22020,14,validation
22021,22021,18,test
22022,22022,3,train
22023,22023,6,train
22024,22024,10,train
22025,22025,18,test
22026,22026,15,validation
22027,22027,13,train
22028,22028,10,train
22029,22029,6,train
22030,22030,3,train
22031,22031,2,train
22032,22032,2,train
22033,22033,1,train
22034,22034,9,train
22035,22035,11,train
22036,22036,7,train
22037,22037,18,test
22038,22038,8,train
22039,22039,2,train
22040,22040,1,train
22041,22041,4,train
22042,22042,11,train
22043,22043,7,train
22044,22044,14,validation
22045,22045,9,train
22046,22046,5,train
22047,22047,7,train
22048,22048,5,train
22049,22049,11,train
22050,22050,16,validation
22051,22051,12,train
22052,22052,17,test
22053,22053,17,test
22054,22054,9,train
22055,22055,2,train
22056,22056,14,validation
22057,22057,3,train
22058,22058,2,train
22059,22059,9,train
22060,22060,13,train
22061,22061,18,test
22062,22062,17,test
22063,22063,19,test
22064,22064,6,train
22065,22065,8,train
22066,22066,8,train
22067,22067,2,train
22068,22068,11,train
22069,22069,2,train
22070,22070,11,train
22071,22071,17,test
22072,22072,11,train
22073,22073,19,test
22074,22074,14,validation
22075,22075,17,test
22076,22076,0,train
22077,22077,7,train
22078,22078,3,train
22079,22079,9,train
22080,22080,6,train
22081,22081,12,train
22082,22082,13,train
22083,22083,5,train
22084,22084,19,test
22085,22085,0,train
22086,22086,6,train
22087,22087,19,test
22088,22088,13,train
22089,22089,13,train
22090,22090,9,train
22091,22091,16,validation
22092,22092,19,test
22093,22093,0,train
22094,22094,0,train
22095,22095,18,test
22096,22096,7,train
22097,22097,0,train
22098,22098,15,validation
22099,22099,16,validation
22100,22100,4,train
22101,22101,8,train
22102,22102,0,train
22103,22103,16,validation
22104,22104,2,train
22105,22105,15,validation
22106,22106,13,train
22107,22107,15,validation
22108,22108,9,train
22109,22109,13,train
22110,22110,8,train
22111,22111,10,train
22112,22112,7,train
22113,22113,0,train
22114,22114,9,train
22115,22115,12,train
22116,22116,3,train
22117,22117,15,validation
22118,22118,15,validation
22119,22119,18,test
22120,22120,7,train
22121,22121,0,train
22122,22122,14,validation
22123,22123,0,train
22124,22124,8,train
22125,22125,19,test
22126,22126,17,test
22127,22127,10,train
22128,22128,7,train
22129,22129,7,train
22130,22130,9,train
22131,22131,0,train
22132,22132,10,train
22133,22133,2,train
22134,22134,6,train
22135,22135,0,train
22136,22136,2,train
22137,22137,14,validation
22138,22138,2,train
22139,22139,11,train
22140,22140,7,train
22141,22141,13,train
22142,22142,17,test
22143,22143,1,train
22144,22144,18,test
22145,22145,11,train
22146,22146,4,train
22147,22147,14,validation
22148,22148,4,train
22149,22149,15,validation
22150,22150,6,train
22151,22151,16,validation
22152,22152,14,validation
22153,22153,15,validation
22154,22154,7,train
22155,22155,19,test
22156,22156,19,test
22157,22157,11,train
22158,22158,4,train
22159,22159,6,train
22160,22160,3,train
22161,22161,19,test
22162,22162,7,train
22163,22163,12,train
22164,22164,14,validation
22165,22165,7,train
22166,22166,15,validation
22167,22167,1,train
22168,22168,15,validation
22169,22169,4,train
22170,22170,0,train
22171,22171,12,train
22172,22172,0,train
22173,22173,11,train
22174,22174,11,train
22175,22175,16,validation
22176,22176,2,train
22177,22177,8,train
22178,22178,0,train
22179,22179,16,validation
22180,22180,8,train
22181,22181,12,train
22182,22182,19,test
22183,22183,19,test
22184,22184,18,test
22185,22185,9,train
22186,22186,18,test
22187,22187,9,train
22188,22188,2,train
22189,22189,16,validation
22190,22190,10,train
22191,22191,11,train
22192,22192,16,validation
22193,22193,1,train
22194,22194,0,train
22195,22195,1,train
22196,22196,5,train
22197,22197,4,train
22198,22198,1,train
22199,22199,13,train
22200,22200,16,validation
22201,22201,14,validation
22202,22202,5,train
22203,22203,10,train
22204,22204,10,train
22205,22205,2,train
22206,22206,13,train
22207,22207,12,train
22208,22208,10,train
22209,22209,9,train
22210,22210,0,train
22211,22211,9,train
22212,22212,14,validation
22213,22213,7,train
22214,22214,8,train
22215,22215,11,train
22216,22216,1,train
22217,22217,12,train
22218,22218,2,train
22219,22219,16,validation
22220,22220,4,train
22221,22221,7,train
22222,22222,19,test
22223,22223,18,test
22224,22224,17,test
22225,22225,19,test
22226,22226,12,train
22227,22227,15,validation
22228,22228,10,train
22229,22229,17,test
22230,22230,3,train
22231,22231,19,test
22232,22232,6,train
22233,22233,17,test
22234,22234,4,train
22235,22235,8,train
22236,22236,15,validation
22237,22237,12,train
22238,22238,6,train
22239,22239,15,validation
22240,22240,9,train
22241,22241,13,train
22242,22242,4,train
22243,22243,13,train
22244,22244,1,train
22245,22245,2,train
22246,22246,14,validation
22247,22247,10,train
22248,22248,3,train
22249,22249,6,train
22250,22250,7,train
22251,22251,1,train
22252,22252,8,train
22253,22253,5,train
22254,22254,15,validation
22255,22255,7,train
22256,22256,0,train
22257,22257,13,train
22258,22258,4,train
22259,22259,13,train
22260,22260,1,train
22261,22261,8,train
22262,22262,8,train
22263,22263,5,train
22264,22264,7,train
22265,22265,13,train
22266,22266,15,validation
22267,22267,11,train
22268,22268,2,train
22269,22269,17,test
22270,22270,16,validation
22271,22271,15,validation
22272,22272,4,train
22273,22273,9,train
22274,22274,5,train
22275,22275,5,train
22276,22276,1,train
22277,22277,0,train
22278,22278,17,test
22279,22279,6,train
22280,22280,19,test
22281,22281,17,test
22282,22282,8,train
22283,22283,17,test
22284,22284,13,train
22285,22285,2,train
22286,22286,10,train
22287,22287,11,train
22288,22288,5,train
22289,22289,13,train
22290,22290,8,train
22291,22291,9,train
22292,22292,15,validation
22293,22293,18,test
22294,22294,1,train
22295,22295,16,validation
22296,22296,11,train
22297,22297,15,validation
22298,22298,10,train
22299,22299,8,train
22300,22300,12,train
22301,22301,16,validation
22302,22302,15,validation
22303,22303,7,train
22304,22304,12,train
22305,22305,17,test
22306,22306,10,train
22307,22307,6,train
22308,22308,9,train
22309,22309,13,train
22310,22310,14,validation
22311,22311,11,train
22312,22312,13,train
22313,22313,7,train
22314,22314,1,train
22315,22315,18,test
22316,22316,9,train
22317,22317,13,train
22318,22318,8,train
22319,22319,13,train
22320,22320,12,train
22321,22321,17,test
22322,22322,6,train
22323,22323,8,train
22324,22324,10,train
22325,22325,2,train
22326,22326,18,test
22327,22327,16,validation
22328,22328,15,validation
22329,22329,18,test
22330,22330,5,train
22331,22331,1,train
22332,22332,18,test
22333,22333,11,train
22334,22334,12,train
22335,22335,19,test
22336,22336,14,validation
22337,22337,13,train
22338,22338,4,train
22339,22339,11,train
22340,22340,6,train
22341,22341,2,train
22342,22342,14,validation
22343,22343,18,test
22344,22344,6,train
22345,22345,8,train
22346,22346,14,validation
22347,22347,0,train
22348,22348,0,train
22349,22349,13,train
22350,22350,18,test
22351,22351,9,train
22352,22352,14,validation
22353,22353,17,test
22354,22354,15,validation
22355,22355,14,validation
22356,22356,13,train
22357,22357,17,test
22358,22358,0,train
22359,22359,3,train
22360,22360,12,train
22361,22361,10,train
22362,22362,16,validation
22363,22363,13,train
22364,22364,15,validation
22365,22365,17,test
22366,22366,19,test
22367,22367,4,train
22368,22368,9,train
22369,22369,17,test
22370,22370,19,test
22371,22371,4,train
22372,22372,16,validation
22373,22373,4,train
22374,22374,17,test
22375,22375,3,train
22376,22376,18,test
22377,22377,16,validation
22378,22378,9,train
22379,22379,11,train
22380,22380,10,train
22381,22381,0,train
22382,22382,19,test
22383,22383,12,train
22384,22384,18,test
22385,22385,7,train
22386,22386,3,train
22387,22387,17,test
22388,22388,12,train
22389,22389,15,validation
22390,22390,11,train
22391,22391,3,train
22392,22392,17,test
22393,22393,4,train
22394,22394,6,train
22395,22395,9,train
22396,22396,1,train
22397,22397,11,train
22398,22398,5,train
22399,22399,7,train
22400,22400,4,train
22401,22401,16,validation
22402,22402,0,train
22403,22403,14,validation
22404,22404,16,validation
22405,22405,0,train
22406,22406,6,train
22407,22407,14,validation
22408,22408,13,train
22409,22409,10,train
22410,22410,13,train
22411,22411,5,train
22412,22412,11,train
22413,22413,2,train
22414,22414,19,test
22415,22415,5,train
22416,22416,1,train
22417,22417,19,test
22418,22418,15,validation
22419,22419,0,train
22420,22420,3,train
22421,22421,6,train
22422,22422,11,train
22423,22423,3,train
22424,22424,10,train
22425,22425,6,train
22426,22426,1,train
22427,22427,1,train
22428,22428,18,test
22429,22429,19,test
22430,22430,6,train
22431,22431,11,train
22432,22432,18,test
22433,22433,15,validation
22434,22434,12,train
22435,22435,0,train
22436,22436,0,train
22437,22437,10,train
22438,22438,12,train
22439,22439,11,train
22440,22440,0,train
22441,22441,15,validation
22442,22442,8,train
22443,22443,7,train
22444,22444,2,train
22445,22445,6,train
22446,22446,3,train
22447,22447,1,train
22448,22448,3,train
22449,22449,13,train
22450,22450,15,validation
22451,22451,15,validation
22452,22452,5,train
22453,22453,9,train
22454,22454,17,test
22455,22455,16,validation
22456,22456,11,train
22457,22457,0,train
22458,22458,15,validation
22459,22459,18,test
22460,22460,2,train
22461,22461,3,train
22462,22462,1,train
22463,22463,7,train
22464,22464,0,train
22465,22465,8,train
22466,22466,18,test
22467,22467,17,test
22468,22468,19,test
22469,22469,1,train
22470,22470,15,validation
22471,22471,7,train
22472,22472,18,test
22473,22473,1,train
22474,22474,3,train
22475,22475,19,test
22476,22476,4,train
22477,22477,4,train
22478,22478,8,train
22479,22479,1,train
22480,22480,8,train
22481,22481,9,train
22482,22482,0,train
22483,22483,12,train
22484,22484,7,train
22485,22485,7,train
22486,22486,7,train
22487,22487,4,train
22488,22488,14,validation
22489,22489,3,train
22490,22490,17,test
22491,22491,12,train
22492,22492,5,train
22493,22493,0,train
22494,22494,10,train
22495,22495,3,train
22496,22496,5,train
22497,22497,4,train
22498,22498,2,train
22499,22499,18,test
22500,22500,9,train
22501,22501,8,train
22502,22502,7,train
22503,22503,14,validation
22504,22504,4,train
22505,22505,0,train
22506,22506,0,train
22507,22507,6,train
22508,22508,15,validation
22509,22509,17,test
22510,22510,0,train
22511,22511,11,train
22512,22512,17,test
22513,22513,16,validation
22514,22514,1,train
22515,22515,16,validation
22516,22516,13,train
22517,22517,17,test
22518,22518,12,train
22519,22519,18,test
22520,22520,0,train
22521,22521,1,train
22522,22522,16,validation
22523,22523,15,validation
22524,22524,4,train
22525,22525,3,train
22526,22526,6,train
22527,22527,13,train
22528,22528,7,train
22529,22529,0,train
22530,22530,9,train
22531,22531,4,train
22532,22532,0,train
22533,22533,16,validation
22534,22534,5,train
22535,22535,10,train
22536,22536,18,test
22537,22537,9,train
22538,22538,5,train
22539,22539,0,train
22540,22540,19,test
22541,22541,8,train
22542,22542,3,train
22543,22543,7,train
22544,22544,19,test
22545,22545,13,train
22546,22546,18,test
22547,22547,18,test
22548,22548,6,train
22549,22549,1,train
22550,22550,19,test
22551,22551,12,train
22552,22552,17,test
22553,22553,2,train
22554,22554,14,validation
22555,22555,7,train
22556,22556,1,train
22557,22557,7,train
22558,22558,18,test
22559,22559,10,train
22560,22560,10,train
22561,22561,5,train
22562,22562,16,validation
22563,22563,7,train
22564,22564,9,train
22565,22565,0,train
22566,22566,3,train
22567,22567,12,train
22568,22568,8,train
22569,22569,8,train
22570,22570,5,train
22571,22571,6,train
22572,22572,17,test
22573,22573,1,train
22574,22574,12,train
22575,22575,6,train
22576,22576,12,train
22577,22577,16,validation
22578,22578,0,train
22579,22579,11,train
22580,22580,5,train
22581,22581,15,validation
22582,22582,5,train
22583,22583,5,train
22584,22584,11,train
22585,22585,0,train
22586,22586,1,train
22587,22587,8,train
22588,22588,18,test
22589,22589,2,train
22590,22590,1,train
22591,22591,14,validation
22592,22592,17,test
22593,22593,6,train
22594,22594,8,train
22595,22595,11,train
22596,22596,10,train
22597,22597,0,train
22598,22598,3,train
22599,22599,7,train
22600,22600,6,train
22601,22601,2,train
22602,22602,9,train
22603,22603,8,train
22604,22604,10,train
22605,22605,3,train
22606,22606,5,train
22607,22607,2,train
22608,22608,6,train
22609,22609,5,train
22610,22610,1,train
22611,22611,1,train
22612,22612,13,train
22613,22613,12,train
22614,22614,0,train
22615,22615,8,train
22616,22616,15,validation
22617,22617,10,train
22618,22618,5,train
22619,22619,18,test
22620,22620,1,train
22621,22621,17,test
22622,22622,7,train
22623,22623,15,validation
22624,22624,18,test
22625,22625,19,test
22626,22626,14,validation
22627,22627,7,train
22628,22628,1,train
22629,22629,17,test
22630,22630,19,test
22631,22631,2,train
22632,22632,9,train
22633,22633,10,train
22634,22634,14,validation
22635,22635,9,train
22636,22636,3,train
22637,22637,19,test
22638,22638,12,train
22639,22639,19,test
22640,22640,9,train
22641,22641,10,train
22642,22642,8,train
22643,22643,7,train
22644,22644,16,validation
22645,22645,17,test
22646,22646,11,train
22647,22647,19,test
22648,22648,9,train
22649,22649,6,train
22650,22650,1,train
22651,22651,19,test
22652,22652,7,train
22653,22653,1,train
22654,22654,12,train
22655,22655,11,train
22656,22656,17,test
22657,22657,6,train
22658,22658,17,test
22659,22659,15,validation
22660,22660,15,validation
22661,22661,12,train
22662,22662,11,train
22663,22663,0,train
22664,22664,5,train
22665,22665,0,train
22666,22666,18,test
22667,22667,10,train
22668,22668,2,train
22669,22669,5,train
22670,22670,15,validation
22671,22671,16,validation
22672,22672,12,train
22673,22673,11,train
22674,22674,14,validation
22675,22675,12,train
22676,22676,5,train
22677,22677,5,train
22678,22678,16,validation
22679,22679,4,train
22680,22680,13,train
22681,22681,9,train
22682,22682,7,train
22683,22683,1,train
22684,22684,12,train
22685,22685,17,test
22686,22686,1,train
22687,22687,2,train
22688,22688,8,train
22689,22689,0,train
22690,22690,14,validation
22691,22691,13,train
22692,22692,18,test
22693,22693,16,validation
22694,22694,8,train
22695,22695,16,validation
22696,22696,18,test
22697,22697,1,train
22698,22698,9,train
22699,22699,15,validation
22700,22700,9,train
22701,22701,14,validation
22702,22702,6,train
22703,22703,7,train
22704,22704,3,train
22705,22705,5,train
22706,22706,0,train
22707,22707,1,train
22708,22708,10,train
22709,22709,10,train
22710,22710,3,train
22711,22711,3,train
22712,22712,0,train
22713,22713,10,train
22714,22714,1,train
22715,22715,8,train
22716,22716,4,train
22717,22717,1,train
22718,22718,7,train
22719,22719,14,validation
22720,22720,13,train
22721,22721,9,train
22722,22722,11,train
22723,22723,2,train
22724,22724,10,train
22725,22725,18,test
22726,22726,13,train
22727,22727,16,validation
22728,22728,10,train
22729,22729,11,train
22730,22730,6,train
22731,22731,10,train
22732,22732,3,train
22733,22733,13,train
22734,22734,19,test
22735,22735,15,validation
22736,22736,3,train
22737,22737,0,train
22738,22738,2,train
22739,22739,0,train
22740,22740,3,train
22741,22741,15,validation
22742,22742,16,validation
22743,22743,2,train
22744,22744,11,train
22745,22745,15,validation
22746,22746,10,train
22747,22747,9,train
22748,22748,12,train
22749,22749,6,train
22750,22750,18,test
22751,22751,8,train
22752,22752,5,train
22753,22753,3,train
22754,22754,8,train
22755,22755,18,test
22756,22756,9,train
22757,22757,18,test
22758,22758,2,train
22759,22759,19,test
22760,22760,11,train
22761,22761,10,train
22762,22762,17,test
22763,22763,14,validation
22764,22764,16,validation
22765,22765,5,train
22766,22766,4,train
22767,22767,13,train
22768,22768,1,train
22769,22769,3,train
22770,22770,14,validation
22771,22771,7,train
22772,22772,12,train
22773,22773,2,train
22774,22774,3,train
22775,22775,16,validation
22776,22776,3,train
22777,22777,17,test
22778,22778,15,validation
22779,22779,8,train
22780,22780,19,test
22781,22781,3,train
22782,22782,12,train
22783,22783,6,train
22784,22784,8,train
22785,22785,1,train
22786,22786,14,validation
22787,22787,10,train
22788,22788,13,train
22789,22789,6,train
22790,22790,15,validation
22791,22791,19,test
22792,22792,5,train
22793,22793,15,validation
22794,22794,12,train
22795,22795,13,train
22796,22796,6,train
22797,22797,4,train
22798,22798,0,train
22799,22799,1,train
22800,22800,4,train
22801,22801,4,train
22802,22802,5,train
22803,22803,3,train
22804,22804,2,train
22805,22805,18,test
22806,22806,4,train
22807,22807,6,train
22808,22808,1,train
22809,22809,1,train
22810,22810,5,train
22811,22811,0,train
22812,22812,4,train
22813,22813,5,train
22814,22814,15,validation
22815,22815,16,validation
22816,22816,2,train
22817,22817,4,train
22818,22818,8,train
22819,22819,7,train
22820,22820,1,train
22821,22821,4,train
22822,22822,4,train
22823,22823,17,test
22824,22824,10,train
22825,22825,13,train
22826,22826,11,train
22827,22827,13,train
22828,22828,17,test
22829,22829,13,train
22830,22830,0,train
22831,22831,17,test
22832,22832,8,train
22833,22833,7,train
22834,22834,8,train
22835,22835,17,test
22836,22836,6,train
22837,22837,15,validation
22838,22838,7,train
22839,22839,16,validation
22840,22840,10,train
22841,22841,10,train
22842,22842,6,train
22843,22843,1,train
22844,22844,9,train
22845,22845,16,validation
22846,22846,0,train
22847,22847,3,train
22848,22848,5,train
22849,22849,2,train
22850,22850,11,train
22851,22851,14,validation
22852,22852,19,test
22853,22853,19,test
22854,22854,18,test
22855,22855,15,validation
22856,22856,3,train
22857,22857,14,validation
22858,22858,3,train
22859,22859,18,test
22860,22860,13,train
22861,22861,16,validation
22862,22862,4,train
22863,22863,12,train
22864,22864,6,train
22865,22865,3,train
22866,22866,8,train
22867,22867,5,train
22868,22868,8,train
22869,22869,19,test
22870,22870,16,validation
22871,22871,8,train
22872,22872,9,train
22873,22873,14,validation
22874,22874,9,train
22875,22875,19,test
22876,22876,6,train
22877,22877,11,train
22878,22878,2,train
22879,22879,1,train
22880,22880,12,train
22881,22881,11,train
22882,22882,13,train
22883,22883,13,train
22884,22884,18,test
22885,22885,13,train
22886,22886,4,train
22887,22887,9,train
22888,22888,4,train
22889,22889,10,train
22890,22890,19,test
22891,22891,5,train
22892,22892,6,train
22893,22893,18,test
22894,22894,16,validation
22895,22895,6,train
22896,22896,17,test
22897,22897,7,train
22898,22898,19,test
22899,22899,0,train
22900,22900,5,train
22901,22901,2,train
22902,22902,8,train
22903,22903,15,validation
22904,22904,17,test
22905,22905,8,train
22906,22906,2,train
22907,22907,2,train
22908,22908,14,validation
22909,22909,14,validation
22910,22910,15,validation
22911,22911,6,train
22912,22912,14,validation
22913,22913,13,train
22914,22914,15,validation
22915,22915,12,train
22916,22916,14,validation
22917,22917,4,train
22918,22918,15,validation
22919,22919,17,test
22920,22920,19,test
22921,22921,10,train
22922,22922,0,train
22923,22923,12,train
22924,22924,0,train
22925,22925,4,train
22926,22926,15,validation
22927,22927,3,train
22928,22928,8,train
22929,22929,16,validation
22930,22930,2,train
22931,22931,2,train
22932,22932,19,test
22933,22933,10,train
22934,22934,19,test
22935,22935,1,train
22936,22936,14,validation
22937,22937,19,test
22938,22938,6,train
22939,22939,15,validation
22940,22940,13,train
22941,22941,6,train
22942,22942,10,train
22943,22943,13,train
22944,22944,3,train
22945,22945,16,validation
22946,22946,4,train
22947,22947,6,train
22948,22948,5,train
22949,22949,1,train
22950,22950,13,train
22951,22951,2,train
22952,22952,14,validation
22953,22953,5,train
22954,22954,1,train
22955,22955,8,train
22956,22956,15,validation
22957,22957,11,train
22958,22958,17,test
22959,22959,9,train
22960,22960,10,train
22961,22961,10,train
22962,22962,9,train
22963,22963,9,train
22964,22964,3,train
22965,22965,4,train
22966,22966,2,train
22967,22967,7,train
22968,22968,19,test
22969,22969,12,train
22970,22970,0,train
22971,22971,14,validation
22972,22972,2,train
22973,22973,11,train
22974,22974,12,train
22975,22975,5,train
22976,22976,10,train
22977,22977,12,train
22978,22978,17,test
22979,22979,13,train
22980,22980,2,train
22981,22981,6,train
22982,22982,13,train
22983,22983,14,validation
22984,22984,2,train
22985,22985,13,train
22986,22986,14,validation
22987,22987,0,train
22988,22988,14,validation
22989,22989,7,train
22990,22990,5,train
22991,22991,16,validation
22992,22992,13,train
22993,22993,14,validation
22994,22994,10,train
22995,22995,4,train
22996,22996,0,train
22997,22997,11,train
22998,22998,7,train
22999,22999,5,train
23000,23000,18,test
23001,23001,19,test
23002,23002,5,train
23003,23003,2,train
23004,23004,19,test
23005,23005,16,validation
23006,23006,1,train
23007,23007,6,train
23008,23008,1,train
23009,23009,11,train
23010,23010,7,train
23011,23011,1,train
23012,23012,0,train
23013,23013,7,train
23014,23014,5,train
23015,23015,7,train
23016,23016,1,train
23017,23017,18,test
23018,23018,14,validation
23019,23019,16,validation
23020,23020,7,train
23021,23021,15,validation
23022,23022,2,train
23023,23023,3,train
23024,23024,18,test
23025,23025,10,train
23026,23026,8,train
23027,23027,5,train
23028,23028,4,train
23029,23029,5,train
23030,23030,6,train
23031,23031,14,validation
23032,23032,12,train
23033,23033,3,train
23034,23034,11,train
23035,23035,3,train
23036,23036,3,train
23037,23037,12,train
23038,23038,7,train
23039,23039,8,train
23040,23040,13,train
23041,23041,0,train
23042,23042,1,train
23043,23043,15,validation
23044,23044,17,test
23045,23045,3,train
23046,23046,6,train
23047,23047,3,train
23048,23048,11,train
23049,23049,18,test
23050,23050,2,train
23051,23051,12,train
23052,23052,12,train
23053,23053,6,train
23054,23054,15,validation
23055,23055,19,test
23056,23056,1,train
23057,23057,16,validation
23058,23058,6,train
23059,23059,1,train
23060,23060,6,train
23061,23061,12,train
23062,23062,7,train
23063,23063,11,train
23064,23064,5,train
23065,23065,1,train
23066,23066,0,train
23067,23067,12,train
23068,23068,7,train
23069,23069,14,validation
23070,23070,15,validation
23071,23071,18,test
23072,23072,15,validation
23073,23073,3,train
23074,23074,10,train
23075,23075,18,test
23076,23076,5,train
23077,23077,2,train
23078,23078,19,test
23079,23079,0,train
23080,23080,11,train
23081,23081,5,train
23082,23082,17,test
23083,23083,8,train
23084,23084,13,train
23085,23085,4,train
23086,23086,9,train
23087,23087,18,test
23088,23088,17,test
23089,23089,12,train
23090,23090,6,train
23091,23091,13,train
23092,23092,17,test
23093,23093,11,train
23094,23094,10,train
23095,23095,17,test
23096,23096,8,train
23097,23097,6,train
23098,23098,15,validation
23099,23099,3,train
23100,23100,18,test
23101,23101,5,train
23102,23102,5,train
23103,23103,19,test
23104,23104,6,train
23105,23105,12,train
23106,23106,11,train
23107,23107,2,train
23108,23108,15,validation
23109,23109,18,test
23110,23110,4,train
23111,23111,18,test
23112,23112,4,train
23113,23113,17,test
23114,23114,1,train
23115,23115,0,train
23116,23116,9,train
23117,23117,1,train
23118,23118,11,train
23119,23119,8,train
23120,23120,11,train
23121,23121,5,train
23122,23122,13,train
23123,23123,18,test
23124,23124,10,train
23125,23125,17,test
23126,23126,3,train
23127,23127,13,train
23128,23128,11,train
23129,23129,6,train
23130,23130,13,train
23131,23131,5,train
23132,23132,6,train
23133,23133,6,train
23134,23134,10,train
23135,23135,17,test
23136,23136,3,train
23137,23137,12,train
23138,23138,13,train
23139,23139,6,train
23140,23140,6,train
23141,23141,17,test
23142,23142,1,train
23143,23143,12,train
23144,23144,8,train
23145,23145,10,train
23146,23146,15,validation
23147,23147,17,test
23148,23148,11,train
23149,23149,18,test
23150,23150,19,test
23151,23151,13,train
23152,23152,13,train
23153,23153,5,train
23154,23154,6,train
23155,23155,3,train
23156,23156,13,train
23157,23157,14,validation
23158,23158,18,test
23159,23159,19,test
23160,23160,2,train
23161,23161,16,validation
23162,23162,0,train
23163,23163,19,test
23164,23164,4,train
23165,23165,1,train
23166,23166,18,test
23167,23167,6,train
23168,23168,6,train
23169,23169,13,train
23170,23170,12,train
23171,23171,6,train
23172,23172,4,train
23173,23173,4,train
23174,23174,5,train
23175,23175,13,train
23176,23176,11,train
23177,23177,6,train
23178,23178,11,train
23179,23179,3,train
23180,23180,10,train
23181,23181,14,validation
23182,23182,3,train
23183,23183,2,train
23184,23184,6,train
23185,23185,16,validation
23186,23186,10,train
23187,23187,0,train
23188,23188,0,train
23189,23189,6,train
23190,23190,2,train
23191,23191,6,train
23192,23192,17,test
23193,23193,13,train
23194,23194,6,train
23195,23195,2,train
23196,23196,13,train
23197,23197,18,test
23198,23198,16,validation
23199,23199,12,train
23200,23200,9,train
23201,23201,14,validation
23202,23202,6,train
23203,23203,1,train
23204,23204,14,validation
23205,23205,12,train
23206,23206,1,train
23207,23207,0,train
23208,23208,19,test
23209,23209,7,train
23210,23210,9,train
23211,23211,12,train
23212,23212,0,train
23213,23213,4,train
23214,23214,11,train
23215,23215,14,validation
23216,23216,18,test
23217,23217,15,validation
23218,23218,6,train
23219,23219,11,train
23220,23220,12,train
23221,23221,15,validation
23222,23222,9,train
23223,23223,12,train
23224,23224,2,train
23225,23225,8,train
23226,23226,11,train
23227,23227,15,validation
23228,23228,9,train
23229,23229,2,train
23230,23230,1,train
23231,23231,9,train
23232,23232,1,train
23233,23233,9,train
23234,23234,5,train
23235,23235,7,train
23236,23236,14,validation
23237,23237,13,train
23238,23238,12,train
23239,23239,1,train
23240,23240,6,train
23241,23241,5,train
23242,23242,1,train
23243,23243,4,train
23244,23244,0,train
23245,23245,7,train
23246,23246,14,validation
23247,23247,14,validation
23248,23248,2,train
23249,23249,9,train
23250,23250,10,train
23251,23251,12,train
23252,23252,16,validation
23253,23253,18,test
23254,23254,6,train
23255,23255,5,train
23256,23256,6,train
23257,23257,16,validation
23258,23258,4,train
23259,23259,12,train
23260,23260,17,test
23261,23261,0,train
23262,23262,19,test
23263,23263,11,train
23264,23264,3,train
23265,23265,11,train
23266,23266,16,validation
23267,23267,18,test
23268,23268,12,train
23269,23269,8,train
23270,23270,15,validation
23271,23271,19,test
23272,23272,6,train
23273,23273,19,test
23274,23274,13,train
23275,23275,8,train
23276,23276,6,train
23277,23277,17,test
23278,23278,19,test
23279,23279,7,train
23280,23280,5,train
23281,23281,5,train
23282,23282,8,train
23283,23283,13,train
23284,23284,16,validation
23285,23285,6,train
23286,23286,8,train
23287,23287,17,test
23288,23288,12,train
23289,23289,0,train
23290,23290,3,train
23291,23291,2,train
23292,23292,14,validation
23293,23293,19,test
23294,23294,16,validation
23295,23295,6,train
23296,23296,9,train
23297,23297,1,train
23298,23298,2,train
23299,23299,18,test
23300,23300,15,validation
23301,23301,11,train
23302,23302,1,train
23303,23303,9,train
23304,23304,10,train
23305,23305,19,test
23306,23306,7,train
23307,23307,9,train
23308,23308,19,test
23309,23309,6,train
23310,23310,2,train
23311,23311,12,train
23312,23312,11,train
23313,23313,10,train
23314,23314,7,train
23315,23315,14,validation
23316,23316,2,train
23317,23317,10,train
23318,23318,5,train
23319,23319,17,test
23320,23320,8,train
23321,23321,13,train
23322,23322,19,test
23323,23323,13,train
23324,23324,5,train
23325,23325,17,test
23326,23326,1,train
23327,23327,18,test
23328,23328,6,train
23329,23329,13,train
23330,23330,17,test
23331,23331,19,test
23332,23332,7,train
23333,23333,10,train
23334,23334,13,train
23335,23335,9,train
23336,23336,17,test
23337,23337,19,test
23338,23338,1,train
23339,23339,11,train
23340,23340,15,validation
23341,23341,15,validation
23342,23342,8,train
23343,23343,15,validation
23344,23344,1,train
23345,23345,7,train
23346,23346,19,test
23347,23347,4,train
23348,23348,11,train
23349,23349,3,train
23350,23350,7,train
23351,23351,0,train
23352,23352,14,validation
23353,23353,12,train
23354,23354,0,train
23355,23355,15,validation
23356,23356,18,test
23357,23357,7,train
23358,23358,8,train
23359,23359,8,train
23360,23360,14,validation
23361,23361,19,test
23362,23362,17,test
23363,23363,2,train
23364,23364,8,train
23365,23365,10,train
23366,23366,11,train
23367,23367,5,train
23368,23368,15,validation
23369,23369,0,train
23370,23370,18,test
23371,23371,8,train
23372,23372,3,train
23373,23373,18,test
23374,23374,5,train
23375,23375,6,train
23376,23376,13,train
23377,23377,11,train
23378,23378,1,train
23379,23379,13,train
23380,23380,0,train
23381,23381,16,validation
23382,23382,16,validation
23383,23383,5,train
23384,23384,16,validation
23385,23385,5,train
23386,23386,0,train
23387,23387,11,train
23388,23388,18,test
23389,23389,9,train
23390,23390,19,test
23391,23391,12,train
23392,23392,3,train
23393,23393,3,train
23394,23394,8,train
23395,23395,2,train
23396,23396,17,test
23397,23397,1,train
23398,23398,7,train
23399,23399,0,train
23400,23400,8,train
23401,23401,4,train
23402,23402,2,train
23403,23403,15,validation
23404,23404,17,test
23405,23405,13,train
23406,23406,9,train
23407,23407,2,train
23408,23408,15,validation
23409,23409,9,train
23410,23410,18,test
23411,23411,16,validation
23412,23412,11,train
23413,23413,0,train
23414,23414,10,train
23415,23415,5,train
23416,23416,11,train
23417,23417,0,train
23418,23418,17,test
23419,23419,15,validation
23420,23420,8,train
23421,23421,15,validation
23422,23422,12,train
23423,23423,2,train
23424,23424,9,train
23425,23425,1,train
23426,23426,15,validation
23427,23427,13,train
23428,23428,0,train
23429,23429,4,train
23430,23430,14,validation
23431,23431,17,test
23432,23432,18,test
23433,23433,1,train
23434,23434,9,train
23435,23435,11,train
23436,23436,13,train
23437,23437,3,train
23438,23438,16,validation
23439,23439,16,validation
23440,23440,4,train
23441,23441,5,train
23442,23442,13,train
23443,23443,16,validation
23444,23444,15,validation
23445,23445,18,test
23446,23446,3,train
23447,23447,5,train
23448,23448,15,validation
23449,23449,0,train
23450,23450,14,validation
23451,23451,1,train
23452,23452,14,validation
23453,23453,4,train
23454,23454,13,train
23455,23455,4,train
23456,23456,4,train
23457,23457,4,train
23458,23458,11,train
23459,23459,8,train
23460,23460,4,train
23461,23461,7,train
23462,23462,5,train
23463,23463,4,train
23464,23464,10,train
23465,23465,17,test
23466,23466,19,test
23467,23467,13,train
23468,23468,2,train
23469,23469,10,train
23470,23470,10,train
23471,23471,7,train
23472,23472,8,train
23473,23473,3,train
23474,23474,12,train
23475,23475,13,train
23476,23476,11,train
23477,23477,2,train
23478,23478,19,test
23479,23479,8,train
23480,23480,13,train
23481,23481,4,train
23482,23482,4,train
23483,23483,3,train
23484,23484,10,train
23485,23485,1,train
23486,23486,9,train
23487,23487,19,test
23488,23488,18,test
23489,23489,6,train
23490,23490,4,train
23491,23491,19,test
23492,23492,14,validation
23493,23493,6,train
23494,23494,12,train
23495,23495,7,train
23496,23496,11,train
23497,23497,1,train
23498,23498,17,test
23499,23499,0,train
23500,23500,4,train
23501,23501,8,train
23502,23502,12,train
23503,23503,8,train
23504,23504,17,test
23505,23505,2,train
23506,23506,12,train
23507,23507,16,validation
23508,23508,16,validation
23509,23509,8,train
23510,23510,11,train
23511,23511,7,train
23512,23512,4,train
23513,23513,14,validation
23514,23514,10,train
23515,23515,14,validation
23516,23516,0,train
23517,23517,11,train
23518,23518,14,validation
23519,23519,8,train
23520,23520,8,train
23521,23521,18,test
23522,23522,6,train
23523,23523,2,train
23524,23524,7,train
23525,23525,15,validation
23526,23526,11,train
23527,23527,7,train
23528,23528,10,train
23529,23529,17,test
23530,23530,9,train
23531,23531,5,train
23532,23532,5,train
23533,23533,5,train
23534,23534,7,train
23535,23535,8,train
23536,23536,14,validation
23537,23537,7,train
23538,23538,10,train
23539,23539,14,validation
23540,23540,3,train
23541,23541,5,train
23542,23542,8,train
23543,23543,19,test
23544,23544,3,train
23545,23545,4,train
23546,23546,19,test
23547,23547,4,train
23548,23548,17,test
23549,23549,11,train
23550,23550,11,train
23551,23551,19,test
23552,23552,19,test
23553,23553,11,train
23554,23554,19,test
23555,23555,2,train
23556,23556,16,validation
23557,23557,0,train
23558,23558,8,train
23559,23559,2,train
23560,23560,12,train
23561,23561,17,test
23562,23562,13,train
23563,23563,14,validation
23564,23564,1,train
23565,23565,7,train
23566,23566,3,train
23567,23567,11,train
23568,23568,8,train
23569,23569,3,train
23570,23570,16,validation
23571,23571,4,train
23572,23572,12,train
23573,23573,3,train
23574,23574,11,train
23575,23575,0,train
23576,23576,2,train
23577,23577,17,test
23578,23578,12,train
23579,23579,6,train
23580,23580,11,train
23581,23581,10,train
23582,23582,12,train
23583,23583,12,train
23584,23584,7,train
23585,23585,17,test
23586,23586,10,train
23587,23587,4,train
23588,23588,2,train
23589,23589,13,train
23590,23590,10,train
23591,23591,4,train
23592,23592,1,train
23593,23593,11,train
23594,23594,11,train
23595,23595,17,test
23596,23596,12,train
23597,23597,6,train
23598,23598,0,train
23599,23599,3,train
23600,23600,18,test
23601,23601,10,train
23602,23602,13,train
23603,23603,15,validation
23604,23604,14,validation
23605,23605,1,train
23606,23606,1,train
23607,23607,10,train
23608,23608,11,train
23609,23609,1,train
23610,23610,13,train
23611,23611,11,train
23612,23612,0,train
23613,23613,2,train
23614,23614,16,validation
23615,23615,5,train
23616,23616,16,validation
23617,23617,15,validation
23618,23618,6,train
23619,23619,13,train
23620,23620,4,train
23621,23621,7,train
23622,23622,9,train
23623,23623,1,train
23624,23624,13,train
23625,23625,10,train
23626,23626,16,validation
23627,23627,3,train
23628,23628,4,train
23629,23629,16,validation
23630,23630,4,train
23631,23631,3,train
23632,23632,18,test
23633,23633,4,train
23634,23634,3,train
23635,23635,9,train
23636,23636,7,train
23637,23637,0,train
23638,23638,9,train
23639,23639,1,train
23640,23640,17,test
23641,23641,10,train
23642,23642,11,train
23643,23643,6,train
23644,23644,15,validation
23645,23645,9,train
23646,23646,7,train
23647,23647,7,train
23648,23648,18,test
23649,23649,13,train
23650,23650,19,test
23651,23651,15,validation
23652,23652,19,test
23653,23653,16,validation
23654,23654,5,train
23655,23655,14,validation
23656,23656,11,train
23657,23657,4,train
23658,23658,15,validation
23659,23659,13,train
23660,23660,3,train
23661,23661,16,validation
23662,23662,12,train
23663,23663,7,train
23664,23664,1,train
23665,23665,16,validation
23666,23666,14,validation
23667,23667,8,train
23668,23668,2,train
23669,23669,19,test
23670,23670,19,test
23671,23671,9,train
23672,23672,16,validation
23673,23673,16,validation
23674,23674,8,train
23675,23675,5,train
23676,23676,16,validation
23677,23677,10,train
23678,23678,4,train
23679,23679,7,train
23680,23680,0,train
23681,23681,16,validation
23682,23682,14,validation
23683,23683,12,train
23684,23684,6,train
23685,23685,7,train
23686,23686,4,train
23687,23687,0,train
23688,23688,1,train
23689,23689,2,train
23690,23690,6,train
23691,23691,14,validation
23692,23692,7,train
23693,23693,12,train
23694,23694,6,train
23695,23695,16,validation
23696,23696,18,test
23697,23697,8,train
23698,23698,16,validation
23699,23699,4,train
23700,23700,2,train
23701,23701,15,validation
23702,23702,16,validation
23703,23703,18,test
23704,23704,7,train
23705,23705,15,validation
23706,23706,5,train
23707,23707,16,validation
23708,23708,5,train
23709,23709,9,train
23710,23710,13,train
23711,23711,19,test
23712,23712,17,test
23713,23713,17,test
23714,23714,16,validation
23715,23715,1,train
23716,23716,15,validation
23717,23717,19,test
23718,23718,6,train
23719,23719,7,train
23720,23720,5,train
23721,23721,5,train
23722,23722,10,train
23723,23723,10,train
23724,23724,7,train
23725,23725,1,train
23726,23726,14,validation
23727,23727,9,train
23728,23728,12,train
23729,23729,5,train
23730,23730,13,train
23731,23731,5,train
23732,23732,9,train
23733,23733,9,train
23734,23734,4,train
23735,23735,18,test
23736,23736,9,train
23737,23737,16,validation
23738,23738,6,train
23739,23739,1,train
23740,23740,10,train
23741,23741,5,train
23742,23742,11,train
23743,23743,4,train
23744,23744,1,train
23745,23745,8,train
23746,23746,19,test
23747,23747,10,train
23748,23748,1,train
23749,23749,11,train
23750,23750,16,validation
23751,23751,6,train
23752,23752,9,train
23753,23753,2,train
23754,23754,15,validation
23755,23755,17,test
23756,23756,1,train
23757,23757,11,train
23758,23758,18,test
23759,23759,5,train
23760,23760,7,train
23761,23761,7,train
23762,23762,16,validation
23763,23763,0,train
23764,23764,12,train
23765,23765,16,validation
23766,23766,9,train
23767,23767,0,train
23768,23768,1,train
23769,23769,13,train
23770,23770,14,validation
23771,23771,16,validation
23772,23772,7,train
23773,23773,15,validation
23774,23774,0,train
23775,23775,15,validation
23776,23776,0,train
23777,23777,11,train
23778,23778,16,validation
23779,23779,5,train
23780,23780,11,train
23781,23781,2,train
23782,23782,7,train
23783,23783,2,train
23784,23784,18,test
23785,23785,18,test
23786,23786,2,train
23787,23787,3,train
23788,23788,4,train
23789,23789,10,train
23790,23790,9,train
23791,23791,3,train
23792,23792,9,train
23793,23793,2,train
23794,23794,15,validation
23795,23795,17,test
23796,23796,10,train
23797,23797,6,train
23798,23798,7,train
23799,23799,7,train
23800,23800,6,train
23801,23801,7,train
23802,23802,17,test
23803,23803,3,train
23804,23804,4,train
23805,23805,13,train
23806,23806,13,train
23807,23807,2,train
23808,23808,15,validation
23809,23809,17,test
23810,23810,1,train
23811,23811,9,train
23812,23812,10,train
23813,23813,16,validation
23814,23814,5,train
23815,23815,10,train
23816,23816,3,train
23817,23817,0,train
23818,23818,9,train
23819,23819,4,train
23820,23820,0,train
23821,23821,16,validation
23822,23822,10,train
23823,23823,0,train
23824,23824,6,train
23825,23825,17,test
23826,23826,12,train
23827,23827,8,train
23828,23828,8,train
23829,23829,9,train
23830,23830,2,train
23831,23831,3,train
23832,23832,5,train
23833,23833,4,train
23834,23834,16,validation
23835,23835,3,train
23836,23836,18,test
23837,23837,10,train
23838,23838,18,test
23839,23839,10,train
23840,23840,12,train
23841,23841,8,train
23842,23842,13,train
23843,23843,10,train
23844,23844,5,train
23845,23845,4,train
23846,23846,13,train
23847,23847,3,train
23848,23848,11,train
23849,23849,13,train
23850,23850,9,train
23851,23851,15,validation
23852,23852,13,train
23853,23853,11,train
23854,23854,3,train
23855,23855,0,train
23856,23856,15,validation
23857,23857,6,train
23858,23858,6,train
23859,23859,18,test
23860,23860,9,train
23861,23861,4,train
23862,23862,2,train
23863,23863,8,train
23864,23864,9,train
23865,23865,8,train
23866,23866,9,train
23867,23867,1,train
23868,23868,11,train
23869,23869,14,validation
23870,23870,0,train
23871,23871,19,test
23872,23872,16,validation
23873,23873,16,validation
23874,23874,3,train
23875,23875,17,test
23876,23876,0,train
23877,23877,9,train
23878,23878,10,train
23879,23879,7,train
23880,23880,14,validation
23881,23881,7,train
23882,23882,14,validation
23883,23883,0,train
23884,23884,13,train
23885,23885,1,train
23886,23886,12,train
23887,23887,15,validation
23888,23888,0,train
23889,23889,14,validation
23890,23890,9,train
23891,23891,14,validation
23892,23892,4,train
23893,23893,1,train
23894,23894,14,validation
23895,23895,6,train
23896,23896,15,validation
23897,23897,17,test
23898,23898,19,test
23899,23899,8,train
23900,23900,19,test
23901,23901,9,train
23902,23902,5,train
23903,23903,4,train
23904,23904,8,train
23905,23905,18,test
23906,23906,4,train
23907,23907,7,train
23908,23908,5,train
23909,23909,3,train
23910,23910,14,validation
23911,23911,16,validation
23912,23912,0,train
23913,23913,6,train
23914,23914,1,train
23915,23915,12,train
23916,23916,13,train
23917,23917,9,train
23918,23918,15,validation
23919,23919,14,validation
23920,23920,12,train
23921,23921,10,train
23922,23922,6,train
23923,23923,14,validation
23924,23924,13,train
23925,23925,2,train
23926,23926,8,train
23927,23927,19,test
23928,23928,8,train
23929,23929,4,train
23930,23930,3,train
23931,23931,4,train
23932,23932,1,train
23933,23933,19,test
23934,23934,7,train
23935,23935,9,train
23936,23936,11,train
23937,23937,0,train
23938,23938,9,train
23939,23939,7,train
23940,23940,14,validation
23941,23941,4,train
23942,23942,0,train
23943,23943,1,train
23944,23944,16,validation
23945,23945,2,train
23946,23946,7,train
23947,23947,17,test
23948,23948,14,validation
23949,23949,3,train
23950,23950,2,train
23951,23951,17,test
23952,23952,18,test
23953,23953,0,train
23954,23954,7,train
23955,23955,9,train
23956,23956,3,train
23957,23957,15,validation
23958,23958,16,validation
23959,23959,7,train
23960,23960,6,train
23961,23961,14,validation
23962,23962,2,train
23963,23963,5,train
23964,23964,2,train
23965,23965,10,train
23966,23966,10,train
23967,23967,12,train
23968,23968,14,validation
23969,23969,3,train
23970,23970,19,test
23971,23971,16,validation
23972,23972,17,test
23973,23973,13,train
23974,23974,3,train
23975,23975,4,train
23976,23976,11,train
23977,23977,0,train
23978,23978,17,test
23979,23979,3,train
23980,23980,18,test
23981,23981,7,train
23982,23982,14,validation
23983,23983,2,train
23984,23984,14,validation
23985,23985,11,train
23986,23986,12,train
23987,23987,13,train
23988,23988,5,train
23989,23989,11,train
23990,23990,14,validation
23991,23991,2,train
23992,23992,14,validation
23993,23993,17,test
23994,23994,15,validation
23995,23995,13,train
23996,23996,5,train
23997,23997,9,train
23998,23998,3,train
23999,23999,0,train
24000,24000,10,train
24001,24001,0,train
24002,24002,16,validation
24003,24003,0,train
24004,24004,17,test
24005,24005,7,train
24006,24006,5,train
24007,24007,16,validation
24008,24008,4,train
24009,24009,12,train
24010,24010,16,validation
24011,24011,2,train
24012,24012,19,test
24013,24013,0,train
24014,24014,8,train
24015,24015,1,train
24016,24016,17,test
24017,24017,2,train
24018,24018,14,validation
24019,24019,7,train
24020,24020,4,train
24021,24021,0,train
24022,24022,16,validation
24023,24023,1,train
24024,24024,10,train
24025,24025,15,validation
24026,24026,19,test
24027,24027,9,train
24028,24028,18,test
24029,24029,19,test
24030,24030,16,validation
24031,24031,15,validation
24032,24032,15,validation
24033,24033,12,train
24034,24034,5,train
24035,24035,0,train
24036,24036,15,validation
24037,24037,13,train
24038,24038,2,train
24039,24039,16,validation
24040,24040,0,train
24041,24041,15,validation
24042,24042,10,train
24043,24043,12,train
24044,24044,18,test
24045,24045,13,train
24046,24046,0,train
24047,24047,4,train
24048,24048,13,train
24049,24049,4,train
24050,24050,6,train
24051,24051,8,train
24052,24052,14,validation
24053,24053,11,train
24054,24054,2,train
24055,24055,17,test
24056,24056,10,train
24057,24057,9,train
24058,24058,13,train
24059,24059,7,train
24060,24060,9,train
24061,24061,13,train
24062,24062,13,train
24063,24063,17,test
24064,24064,7,train
24065,24065,7,train
24066,24066,6,train
24067,24067,5,train
24068,24068,10,train
24069,24069,11,train
24070,24070,3,train
24071,24071,15,validation
24072,24072,18,test
24073,24073,13,train
24074,24074,7,train
24075,24075,18,test
24076,24076,3,train
24077,24077,18,test
24078,24078,14,validation
24079,24079,14,validation
24080,24080,17,test
24081,24081,18,test
24082,24082,19,test
24083,24083,0,train
24084,24084,2,train
24085,24085,6,train
24086,24086,14,validation
24087,24087,15,validation
24088,24088,16,validation
24089,24089,8,train
24090,24090,19,test
24091,24091,14,validation
24092,24092,19,test
24093,24093,12,train
24094,24094,10,train
24095,24095,9,train
24096,24096,13,train
24097,24097,18,test
24098,24098,18,test
24099,24099,8,train
24100,24100,10,train
24101,24101,19,test
24102,24102,12,train
24103,24103,13,train
24104,24104,0,train
24105,24105,8,train
24106,24106,19,test
24107,24107,12,train
24108,24108,9,train
24109,24109,13,train
24110,24110,9,train
24111,24111,0,train
24112,24112,4,train
24113,24113,13,train
24114,24114,6,train
24115,24115,2,train
24116,24116,12,train
24117,24117,0,train
24118,24118,17,test
24119,24119,0,train
24120,24120,15,validation
24121,24121,15,validation
24122,24122,3,train
24123,24123,10,train
24124,24124,7,train
24125,24125,11,train
24126,24126,5,train
24127,24127,19,test
24128,24128,19,test
24129,24129,7,train
24130,24130,17,test
24131,24131,5,train
24132,24132,9,train
24133,24133,4,train
24134,24134,6,train
24135,24135,10,train
24136,24136,9,train
24137,24137,11,train
24138,24138,7,train
24139,24139,1,train
24140,24140,18,test
24141,24141,12,train
24142,24142,19,test
24143,24143,12,train
24144,24144,16,validation
24145,24145,14,validation
24146,24146,15,validation
24147,24147,1,train
24148,24148,8,train
24149,24149,9,train
24150,24150,11,train
24151,24151,17,test
24152,24152,9,train
24153,24153,0,train
24154,24154,0,train
24155,24155,10,train
24156,24156,17,test
24157,24157,1,train
24158,24158,10,train
24159,24159,12,train
24160,24160,3,train
24161,24161,3,train
24162,24162,8,train
24163,24163,14,validation
24164,24164,14,validation
24165,24165,9,train
24166,24166,4,train
24167,24167,17,test
24168,24168,2,train
24169,24169,14,validation
24170,24170,8,train
24171,24171,13,train
24172,24172,4,train
24173,24173,19,test
24174,24174,13,train
24175,24175,4,train
24176,24176,0,train
24177,24177,4,train
24178,24178,12,train
24179,24179,15,validation
24180,24180,6,train
24181,24181,0,train
24182,24182,13,train
24183,24183,14,validation
24184,24184,16,validation
24185,24185,17,test
24186,24186,18,test
24187,24187,6,train
24188,24188,3,train
24189,24189,7,train
24190,24190,4,train
24191,24191,15,validation
24192,24192,14,validation
24193,24193,1,train
24194,24194,9,train
24195,24195,17,test
24196,24196,6,train
24197,24197,18,test
24198,24198,4,train
24199,24199,3,train
24200,24200,14,validation
24201,24201,16,validation
24202,24202,19,test
24203,24203,6,train
24204,24204,17,test
24205,24205,14,validation
24206,24206,9,train
24207,24207,0,train
24208,24208,15,validation
24209,24209,6,train
24210,24210,11,train
24211,24211,17,test
24212,24212,17,test
24213,24213,11,train
24214,24214,6,train
24215,24215,19,test
24216,24216,18,test
24217,24217,10,train
24218,24218,1,train
24219,24219,7,train
24220,24220,10,train
24221,24221,19,test
24222,24222,19,test
24223,24223,7,train
24224,24224,18,test
24225,24225,4,train
24226,24226,11,train
24227,24227,12,train
24228,24228,5,train
24229,24229,12,train
24230,24230,1,train
24231,24231,10,train
24232,24232,0,train
24233,24233,2,train
24234,24234,10,train
24235,24235,16,validation
24236,24236,4,train
24237,24237,12,train
24238,24238,14,validation
24239,24239,13,train
24240,24240,16,validation
24241,24241,0,train
24242,24242,10,train
24243,24243,3,train
24244,24244,5,train
24245,24245,17,test
24246,24246,3,train
24247,24247,6,train
24248,24248,8,train
24249,24249,2,train
24250,24250,17,test
24251,24251,4,train
24252,24252,0,train
24253,24253,4,train
24254,24254,15,validation
24255,24255,10,train
24256,24256,1,train
24257,24257,0,train
24258,24258,0,train
24259,24259,13,train
24260,24260,11,train
24261,24261,9,train
24262,24262,14,validation
24263,24263,17,test
24264,24264,14,validation
24265,24265,7,train
24266,24266,17,test
24267,24267,8,train
24268,24268,3,train
24269,24269,8,train
24270,24270,16,validation
24271,24271,2,train
24272,24272,15,validation
24273,24273,19,test
24274,24274,15,validation
24275,24275,12,train
24276,24276,11,train
24277,24277,9,train
24278,24278,4,train
24279,24279,14,validation
24280,24280,6,train
24281,24281,19,test
24282,24282,0,train
24283,24283,3,train
24284,24284,8,train
24285,24285,0,train
24286,24286,2,train
24287,24287,10,train
24288,24288,3,train
24289,24289,11,train
24290,24290,17,test
24291,24291,10,train
24292,24292,1,train
24293,24293,1,train
24294,24294,4,train
24295,24295,15,validation
24296,24296,4,train
24297,24297,4,train
24298,24298,9,train
24299,24299,18,test
24300,24300,7,train
24301,24301,9,train
24302,24302,19,test
24303,24303,11,train
24304,24304,14,validation
24305,24305,5,train
24306,24306,7,train
24307,24307,1,train
24308,24308,10,train
24309,24309,0,train
24310,24310,13,train
24311,24311,5,train
24312,24312,5,train
24313,24313,0,train
24314,24314,15,validation
24315,24315,16,validation
24316,24316,19,test
24317,24317,18,test
24318,24318,18,test
24319,24319,8,train
24320,24320,5,train
24321,24321,18,test
24322,24322,18,test
24323,24323,5,train
24324,24324,1,train
24325,24325,13,train
24326,24326,18,test
24327,24327,2,train
24328,24328,7,train
24329,24329,18,test
24330,24330,10,train
24331,24331,13,train
24332,24332,8,train
24333,24333,12,train
24334,24334,11,train
24335,24335,6,train
24336,24336,9,train
24337,24337,3,train
24338,24338,13,train
24339,24339,10,train
24340,24340,17,test
24341,24341,9,train
24342,24342,14,validation
24343,24343,1,train
24344,24344,8,train
24345,24345,5,train
24346,24346,18,test
24347,24347,5,train
24348,24348,10,train
24349,24349,18,test
24350,24350,6,train
24351,24351,10,train
24352,24352,15,validation
24353,24353,14,validation
24354,24354,2,train
24355,24355,12,train
24356,24356,15,validation
24357,24357,18,test
24358,24358,10,train
24359,24359,14,validation
24360,24360,12,train
24361,24361,2,train
24362,24362,18,test
24363,24363,17,test
24364,24364,9,train
24365,24365,16,validation
24366,24366,0,train
24367,24367,9,train
24368,24368,9,train
24369,24369,16,validation
24370,24370,5,train
24371,24371,5,train
24372,24372,14,validation
24373,24373,10,train
24374,24374,0,train
24375,24375,0,train
24376,24376,5,train
24377,24377,9,train
24378,24378,17,test
24379,24379,4,train
24380,24380,18,test
24381,24381,1,train
24382,24382,19,test
24383,24383,5,train
24384,24384,8,train
24385,24385,12,train
24386,24386,16,validation
24387,24387,18,test
24388,24388,14,validation
24389,24389,5,train
24390,24390,16,validation
24391,24391,2,train
24392,24392,11,train
24393,24393,10,train
24394,24394,16,validation
24395,24395,12,train
24396,24396,3,train
24397,24397,0,train
24398,24398,17,test
24399,24399,1,train
24400,24400,3,train
24401,24401,17,test
24402,24402,19,test
24403,24403,10,train
24404,24404,2,train
24405,24405,0,train
24406,24406,3,train
24407,24407,14,validation
24408,24408,6,train
24409,24409,2,train
24410,24410,8,train
24411,24411,17,test
24412,24412,7,train
24413,24413,12,train
24414,24414,3,train
24415,24415,15,validation
24416,24416,15,validation
24417,24417,18,test
24418,24418,18,test
24419,24419,19,test
24420,24420,14,validation
24421,24421,15,validation
24422,24422,11,train
24423,24423,8,train
24424,24424,6,train
24425,24425,6,train
24426,24426,10,train
24427,24427,15,validation
24428,24428,8,train
24429,24429,13,train
24430,24430,19,test
24431,24431,11,train
24432,24432,13,train
24433,24433,12,train
24434,24434,1,train
24435,24435,18,test
24436,24436,14,validation
24437,24437,16,validation
24438,24438,9,train
24439,24439,4,train
24440,24440,9,train
24441,24441,13,train
24442,24442,11,train
24443,24443,5,train
24444,24444,14,validation
24445,24445,10,train
24446,24446,1,train
24447,24447,2,train
24448,24448,3,train
24449,24449,15,validation
24450,24450,18,test
24451,24451,14,validation
24452,24452,10,train
24453,24453,12,train
24454,24454,0,train
24455,24455,18,test
24456,24456,19,test
24457,24457,17,test
24458,24458,18,test
24459,24459,15,validation
24460,24460,14,validation
24461,24461,19,test
24462,24462,15,validation
24463,24463,3,train
24464,24464,16,validation
24465,24465,5,train
24466,24466,0,train
24467,24467,3,train
24468,24468,8,train
24469,24469,14,validation
24470,24470,13,train
24471,24471,18,test
24472,24472,12,train
24473,24473,4,train
24474,24474,1,train
24475,24475,1,train
24476,24476,19,test
24477,24477,17,test
24478,24478,5,train
24479,24479,11,train
24480,24480,15,validation
24481,24481,16,validation
24482,24482,13,train
24483,24483,1,train
24484,24484,19,test
24485,24485,4,train
24486,24486,16,validation
24487,24487,3,train
24488,24488,7,train
24489,24489,16,validation
24490,24490,2,train
24491,24491,17,test
24492,24492,4,train
24493,24493,0,train
24494,24494,2,train
24495,24495,11,train
24496,24496,8,train
24497,24497,7,train
24498,24498,5,train
24499,24499,8,train
24500,24500,14,validation
24501,24501,17,test
24502,24502,14,validation
24503,24503,13,train
24504,24504,13,train
24505,24505,16,validation
24506,24506,19,test
24507,24507,8,train
24508,24508,7,train
24509,24509,5,train
24510,24510,11,train
24511,24511,19,test
24512,24512,14,validation
24513,24513,13,train
24514,24514,8,train
24515,24515,19,test
24516,24516,6,train
24517,24517,12,train
24518,24518,15,validation
24519,24519,4,train
24520,24520,18,test
24521,24521,12,train
24522,24522,5,train
24523,24523,6,train
24524,24524,8,train
24525,24525,5,train
24526,24526,3,train
24527,24527,0,train
24528,24528,6,train
24529,24529,5,train
24530,24530,14,validation
24531,24531,14,validation
24532,24532,4,train
24533,24533,11,train
24534,24534,16,validation
24535,24535,18,test
24536,24536,11,train
24537,24537,15,validation
24538,24538,14,validation
24539,24539,17,test
24540,24540,8,train
24541,24541,4,train
24542,24542,9,train
24543,24543,3,train
24544,24544,2,train
24545,24545,15,validation
24546,24546,16,validation
24547,24547,4,train
24548,24548,0,train
24549,24549,16,validation
24550,24550,19,test
24551,24551,18,test
24552,24552,11,train
24553,24553,7,train
24554,24554,7,train
24555,24555,18,test
24556,24556,13,train
24557,24557,14,validation
24558,24558,19,test
24559,24559,17,test
24560,24560,0,train
24561,24561,8,train
24562,24562,18,test
24563,24563,7,train
24564,24564,14,validation
24565,24565,11,train
24566,24566,3,train
24567,24567,14,validation
24568,24568,15,validation
24569,24569,0,train
24570,24570,13,train
24571,24571,18,test
24572,24572,16,validation
24573,24573,12,train
24574,24574,16,validation
24575,24575,3,train
24576,24576,4,train
24577,24577,4,train
24578,24578,9,train
24579,24579,4,train
24580,24580,5,train
24581,24581,1,train
24582,24582,8,train
24583,24583,11,train
24584,24584,6,train
24585,24585,12,train
24586,24586,13,train
24587,24587,18,test
24588,24588,14,validation
24589,24589,16,validation
24590,24590,17,test
24591,24591,18,test
24592,24592,13,train
24593,24593,1,train
24594,24594,10,train
24595,24595,8,train
24596,24596,1,train
24597,24597,8,train
24598,24598,19,test
24599,24599,13,train
24600,24600,19,test
24601,24601,19,test
24602,24602,17,test
24603,24603,0,train
24604,24604,2,train
24605,24605,7,train
24606,24606,19,test
24607,24607,16,validation
24608,24608,3,train
24609,24609,5,train
24610,24610,9,train
24611,24611,10,train
24612,24612,8,train
24613,24613,6,train
24614,24614,1,train
24615,24615,8,train
24616,24616,6,train
24617,24617,16,validation
24618,24618,1,train
24619,24619,3,train
24620,24620,0,train
24621,24621,1,train
24622,24622,16,validation
24623,24623,15,validation
24624,24624,6,train
24625,24625,2,train
24626,24626,18,test
24627,24627,2,train
24628,24628,12,train
24629,24629,12,train
24630,24630,19,test
24631,24631,11,train
24632,24632,18,test
24633,24633,7,train
24634,24634,4,train
24635,24635,18,test
24636,24636,5,train
24637,24637,12,train
24638,24638,19,test
24639,24639,5,train
24640,24640,6,train
24641,24641,15,validation
24642,24642,4,train
24643,24643,10,train
24644,24644,14,validation
24645,24645,11,train
24646,24646,1,train
24647,24647,7,train
24648,24648,3,train
24649,24649,18,test
24650,24650,15,validation
24651,24651,17,test
24652,24652,0,train
24653,24653,12,train
24654,24654,2,train
24655,24655,18,test
24656,24656,5,train
24657,24657,11,train
24658,24658,16,validation
24659,24659,12,train
24660,24660,8,train
24661,24661,12,train
24662,24662,6,train
24663,24663,12,train
24664,24664,5,train
24665,24665,7,train
24666,24666,5,train
24667,24667,12,train
24668,24668,1,train
24669,24669,6,train
24670,24670,12,train
24671,24671,12,train
24672,24672,12,train
24673,24673,7,train
24674,24674,2,train
24675,24675,13,train
24676,24676,19,test
24677,24677,5,train
24678,24678,3,train
24679,24679,19,test
24680,24680,0,train
24681,24681,3,train
24682,24682,18,test
24683,24683,10,train
24684,24684,18,test
24685,24685,16,validation
24686,24686,18,test
24687,24687,1,train
24688,24688,13,train
24689,24689,7,train
24690,24690,15,validation
24691,24691,13,train
24692,24692,12,train
24693,24693,3,train
24694,24694,5,train
24695,24695,19,test
24696,24696,13,train
24697,24697,9,train
24698,24698,6,train
24699,24699,19,test
24700,24700,6,train
24701,24701,6,train
24702,24702,14,validation
24703,24703,14,validation
24704,24704,17,test
24705,24705,6,train
24706,24706,8,train
24707,24707,10,train
24708,24708,2,train
24709,24709,11,train
24710,24710,5,train
24711,24711,12,train
24712,24712,16,validation
24713,24713,14,validation
24714,24714,8,train
24715,24715,18,test
24716,24716,19,test
24717,24717,5,train
24718,24718,14,validation
24719,24719,19,test
24720,24720,17,test
24721,24721,14,validation
24722,24722,1,train
24723,24723,1,train
24724,24724,12,train
24725,24725,14,validation
24726,24726,11,train
24727,24727,2,train
24728,24728,5,train
24729,24729,3,train
24730,24730,15,validation
24731,24731,3,train
24732,24732,16,validation
24733,24733,4,train
24734,24734,4,train
24735,24735,10,train
24736,24736,14,validation
24737,24737,19,test
24738,24738,3,train
24739,24739,9,train
24740,24740,4,train
24741,24741,13,train
24742,24742,4,train
24743,24743,11,train
24744,24744,3,train
24745,24745,9,train
24746,24746,10,train
24747,24747,4,train
24748,24748,5,train
24749,24749,1,train
24750,24750,15,validation
24751,24751,11,train
24752,24752,16,validation
24753,24753,5,train
24754,24754,16,validation
24755,24755,6,train
24756,24756,17,test
24757,24757,2,train
24758,24758,10,train
24759,24759,7,train
24760,24760,18,test
24761,24761,18,test
24762,24762,9,train
24763,24763,10,train
24764,24764,4,train
24765,24765,13,train
24766,24766,19,test
24767,24767,7,train
24768,24768,16,validation
24769,24769,18,test
24770,24770,4,train
24771,24771,7,train
24772,24772,9,train
24773,24773,6,train
24774,24774,12,train
24775,24775,9,train
24776,24776,8,train
24777,24777,14,validation
24778,24778,8,train
24779,24779,18,test
24780,24780,17,test
24781,24781,7,train
24782,24782,12,train
24783,24783,4,train
24784,24784,14,validation
24785,24785,6,train
24786,24786,17,test
24787,24787,14,validation
24788,24788,9,train
24789,24789,6,train
24790,24790,18,test
24791,24791,8,train
24792,24792,6,train
24793,24793,12,train
24794,24794,14,validation
24795,24795,7,train
24796,24796,1,train
24797,24797,9,train
24798,24798,6,train
24799,24799,18,test
24800,24800,1,train
24801,24801,3,train
24802,24802,8,train
24803,24803,5,train
24804,24804,4,train
24805,24805,8,train
24806,24806,0,train
24807,24807,2,train
24808,24808,9,train
24809,24809,12,train
24810,24810,3,train
24811,24811,9,train
24812,24812,2,train
24813,24813,14,validation
24814,24814,7,train
24815,24815,16,validation
24816,24816,19,test
24817,24817,9,train
24818,24818,5,train
24819,24819,0,train
24820,24820,9,train
24821,24821,8,train
24822,24822,6,train
24823,24823,12,train
24824,24824,13,train
24825,24825,10,train
24826,24826,19,test
24827,24827,16,validation
24828,24828,8,train
24829,24829,14,validation
24830,24830,9,train
24831,24831,12,train
24832,24832,6,train
24833,24833,13,train
24834,24834,12,train
24835,24835,19,test
24836,24836,1,train
24837,24837,5,train
24838,24838,1,train
24839,24839,19,test
24840,24840,16,validation
24841,24841,8,train
24842,24842,6,train
24843,24843,9,train
24844,24844,19,test
24845,24845,18,test
24846,24846,13,train
24847,24847,11,train
24848,24848,15,validation
24849,24849,19,test
24850,24850,18,test
24851,24851,6,train
24852,24852,10,train
24853,24853,15,validation
24854,24854,17,test
24855,24855,7,train
24856,24856,13,train
24857,24857,13,train
24858,24858,16,validation
24859,24859,16,validation
24860,24860,15,validation
24861,24861,13,train
24862,24862,12,train
24863,24863,10,train
24864,24864,3,train
24865,24865,3,train
24866,24866,7,train
24867,24867,13,train
24868,24868,18,test
24869,24869,1,train
24870,24870,9,train
24871,24871,14,validation
24872,24872,17,test
24873,24873,6,train
24874,24874,2,train
24875,24875,18,test
24876,24876,17,test
24877,24877,16,validation
24878,24878,9,train
24879,24879,15,validation
24880,24880,6,train
24881,24881,3,train
24882,24882,17,test
24883,24883,4,train
24884,24884,14,validation
24885,24885,15,validation
24886,24886,14,validation
24887,24887,16,validation
24888,24888,18,test
24889,24889,3,train
24890,24890,4,train
24891,24891,5,train
24892,24892,5,train
24893,24893,1,train
24894,24894,14,validation
24895,24895,15,validation
24896,24896,1,train
24897,24897,8,train
24898,24898,3,train
24899,24899,0,train
24900,24900,9,train
24901,24901,7,train
24902,24902,19,test
24903,24903,9,train
24904,24904,12,train
24905,24905,13,train
24906,24906,10,train
24907,24907,14,validation
24908,24908,14,validation
24909,24909,18,test
24910,24910,3,train
24911,24911,15,validation
24912,24912,1,train
24913,24913,16,validation
24914,24914,9,train
24915,24915,7,train
24916,24916,0,train
24917,24917,3,train
24918,24918,0,train
24919,24919,15,validation
24920,24920,14,validation
24921,24921,0,train
24922,24922,6,train
24923,24923,8,train
24924,24924,7,train
24925,24925,11,train
24926,24926,17,test
24927,24927,18,test
24928,24928,1,train
24929,24929,5,train
24930,24930,12,train
24931,24931,19,test
24932,24932,8,train
24933,24933,17,test
24934,24934,1,train
24935,24935,17,test
24936,24936,15,validation
24937,24937,12,train
24938,24938,10,train
24939,24939,4,train
24940,24940,10,train
24941,24941,17,test
24942,24942,11,train
24943,24943,4,train
24944,24944,18,test
24945,24945,9,train
24946,24946,19,test
24947,24947,4,train
24948,24948,13,train
24949,24949,9,train
24950,24950,19,test
24951,24951,7,train
24952,24952,0,train
24953,24953,11,train
24954,24954,14,validation
24955,24955,8,train
24956,24956,12,train
24957,24957,17,test
24958,24958,18,test
24959,24959,1,train
24960,24960,3,train
24961,24961,6,train
24962,24962,13,train
24963,24963,6,train
24964,24964,14,validation
24965,24965,7,train
24966,24966,5,train
24967,24967,4,train
24968,24968,1,train
24969,24969,5,train
24970,24970,16,validation
24971,24971,11,train
24972,24972,7,train
24973,24973,2,train
24974,24974,7,train
24975,24975,11,train
24976,24976,4,train
24977,24977,0,train
24978,24978,8,train
24979,24979,2,train
24980,24980,0,train
24981,24981,6,train
24982,24982,5,train
24983,24983,7,train
24984,24984,11,train
24985,24985,8,train
24986,24986,3,train
24987,24987,1,train
24988,24988,0,train
24989,24989,6,train
24990,24990,7,train
24991,24991,9,train
24992,24992,15,validation
24993,24993,17,test
24994,24994,2,train
24995,24995,13,train
24996,24996,5,train
24997,24997,4,train
24998,24998,7,train
24999,24999,1,train
25000,25000,5,train
25001,25001,12,train
25002,25002,13,train
25003,25003,3,train
25004,25004,7,train
25005,25005,2,train
25006,25006,18,test
25007,25007,0,train
25008,25008,9,train
25009,25009,15,validation
25010,25010,19,test
25011,25011,13,train
25012,25012,15,validation
25013,25013,10,train
25014,25014,10,train
25015,25015,8,train
25016,25016,8,train
25017,25017,15,validation
25018,25018,5,train
25019,25019,16,validation
25020,25020,4,train
25021,25021,4,train
25022,25022,10,train
25023,25023,5,train
25024,25024,17,test
25025,25025,9,train
25026,25026,2,train
25027,25027,14,validation
25028,25028,8,train
25029,25029,9,train
25030,25030,15,validation
25031,25031,19,test
25032,25032,8,train
25033,25033,16,validation
25034,25034,0,train
25035,25035,18,test
25036,25036,11,train
25037,25037,18,test
25038,25038,1,train
25039,25039,18,test
25040,25040,5,train
25041,25041,12,train
25042,25042,2,train
25043,25043,0,train
25044,25044,11,train
25045,25045,14,validation
25046,25046,13,train
25047,25047,11,train
25048,25048,4,train
25049,25049,16,validation
25050,25050,13,train
25051,25051,5,train
25052,25052,1,train
25053,25053,18,test
25054,25054,15,validation
25055,25055,13,train
25056,25056,15,validation
25057,25057,8,train
25058,25058,10,train
25059,25059,18,test
25060,25060,13,train
25061,25061,12,train
25062,25062,14,validation
25063,25063,5,train
25064,25064,2,train
25065,25065,19,test
25066,25066,3,train
25067,25067,19,test
25068,25068,15,validation
25069,25069,16,validation
25070,25070,17,test
25071,25071,2,train
25072,25072,0,train
25073,25073,8,train
25074,25074,4,train
25075,25075,16,validation
25076,25076,10,train
25077,25077,15,validation
25078,25078,17,test
25079,25079,16,validation
25080,25080,4,train
25081,25081,15,validation
25082,25082,18,test
25083,25083,18,test
25084,25084,19,test
25085,25085,19,test
25086,25086,14,validation
25087,25087,13,train
25088,25088,5,train
25089,25089,5,train
25090,25090,1,train
25091,25091,4,train
25092,25092,14,validation
25093,25093,10,train
25094,25094,5,train
25095,25095,15,validation
25096,25096,5,train
25097,25097,6,train
25098,25098,3,train
25099,25099,15,validation
25100,25100,0,train
25101,25101,16,validation
25102,25102,19,test
25103,25103,11,train
25104,25104,12,train
25105,25105,18,test
25106,25106,9,train
25107,25107,6,train
25108,25108,16,validation
25109,25109,6,train
25110,25110,10,train
25111,25111,17,test
25112,25112,17,test
25113,25113,18,test
25114,25114,12,train
25115,25115,10,train
25116,25116,2,train
25117,25117,3,train
25118,25118,6,train
25119,25119,5,train
25120,25120,14,validation
25121,25121,12,train
25122,25122,8,train
25123,25123,12,train
25124,25124,0,train
25125,25125,5,train
25126,25126,3,train
25127,25127,18,test
25128,25128,14,validation
25129,25129,9,train
25130,25130,5,train
25131,25131,4,train
25132,25132,4,train
25133,25133,4,train
25134,25134,16,validation
25135,25135,3,train
25136,25136,12,train
25137,25137,13,train
25138,25138,11,train
25139,25139,18,test
25140,25140,10,train
25141,25141,6,train
25142,25142,6,train
25143,25143,6,train
25144,25144,19,test
25145,25145,3,train
25146,25146,5,train
25147,25147,13,train
25148,25148,11,train
25149,25149,10,train
25150,25150,5,train
25151,25151,3,train
25152,25152,5,train
25153,25153,3,train
25154,25154,2,train
25155,25155,15,validation
25156,25156,13,train
25157,25157,7,train
25158,25158,5,train
25159,25159,5,train
25160,25160,5,train
25161,25161,17,test
25162,25162,15,validation
25163,25163,5,train
25164,25164,17,test
25165,25165,16,validation
25166,25166,11,train
25167,25167,2,train
25168,25168,7,train
25169,25169,7,train
25170,25170,5,train
25171,25171,15,validation
25172,25172,16,validation
25173,25173,8,train
25174,25174,13,train
25175,25175,16,validation
25176,25176,14,validation
25177,25177,10,train
25178,25178,14,validation
25179,25179,9,train
25180,25180,0,train
25181,25181,6,train
25182,25182,17,test
25183,25183,3,train
25184,25184,14,validation
25185,25185,1,train
25186,25186,3,train
25187,25187,4,train
25188,25188,5,train
25189,25189,2,train
25190,25190,9,train
25191,25191,15,validation
25192,25192,9,train
25193,25193,14,validation
25194,25194,18,test
25195,25195,11,train
25196,25196,14,validation
25197,25197,1,train
25198,25198,5,train
25199,25199,2,train
25200,25200,9,train
25201,25201,16,validation
25202,25202,15,validation
25203,25203,13,train
25204,25204,7,train
25205,25205,13,train
25206,25206,14,validation
25207,25207,4,train
25208,25208,11,train
25209,25209,16,validation
25210,25210,17,test
25211,25211,12,train
25212,25212,10,train
25213,25213,13,train
25214,25214,11,train
25215,25215,8,train
25216,25216,14,validation
25217,25217,4,train
25218,25218,7,train
25219,25219,17,test
25220,25220,13,train
25221,25221,18,test
25222,25222,10,train
25223,25223,14,validation
25224,25224,14,validation
25225,25225,16,validation
25226,25226,17,test
25227,25227,10,train
25228,25228,11,train
25229,25229,12,train
25230,25230,19,test
25231,25231,12,train
25232,25232,18,test
25233,25233,15,validation
25234,25234,9,train
25235,25235,19,test
25236,25236,14,validation
25237,25237,8,train
25238,25238,1,train
25239,25239,13,train
25240,25240,0,train
25241,25241,3,train
25242,25242,14,validation
25243,25243,9,train
25244,25244,13,train
25245,25245,16,validation
25246,25246,13,train
25247,25247,2,train
25248,25248,4,train
25249,25249,10,train
25250,25250,5,train
25251,25251,1,train
25252,25252,6,train
25253,25253,10,train
25254,25254,3,train
25255,25255,15,validation
25256,25256,19,test
25257,25257,1,train
25258,25258,12,train
25259,25259,14,validation
25260,25260,2,train
25261,25261,12,train
25262,25262,19,test
25263,25263,14,validation
25264,25264,16,validation
25265,25265,14,validation
25266,25266,14,validation
25267,25267,17,test
25268,25268,0,train
25269,25269,1,train
25270,25270,2,train
25271,25271,10,train
25272,25272,18,test
25273,25273,3,train
25274,25274,15,validation
25275,25275,3,train
25276,25276,13,train
25277,25277,14,validation
25278,25278,5,train
25279,25279,7,train
25280,25280,12,train
25281,25281,17,test
25282,25282,6,train
25283,25283,15,validation
25284,25284,8,train
25285,25285,1,train
25286,25286,11,train
25287,25287,8,train
25288,25288,12,train
25289,25289,15,validation
25290,25290,15,validation
25291,25291,16,validation
25292,25292,8,train
25293,25293,1,train
25294,25294,18,test
25295,25295,13,train
25296,25296,4,train
25297,25297,16,validation
25298,25298,11,train
25299,25299,5,train
25300,25300,16,validation
25301,25301,18,test
25302,25302,5,train
25303,25303,9,train
25304,25304,19,test
25305,25305,0,train
25306,25306,18,test
25307,25307,2,train
25308,25308,16,validation
25309,25309,9,train
25310,25310,12,train
25311,25311,15,validation
25312,25312,18,test
25313,25313,9,train
25314,25314,9,train
25315,25315,13,train
25316,25316,16,validation
25317,25317,19,test
25318,25318,0,train
25319,25319,6,train
25320,25320,4,train
25321,25321,18,test
25322,25322,7,train
25323,25323,9,train
25324,25324,7,train
25325,25325,0,train
25326,25326,15,validation
25327,25327,15,validation
25328,25328,14,validation
25329,25329,5,train
25330,25330,8,train
25331,25331,6,train
25332,25332,16,validation
25333,25333,3,train
25334,25334,7,train
25335,25335,9,train
25336,25336,12,train
25337,25337,2,train
25338,25338,4,train
25339,25339,12,train
25340,25340,0,train
25341,25341,6,train
25342,25342,10,train
25343,25343,4,train
25344,25344,9,train
25345,25345,1,train
25346,25346,5,train
25347,25347,1,train
25348,25348,17,test
25349,25349,17,test
25350,25350,10,train
25351,25351,16,validation
25352,25352,15,validation
25353,25353,10,train
25354,25354,2,train
25355,25355,9,train
25356,25356,6,train
25357,25357,5,train
25358,25358,6,train
25359,25359,14,validation
25360,25360,9,train
25361,25361,1,train
25362,25362,2,train
25363,25363,2,train
25364,25364,0,train
25365,25365,12,train
25366,25366,4,train
25367,25367,16,validation
25368,25368,18,test
25369,25369,1,train
25370,25370,3,train
25371,25371,1,train
25372,25372,2,train
25373,25373,7,train
25374,25374,1,train
25375,25375,2,train
25376,25376,5,train
25377,25377,18,test
25378,25378,19,test
25379,25379,2,train
25380,25380,2,train
25381,25381,5,train
25382,25382,6,train
25383,25383,8,train
25384,25384,6,train
25385,25385,17,test
25386,25386,14,validation
25387,25387,13,train
25388,25388,10,train
25389,25389,17,test
25390,25390,8,train
25391,25391,14,validation
25392,25392,10,train
25393,25393,10,train
25394,25394,8,train
25395,25395,9,train
25396,25396,5,train
25397,25397,8,train
25398,25398,19,test
25399,25399,8,train
25400,25400,3,train
25401,25401,8,train
25402,25402,19,test
25403,25403,12,train
25404,25404,4,train
25405,25405,0,train
25406,25406,4,train
25407,25407,12,train
25408,25408,0,train
25409,25409,14,validation
25410,25410,4,train
25411,25411,5,train
25412,25412,5,train
25413,25413,3,train
25414,25414,13,train
25415,25415,11,train
25416,25416,8,train
25417,25417,11,train
25418,25418,4,train
25419,25419,0,train
25420,25420,2,train
25421,25421,14,validation
25422,25422,4,train
25423,25423,4,train
25424,25424,9,train
25425,25425,5,train
25426,25426,8,train
25427,25427,2,train
25428,25428,18,test
25429,25429,12,train
25430,25430,5,train
25431,25431,17,test
25432,25432,5,train
25433,25433,11,train
25434,25434,12,train
25435,25435,12,train
25436,25436,0,train
25437,25437,6,train
25438,25438,5,train
25439,25439,9,train
25440,25440,6,train
25441,25441,6,train
25442,25442,14,validation
25443,25443,16,validation
25444,25444,17,test
25445,25445,6,train
25446,25446,19,test
25447,25447,14,validation
25448,25448,12,train
25449,25449,9,train
25450,25450,4,train
25451,25451,11,train
25452,25452,14,validation
25453,25453,17,test
25454,25454,11,train
25455,25455,3,train
25456,25456,9,train
25457,25457,18,test
25458,25458,13,train
25459,25459,5,train
25460,25460,8,train
25461,25461,12,train
25462,25462,0,train
25463,25463,0,train
25464,25464,13,train
25465,25465,19,test
25466,25466,17,test
25467,25467,16,validation
25468,25468,19,test
25469,25469,8,train
25470,25470,4,train
25471,25471,19,test
25472,25472,6,train
25473,25473,14,validation
25474,25474,10,train
25475,25475,8,train
25476,25476,0,train
25477,25477,7,train
25478,25478,12,train
25479,25479,13,train
25480,25480,18,test
25481,25481,17,test
25482,25482,5,train
25483,25483,0,train
25484,25484,11,train
25485,25485,13,train
25486,25486,9,train
25487,25487,5,train
25488,25488,19,test
25489,25489,1,train
25490,25490,9,train
25491,25491,15,validation
25492,25492,8,train
25493,25493,17,test
25494,25494,5,train
25495,25495,10,train
25496,25496,3,train
25497,25497,2,train
25498,25498,18,test
25499,25499,4,train
25500,25500,19,test
25501,25501,11,train
25502,25502,0,train
25503,25503,17,test
25504,25504,1,train
25505,25505,11,train
25506,25506,2,train
25507,25507,9,train
25508,25508,3,train
25509,25509,13,train
25510,25510,19,test
25511,25511,11,train
25512,25512,16,validation
25513,25513,12,train
25514,25514,14,validation
25515,25515,7,train
25516,25516,15,validation
25517,25517,7,train
25518,25518,8,train
25519,25519,17,test
25520,25520,8,train
25521,25521,2,train
25522,25522,18,test
25523,25523,5,train
25524,25524,8,train
25525,25525,19,test
25526,25526,15,validation
25527,25527,10,train
25528,25528,16,validation
25529,25529,17,test
25530,25530,9,train
25531,25531,14,validation
25532,25532,7,train
25533,25533,8,train
25534,25534,7,train
25535,25535,1,train
25536,25536,13,train
25537,25537,18,test
25538,25538,3,train
25539,25539,4,train
25540,25540,10,train
25541,25541,16,validation
25542,25542,8,train
25543,25543,14,validation
25544,25544,8,train
25545,25545,15,validation
25546,25546,19,test
25547,25547,7,train
25548,25548,2,train
25549,25549,12,train
25550,25550,0,train
25551,25551,12,train
25552,25552,9,train
25553,25553,11,train
25554,25554,12,train
25555,25555,15,validation
25556,25556,18,test
25557,25557,12,train
25558,25558,16,validation
25559,25559,0,train
25560,25560,12,train
25561,25561,1,train
25562,25562,11,train
25563,25563,8,train
25564,25564,11,train
25565,25565,1,train
25566,25566,16,validation
25567,25567,5,train
25568,25568,8,train
25569,25569,9,train
25570,25570,0,train
25571,25571,1,train
25572,25572,16,validation
25573,25573,15,validation
25574,25574,0,train
25575,25575,9,train
25576,25576,13,train
25577,25577,5,train
25578,25578,4,train
25579,25579,3,train
25580,25580,2,train
25581,25581,15,validation
25582,25582,9,train
25583,25583,13,train
25584,25584,6,train
25585,25585,10,train
25586,25586,4,train
25587,25587,1,train
25588,25588,7,train
25589,25589,1,train
25590,25590,2,train
25591,25591,6,train
25592,25592,0,train
25593,25593,7,train
25594,25594,1,train
25595,25595,6,train
25596,25596,0,train
25597,25597,11,train
25598,25598,15,validation
25599,25599,18,test
25600,25600,12,train
25601,25601,14,validation
25602,25602,6,train
25603,25603,12,train
25604,25604,11,train
25605,25605,15,validation
25606,25606,14,validation
25607,25607,8,train
25608,25608,5,train
25609,25609,6,train
25610,25610,10,train
25611,25611,6,train
25612,25612,0,train
25613,25613,5,train
25614,25614,11,train
25615,25615,17,test
25616,25616,3,train
25617,25617,14,validation
25618,25618,9,train
25619,25619,17,test
25620,25620,15,validation
25621,25621,4,train
25622,25622,6,train
25623,25623,18,test
25624,25624,3,train
25625,25625,8,train
25626,25626,11,train
25627,25627,18,test
25628,25628,3,train
25629,25629,14,validation
25630,25630,12,train
25631,25631,17,test
25632,25632,18,test
25633,25633,5,train
25634,25634,1,train
25635,25635,4,train
25636,25636,6,train
25637,25637,11,train
25638,25638,4,train
25639,25639,0,train
25640,25640,0,train
25641,25641,16,validation
25642,25642,10,train
25643,25643,2,train
25644,25644,7,train
25645,25645,12,train
25646,25646,5,train
25647,25647,1,train
25648,25648,1,train
25649,25649,3,train
25650,25650,1,train
25651,25651,9,train
25652,25652,18,test
25653,25653,13,train
25654,25654,18,test
25655,25655,2,train
25656,25656,15,validation
25657,25657,1,train
25658,25658,7,train
25659,25659,18,test
25660,25660,5,train
25661,25661,5,train
25662,25662,19,test
25663,25663,9,train
25664,25664,3,train
25665,25665,3,train
25666,25666,15,validation
25667,25667,19,test
25668,25668,14,validation
25669,25669,19,test
25670,25670,16,validation
25671,25671,6,train
25672,25672,7,train
25673,25673,7,train
25674,25674,17,test
25675,25675,18,test
25676,25676,16,validation
25677,25677,12,train
25678,25678,12,train
25679,25679,10,train
25680,25680,12,train
25681,25681,19,test
25682,25682,7,train
25683,25683,2,train
25684,25684,14,validation
25685,25685,12,train
25686,25686,17,test
25687,25687,6,train
25688,25688,16,validation
25689,25689,14,validation
25690,25690,15,validation
25691,25691,19,test
25692,25692,18,test
25693,25693,19,test
25694,25694,8,train
25695,25695,13,train
25696,25696,13,train
25697,25697,17,test
25698,25698,5,train
25699,25699,18,test
25700,25700,5,train
25701,25701,2,train
25702,25702,5,train
25703,25703,6,train
25704,25704,8,train
25705,25705,18,test
25706,25706,4,train
25707,25707,11,train
25708,25708,5,train
25709,25709,10,train
25710,25710,5,train
25711,25711,2,train
25712,25712,11,train
25713,25713,19,test
25714,25714,9,train
25715,25715,13,train
25716,25716,2,train
25717,25717,13,train
25718,25718,2,train
25719,25719,15,validation
25720,25720,19,test
25721,25721,9,train
25722,25722,6,train
25723,25723,3,train
25724,25724,15,validation
25725,25725,12,train
25726,25726,1,train
25727,25727,12,train
25728,25728,2,train
25729,25729,17,test
25730,25730,10,train
25731,25731,18,test
25732,25732,8,train
25733,25733,8,train
25734,25734,17,test
25735,25735,18,test
25736,25736,2,train
25737,25737,10,train
25738,25738,7,train
25739,25739,15,validation
25740,25740,3,train
25741,25741,19,test
25742,25742,3,train
25743,25743,11,train
25744,25744,17,test
25745,25745,9,train
25746,25746,10,train
25747,25747,10,train
25748,25748,19,test
25749,25749,5,train
25750,25750,17,test
25751,25751,12,train
25752,25752,4,train
25753,25753,19,test
25754,25754,12,train
25755,25755,9,train
25756,25756,2,train
25757,25757,8,train
25758,25758,5,train
25759,25759,8,train
25760,25760,18,test
25761,25761,4,train
25762,25762,17,test
25763,25763,4,train
25764,25764,15,validation
25765,25765,15,validation
25766,25766,2,train
25767,25767,2,train
25768,25768,14,validation
25769,25769,18,test
25770,25770,0,train
25771,25771,0,train
25772,25772,7,train
25773,25773,16,validation
25774,25774,4,train
25775,25775,7,train
25776,25776,5,train
25777,25777,14,validation
25778,25778,5,train
25779,25779,3,train
25780,25780,14,validation
25781,25781,11,train
25782,25782,18,test
25783,25783,18,test
25784,25784,17,test
25785,25785,1,train
25786,25786,17,test
25787,25787,1,train
25788,25788,10,train
25789,25789,10,train
25790,25790,16,validation
25791,25791,14,validation
25792,25792,5,train
25793,25793,16,validation
25794,25794,9,train
25795,25795,6,train
25796,25796,9,train
25797,25797,14,validation
25798,25798,18,test
25799,25799,3,train
25800,25800,15,validation
25801,25801,0,train
25802,25802,8,train
25803,25803,6,train
25804,25804,16,validation
25805,25805,15,validation
25806,25806,19,test
25807,25807,19,test
25808,25808,18,test
25809,25809,17,test
25810,25810,0,train
25811,25811,13,train
25812,25812,9,train
25813,25813,1,train
25814,25814,2,train
25815,25815,8,train
25816,25816,12,train
25817,25817,13,train
25818,25818,3,train
25819,25819,5,train
25820,25820,1,train
25821,25821,2,train
25822,25822,3,train
25823,25823,19,test
25824,25824,13,train
25825,25825,2,train
25826,25826,7,train
25827,25827,0,train
25828,25828,18,test
25829,25829,14,validation
25830,25830,19,test
25831,25831,19,test
25832,25832,11,train
25833,25833,7,train
25834,25834,19,test
25835,25835,11,train
25836,25836,10,train
25837,25837,19,test
25838,25838,1,train
25839,25839,5,train
25840,25840,18,test
25841,25841,9,train
25842,25842,9,train
25843,25843,3,train
25844,25844,0,train
25845,25845,18,test
25846,25846,7,train
25847,25847,11,train
25848,25848,0,train
25849,25849,10,train
25850,25850,10,train
25851,25851,10,train
25852,25852,12,train
25853,25853,9,train
25854,25854,9,train
25855,25855,5,train
25856,25856,7,train
25857,25857,12,train
25858,25858,4,train
25859,25859,5,train
25860,25860,16,validation
25861,25861,6,train
25862,25862,9,train
25863,25863,10,train
25864,25864,9,train
25865,25865,8,train
25866,25866,7,train
25867,25867,9,train
25868,25868,11,train
25869,25869,9,train
25870,25870,5,train
25871,25871,10,train
25872,25872,3,train
25873,25873,16,validation
25874,25874,5,train
25875,25875,7,train
25876,25876,14,validation
25877,25877,3,train
25878,25878,14,validation
25879,25879,9,train
25880,25880,15,validation
25881,25881,16,validation
25882,25882,10,train
25883,25883,17,test
25884,25884,5,train
25885,25885,7,train
25886,25886,10,train
25887,25887,17,test
25888,25888,19,test
25889,25889,15,validation
25890,25890,7,train
25891,25891,15,validation
25892,25892,6,train
25893,25893,4,train
25894,25894,11,train
25895,25895,1,train
25896,25896,13,train
25897,25897,3,train
25898,25898,18,test
25899,25899,10,train
25900,25900,11,train
25901,25901,1,train
25902,25902,13,train
25903,25903,16,validation
25904,25904,12,train
25905,25905,13,train
25906,25906,0,train
25907,25907,13,train
25908,25908,9,train
25909,25909,0,train
25910,25910,12,train
25911,25911,15,validation
25912,25912,19,test
25913,25913,1,train
25914,25914,10,train
25915,25915,5,train
25916,25916,19,test
25917,25917,3,train
25918,25918,11,train
25919,25919,19,test
25920,25920,15,validation
25921,25921,6,train
25922,25922,8,train
25923,25923,8,train
25924,25924,18,test
25925,25925,19,test
25926,25926,19,test
25927,25927,18,test
25928,25928,7,train
25929,25929,8,train
25930,25930,3,train
25931,25931,11,train
25932,25932,3,train
25933,25933,17,test
25934,25934,9,train
25935,25935,16,validation
25936,25936,2,train
25937,25937,13,train
25938,25938,12,train
25939,25939,9,train
25940,25940,16,validation
25941,25941,2,train
25942,25942,11,train
25943,25943,18,test
25944,25944,8,train
25945,25945,17,test
25946,25946,3,train
25947,25947,1,train
25948,25948,11,train
25949,25949,19,test
25950,25950,2,train
25951,25951,5,train
25952,25952,10,train
25953,25953,10,train
25954,25954,6,train
25955,25955,8,train
25956,25956,16,validation
25957,25957,16,validation
25958,25958,0,train
25959,25959,18,test
25960,25960,7,train
25961,25961,10,train
25962,25962,13,train
25963,25963,14,validation
25964,25964,3,train
25965,25965,9,train
25966,25966,7,train
25967,25967,17,test
25968,25968,18,test
25969,25969,13,train
25970,25970,13,train
25971,25971,1,train
25972,25972,3,train
25973,25973,16,validation
25974,25974,6,train
25975,25975,3,train
25976,25976,4,train
25977,25977,9,train
25978,25978,15,validation
25979,25979,14,validation
25980,25980,19,test
25981,25981,12,train
25982,25982,17,test
25983,25983,11,train
25984,25984,16,validation
25985,25985,3,train
25986,25986,10,train
25987,25987,3,train
25988,25988,16,validation
25989,25989,2,train
25990,25990,12,train
25991,25991,11,train
25992,25992,18,test
25993,25993,4,train
25994,25994,16,validation
25995,25995,12,train
25996,25996,4,train
25997,25997,0,train
25998,25998,6,train
25999,25999,11,train
26000,26000,8,train
26001,26001,10,train
26002,26002,10,train
26003,26003,1,train
26004,26004,6,train
26005,26005,4,train
26006,26006,4,train
26007,26007,14,validation
26008,26008,10,train
26009,26009,8,train
26010,26010,7,train
26011,26011,11,train
26012,26012,18,test
26013,26013,18,test
26014,26014,17,test
26015,26015,4,train
26016,26016,15,validation
26017,26017,17,test
26018,26018,19,test
26019,26019,19,test
26020,26020,19,test
26021,26021,10,train
26022,26022,15,validation
26023,26023,9,train
26024,26024,0,train
26025,26025,18,test
26026,26026,8,train
26027,26027,15,validation
26028,26028,11,train
26029,26029,11,train
26030,26030,0,train
26031,26031,17,test
26032,26032,8,train
26033,26033,13,train
26034,26034,5,train
26035,26035,0,train
26036,26036,2,train
26037,26037,18,test
26038,26038,3,train
26039,26039,18,test
26040,26040,16,validation
26041,26041,2,train
26042,26042,3,train
26043,26043,4,train
26044,26044,1,train
26045,26045,13,train
26046,26046,17,test
26047,26047,17,test
26048,26048,13,train
26049,26049,18,test
26050,26050,13,train
26051,26051,6,train
26052,26052,5,train
26053,26053,0,train
26054,26054,8,train
26055,26055,15,validation
26056,26056,13,train
26057,26057,15,validation
26058,26058,12,train
26059,26059,14,validation
26060,26060,10,train
26061,26061,12,train
26062,26062,13,train
26063,26063,11,train
26064,26064,16,validation
26065,26065,2,train
26066,26066,1,train
26067,26067,8,train
26068,26068,10,train
26069,26069,3,train
26070,26070,5,train
26071,26071,13,train
26072,26072,17,test
26073,26073,19,test
26074,26074,9,train
26075,26075,8,train
26076,26076,15,validation
26077,26077,15,validation
26078,26078,14,validation
26079,26079,13,train
26080,26080,10,train
26081,26081,16,validation
26082,26082,8,train
26083,26083,15,validation
26084,26084,4,train
26085,26085,1,train
26086,26086,3,train
26087,26087,12,train
26088,26088,11,train
26089,26089,14,validation
26090,26090,3,train
26091,26091,8,train
26092,26092,10,train
26093,26093,1,train
26094,26094,17,test
26095,26095,14,validation
26096,26096,7,train
26097,26097,3,train
26098,26098,15,validation
26099,26099,12,train
26100,26100,8,train
26101,26101,0,train
26102,26102,7,train
26103,26103,14,validation
26104,26104,17,test
26105,26105,16,validation
26106,26106,11,train
26107,26107,2,train
26108,26108,14,validation
26109,26109,6,train
26110,26110,4,train
26111,26111,11,train
26112,26112,6,train
26113,26113,16,validation
26114,26114,19,test
26115,26115,18,test
26116,26116,7,train
26117,26117,5,train
26118,26118,11,train
26119,26119,10,train
26120,26120,9,train
26121,26121,11,train
26122,26122,15,validation
26123,26123,4,train
26124,26124,5,train
26125,26125,6,train
26126,26126,7,train
26127,26127,13,train
26128,26128,1,train
26129,26129,1,train
26130,26130,9,train
26131,26131,14,validation
26132,26132,14,validation
26133,26133,15,validation
26134,26134,3,train
26135,26135,12,train
26136,26136,0,train
26137,26137,5,train
26138,26138,16,validation
26139,26139,6,train
26140,26140,1,train
26141,26141,5,train
26142,26142,6,train
26143,26143,16,validation
26144,26144,6,train
26145,26145,1,train
26146,26146,1,train
26147,26147,18,test
26148,26148,19,test
26149,26149,7,train
26150,26150,8,train
26151,26151,11,train
26152,26152,5,train
26153,26153,0,train
26154,26154,4,train
26155,26155,4,train
26156,26156,2,train
26157,26157,12,train
26158,26158,9,train
26159,26159,18,test
26160,26160,0,train
26161,26161,0,train
26162,26162,1,train
26163,26163,4,train
26164,26164,11,train
26165,26165,17,test
26166,26166,2,train
26167,26167,16,validation
26168,26168,14,validation
26169,26169,4,train
26170,26170,18,test
26171,26171,11,train
26172,26172,3,train
26173,26173,17,test
26174,26174,1,train
26175,26175,0,train
26176,26176,15,validation
26177,26177,18,test
26178,26178,15,validation
26179,26179,14,validation
26180,26180,10,train
26181,26181,12,train
26182,26182,14,validation
26183,26183,5,train
26184,26184,0,train
26185,26185,1,train
26186,26186,12,train
26187,26187,10,train
26188,26188,2,train
26189,26189,5,train
26190,26190,3,train
26191,26191,3,train
26192,26192,12,train
26193,26193,8,train
26194,26194,18,test
26195,26195,16,validation
26196,26196,2,train
26197,26197,1,train
26198,26198,5,train
26199,26199,16,validation
26200,26200,11,train
26201,26201,17,test
26202,26202,4,train
26203,26203,15,validation
26204,26204,0,train
26205,26205,18,test
26206,26206,9,train
26207,26207,13,train
26208,26208,15,validation
26209,26209,1,train
26210,26210,10,train
26211,26211,12,train
26212,26212,17,test
26213,26213,2,train
26214,26214,16,validation
26215,26215,10,train
26216,26216,4,train
26217,26217,18,test
26218,26218,6,train
26219,26219,18,test
26220,26220,14,validation
26221,26221,5,train
26222,26222,14,validation
26223,26223,3,train
26224,26224,16,validation
26225,26225,12,train
26226,26226,0,train
26227,26227,14,validation
26228,26228,18,test
26229,26229,4,train
26230,26230,1,train
26231,26231,10,train
26232,26232,2,train
26233,26233,9,train
26234,26234,16,validation
26235,26235,6,train
26236,26236,0,train
26237,26237,7,train
26238,26238,3,train
26239,26239,4,train
26240,26240,8,train
26241,26241,13,train
26242,26242,11,train
26243,26243,17,test
26244,26244,19,test
26245,26245,14,validation
26246,26246,2,train
26247,26247,14,validation
26248,26248,19,test
26249,26249,2,train
26250,26250,8,train
26251,26251,11,train
26252,26252,5,train
26253,26253,19,test
26254,26254,11,train
26255,26255,13,train
26256,26256,9,train
26257,26257,12,train
26258,26258,13,train
26259,26259,7,train
26260,26260,6,train
26261,26261,11,train
26262,26262,0,train
26263,26263,12,train
26264,26264,10,train
26265,26265,7,train
26266,26266,3,train
26267,26267,4,train
26268,26268,8,train
26269,26269,2,train
26270,26270,1,train
26271,26271,14,validation
26272,26272,16,validation
26273,26273,16,validation
26274,26274,7,train
26275,26275,14,validation
26276,26276,12,train
26277,26277,7,train
26278,26278,14,validation
26279,26279,14,validation
26280,26280,9,train
26281,26281,9,train
26282,26282,7,train
26283,26283,1,train
26284,26284,11,train
26285,26285,17,test
26286,26286,13,train
26287,26287,13,train
26288,26288,1,train
26289,26289,5,train
26290,26290,9,train
26291,26291,14,validation
26292,26292,8,train
26293,26293,10,train
26294,26294,17,test
26295,26295,8,train
26296,26296,6,train
26297,26297,8,train
26298,26298,6,train
26299,26299,17,test
26300,26300,12,train
26301,26301,1,train
26302,26302,19,test
26303,26303,1,train
26304,26304,10,train
26305,26305,18,test
26306,26306,8,train
26307,26307,16,validation
26308,26308,2,train
26309,26309,3,train
26310,26310,5,train
26311,26311,2,train
26312,26312,3,train
26313,26313,0,train
26314,26314,4,train
26315,26315,7,train
26316,26316,3,train
26317,26317,15,validation
26318,26318,13,train
26319,26319,9,train
26320,26320,0,train
26321,26321,10,train
26322,26322,12,train
26323,26323,15,validation
26324,26324,18,test
26325,26325,18,test
26326,26326,13,train
26327,26327,3,train
26328,26328,12,train
26329,26329,18,test
26330,26330,2,train
26331,26331,13,train
26332,26332,16,validation
26333,26333,19,test
26334,26334,7,train
26335,26335,8,train
26336,26336,16,validation
26337,26337,9,train
26338,26338,5,train
26339,26339,6,train
26340,26340,13,train
26341,26341,9,train
26342,26342,9,train
26343,26343,12,train
26344,26344,6,train
26345,26345,6,train
26346,26346,0,train
26347,26347,18,test
26348,26348,4,train
26349,26349,4,train
26350,26350,16,validation
26351,26351,7,train
26352,26352,2,train
26353,26353,8,train
26354,26354,14,validation
26355,26355,5,train
26356,26356,18,test
26357,26357,10,train
26358,26358,0,train
26359,26359,9,train
26360,26360,7,train
26361,26361,17,test
26362,26362,8,train
26363,26363,13,train
26364,26364,19,test
26365,26365,6,train
26366,26366,4,train
26367,26367,17,test
26368,26368,1,train
26369,26369,17,test
26370,26370,15,validation
26371,26371,2,train
26372,26372,12,train
26373,26373,7,train
26374,26374,10,train
26375,26375,4,train
26376,26376,17,test
26377,26377,10,train
26378,26378,16,validation
26379,26379,16,validation
26380,26380,9,train
26381,26381,12,train
26382,26382,8,train
26383,26383,3,train
26384,26384,8,train
26385,26385,6,train
26386,26386,5,train
26387,26387,8,train
26388,26388,10,train
26389,26389,14,validation
26390,26390,4,train
26391,26391,2,train
26392,26392,4,train
26393,26393,13,train
26394,26394,8,train
26395,26395,17,test
26396,26396,0,train
26397,26397,14,validation
26398,26398,9,train
26399,26399,5,train
26400,26400,8,train
26401,26401,14,validation
26402,26402,19,test
26403,26403,1,train
26404,26404,17,test
26405,26405,13,train
26406,26406,15,validation
26407,26407,14,validation
26408,26408,9,train
26409,26409,19,test
26410,26410,1,train
26411,26411,8,train
26412,26412,3,train
26413,26413,17,test
26414,26414,2,train
26415,26415,3,train
26416,26416,6,train
26417,26417,9,train
26418,26418,2,train
26419,26419,4,train
26420,26420,0,train
26421,26421,6,train
26422,26422,4,train
26423,26423,16,validation
26424,26424,5,train
26425,26425,4,train
26426,26426,12,train
26427,26427,2,train
26428,26428,8,train
26429,26429,15,validation
26430,26430,13,train
26431,26431,18,test
26432,26432,13,train
26433,26433,14,validation
26434,26434,1,train
26435,26435,0,train
26436,26436,3,train
26437,26437,4,train
26438,26438,17,test
26439,26439,4,train
26440,26440,5,train
26441,26441,1,train
26442,26442,6,train
26443,26443,15,validation
26444,26444,13,train
26445,26445,14,validation
26446,26446,16,validation
26447,26447,11,train
26448,26448,9,train
26449,26449,13,train
26450,26450,15,validation
26451,26451,4,train
26452,26452,4,train
26453,26453,7,train
26454,26454,0,train
26455,26455,16,validation
26456,26456,3,train
26457,26457,2,train
26458,26458,19,test
26459,26459,4,train
26460,26460,1,train
26461,26461,1,train
26462,26462,9,train
26463,26463,10,train
26464,26464,12,train
26465,26465,12,train
26466,26466,18,test
26467,26467,13,train
26468,26468,2,train
26469,26469,19,test
26470,26470,14,validation
26471,26471,17,test
26472,26472,15,validation
26473,26473,13,train
26474,26474,8,train
26475,26475,19,test
26476,26476,5,train
26477,26477,6,train
26478,26478,6,train
26479,26479,0,train
26480,26480,16,validation
26481,26481,8,train
26482,26482,19,test
26483,26483,13,train
26484,26484,5,train
26485,26485,17,test
26486,26486,1,train
26487,26487,4,train
26488,26488,13,train
26489,26489,3,train
26490,26490,19,test
26491,26491,10,train
26492,26492,14,validation
26493,26493,13,train
26494,26494,17,test
26495,26495,9,train
26496,26496,14,validation
26497,26497,19,test
26498,26498,15,validation
26499,26499,4,train
26500,26500,1,train
26501,26501,16,validation
26502,26502,13,train
26503,26503,6,train
26504,26504,8,train
26505,26505,10,train
26506,26506,1,train
26507,26507,16,validation
26508,26508,2,train
26509,26509,16,validation
26510,26510,12,train
26511,26511,0,train
26512,26512,11,train
26513,26513,4,train
26514,26514,18,test
26515,26515,3,train
26516,26516,2,train
26517,26517,9,train
26518,26518,1,train
26519,26519,10,train
26520,26520,2,train
26521,26521,18,test
26522,26522,17,test
26523,26523,12,train
26524,26524,8,train
26525,26525,18,test
26526,26526,0,train
26527,26527,8,train
26528,26528,11,train
26529,26529,13,train
26530,26530,8,train
26531,26531,3,train
26532,26532,19,test
26533,26533,19,test
26534,26534,1,train
26535,26535,1,train
26536,26536,15,validation
26537,26537,9,train
26538,26538,17,test
26539,26539,15,validation
26540,26540,6,train
26541,26541,13,train
26542,26542,2,train
26543,26543,12,train
26544,26544,15,validation
26545,26545,12,train
26546,26546,12,train
26547,26547,19,test
26548,26548,19,test
26549,26549,8,train
26550,26550,0,train
26551,26551,7,train
26552,26552,18,test
26553,26553,18,test
26554,26554,1,train
26555,26555,14,validation
26556,26556,18,test
26557,26557,15,validation
26558,26558,7,train
26559,26559,5,train
26560,26560,17,test
26561,26561,11,train
26562,26562,12,train
26563,26563,11,train
26564,26564,3,train
26565,26565,3,train
26566,26566,14,validation
26567,26567,15,validation
26568,26568,7,train
26569,26569,4,train
26570,26570,17,test
26571,26571,8,train
26572,26572,5,train
26573,26573,12,train
26574,26574,3,train
26575,26575,17,test
26576,26576,7,train
26577,26577,8,train
26578,26578,12,train
26579,26579,3,train
26580,26580,7,train
26581,26581,10,train
26582,26582,13,train
26583,26583,14,validation
26584,26584,19,test
26585,26585,11,train
26586,26586,16,validation
26587,26587,0,train
26588,26588,12,train
26589,26589,6,train
26590,26590,10,train
26591,26591,0,train
26592,26592,8,train
26593,26593,13,train
26594,26594,11,train
26595,26595,3,train
26596,26596,3,train
26597,26597,8,train
26598,26598,19,test
26599,26599,2,train
26600,26600,7,train
26601,26601,4,train
26602,26602,16,validation
26603,26603,12,train
26604,26604,3,train
26605,26605,7,train
26606,26606,8,train
26607,26607,8,train
26608,26608,12,train
26609,26609,6,train
26610,26610,10,train
26611,26611,13,train
26612,26612,14,validation
26613,26613,18,test
26614,26614,14,validation
26615,26615,4,train
26616,26616,15,validation
26617,26617,8,train
26618,26618,19,test
26619,26619,6,train
26620,26620,3,train
26621,26621,9,train
26622,26622,12,train
26623,26623,13,train
26624,26624,4,train
26625,26625,0,train
26626,26626,14,validation
26627,26627,10,train
26628,26628,19,test
26629,26629,9,train
26630,26630,14,validation
26631,26631,19,test
26632,26632,7,train
26633,26633,11,train
26634,26634,7,train
26635,26635,8,train
26636,26636,7,train
26637,26637,2,train
26638,26638,6,train
26639,26639,5,train
26640,26640,4,train
26641,26641,4,train
26642,26642,3,train
26643,26643,19,test
26644,26644,17,test
26645,26645,19,test
26646,26646,7,train
26647,26647,0,train
26648,26648,9,train
26649,26649,1,train
26650,26650,7,train
26651,26651,8,train
26652,26652,19,test
26653,26653,6,train
26654,26654,7,train
26655,26655,8,train
26656,26656,0,train
26657,26657,4,train
26658,26658,13,train
26659,26659,8,train
26660,26660,10,train
26661,26661,5,train
26662,26662,18,test
26663,26663,13,train
26664,26664,11,train
26665,26665,10,train
26666,26666,8,train
26667,26667,4,train
26668,26668,6,train
26669,26669,12,train
26670,26670,19,test
26671,26671,4,train
26672,26672,14,validation
26673,26673,17,test
26674,26674,14,validation
26675,26675,11,train
26676,26676,5,train
26677,26677,11,train
26678,26678,6,train
26679,26679,10,train
26680,26680,1,train
26681,26681,17,test
26682,26682,3,train
26683,26683,11,train
26684,26684,0,train
26685,26685,10,train
26686,26686,10,train
26687,26687,19,test
26688,26688,2,train
26689,26689,12,train
26690,26690,14,validation
26691,26691,7,train
26692,26692,4,train
26693,26693,8,train
26694,26694,13,train
26695,26695,6,train
26696,26696,12,train
26697,26697,2,train
26698,26698,0,train
26699,26699,10,train
26700,26700,14,validation
26701,26701,4,train
26702,26702,9,train
26703,26703,7,train
26704,26704,3,train
26705,26705,19,test
26706,26706,0,train
26707,26707,0,train
26708,26708,8,train
26709,26709,4,train
26710,26710,0,train
26711,26711,6,train
26712,26712,19,test
26713,26713,18,test
26714,26714,4,train
26715,26715,19,test
26716,26716,8,train
26717,26717,12,train
26718,26718,8,train
26719,26719,17,test
26720,26720,12,train
26721,26721,2,train
26722,26722,0,train
26723,26723,8,train
26724,26724,12,train
26725,26725,2,train
26726,26726,12,train
26727,26727,5,train
26728,26728,16,validation
26729,26729,7,train
26730,26730,4,train
26731,26731,17,test
26732,26732,11,train
26733,26733,8,train
26734,26734,4,train
26735,26735,17,test
26736,26736,14,validation
26737,26737,13,train
26738,26738,0,train
26739,26739,13,train
26740,26740,9,train
26741,26741,10,train
26742,26742,19,test
26743,26743,0,train
26744,26744,3,train
26745,26745,9,train
26746,26746,15,validation
26747,26747,6,train
26748,26748,7,train
26749,26749,10,train
26750,26750,18,test
26751,26751,16,validation
26752,26752,3,train
26753,26753,10,train
26754,26754,12,train
26755,26755,18,test
26756,26756,12,train
26757,26757,7,train
26758,26758,4,train
26759,26759,2,train
26760,26760,4,train
26761,26761,17,test
26762,26762,4,train
26763,26763,6,train
26764,26764,12,train
26765,26765,19,test
26766,26766,15,validation
26767,26767,13,train
26768,26768,1,train
26769,26769,11,train
26770,26770,17,test
26771,26771,10,train
26772,26772,19,test
26773,26773,8,train
26774,26774,12,train
26775,26775,19,test
26776,26776,5,train
26777,26777,6,train
26778,26778,15,validation
26779,26779,17,test
26780,26780,11,train
26781,26781,14,validation
26782,26782,15,validation
26783,26783,8,train
26784,26784,13,train
26785,26785,3,train
26786,26786,0,train
26787,26787,17,test
26788,26788,4,train
26789,26789,18,test
26790,26790,15,validation
26791,26791,1,train
26792,26792,19,test
26793,26793,14,validation
26794,26794,9,train
26795,26795,7,train
26796,26796,1,train
26797,26797,8,train
26798,26798,11,train
26799,26799,0,train
26800,26800,13,train
26801,26801,0,train
26802,26802,6,train
26803,26803,5,train
26804,26804,10,train
26805,26805,5,train
26806,26806,19,test
26807,26807,10,train
26808,26808,1,train
26809,26809,1,train
26810,26810,2,train
26811,26811,10,train
26812,26812,6,train
26813,26813,5,train
26814,26814,15,validation
26815,26815,9,train
26816,26816,3,train
26817,26817,4,train
26818,26818,0,train
26819,26819,3,train
26820,26820,11,train
26821,26821,16,validation
26822,26822,13,train
26823,26823,12,train
26824,26824,16,validation
26825,26825,15,validation
26826,26826,17,test
26827,26827,3,train
26828,26828,10,train
26829,26829,17,test
26830,26830,16,validation
26831,26831,10,train
26832,26832,2,train
26833,26833,3,train
26834,26834,6,train
26835,26835,2,train
26836,26836,14,validation
26837,26837,14,validation
26838,26838,11,train
26839,26839,0,train
26840,26840,1,train
26841,26841,5,train
26842,26842,7,train
26843,26843,0,train
26844,26844,7,train
26845,26845,10,train
26846,26846,16,validation
26847,26847,9,train
26848,26848,12,train
26849,26849,12,train
26850,26850,18,test
26851,26851,2,train
26852,26852,19,test
26853,26853,13,train
26854,26854,7,train
26855,26855,17,test
26856,26856,1,train
26857,26857,4,train
26858,26858,16,validation
26859,26859,18,test
26860,26860,8,train
26861,26861,5,train
26862,26862,18,test
26863,26863,10,train
26864,26864,17,test
26865,26865,17,test
26866,26866,9,train
26867,26867,0,train
26868,26868,3,train
26869,26869,0,train
26870,26870,4,train
26871,26871,7,train
26872,26872,6,train
26873,26873,15,validation
26874,26874,13,train
26875,26875,14,validation
26876,26876,18,test
26877,26877,3,train
26878,26878,12,train
26879,26879,18,test
26880,26880,10,train
26881,26881,12,train
26882,26882,2,train
26883,26883,5,train
26884,26884,8,train
26885,26885,12,train
26886,26886,7,train
26887,26887,14,validation
26888,26888,12,train
26889,26889,16,validation
26890,26890,16,validation
26891,26891,14,validation
26892,26892,2,train
26893,26893,19,test
26894,26894,15,validation
26895,26895,16,validation
26896,26896,8,train
26897,26897,10,train
26898,26898,5,train
26899,26899,9,train
26900,26900,5,train
26901,26901,8,train
26902,26902,2,train
26903,26903,2,train
26904,26904,1,train
26905,26905,4,train
26906,26906,4,train
26907,26907,9,train
26908,26908,19,test
26909,26909,13,train
26910,26910,13,train
26911,26911,19,test
26912,26912,9,train
26913,26913,14,validation
26914,26914,1,train
26915,26915,9,train
26916,26916,3,train
26917,26917,18,test
26918,26918,6,train
26919,26919,10,train
26920,26920,4,train
26921,26921,0,train
26922,26922,9,train
26923,26923,14,validation
26924,26924,11,train
26925,26925,19,test
26926,26926,18,test
26927,26927,18,test
26928,26928,5,train
26929,26929,13,train
26930,26930,8,train
26931,26931,19,test
26932,26932,8,train
26933,26933,19,test
26934,26934,5,train
26935,26935,8,train
26936,26936,6,train
26937,26937,17,test
26938,26938,0,train
26939,26939,16,validation
26940,26940,0,train
26941,26941,9,train
26942,26942,1,train
26943,26943,0,train
26944,26944,4,train
26945,26945,13,train
26946,26946,11,train
26947,26947,2,train
26948,26948,9,train
26949,26949,8,train
26950,26950,2,train
26951,26951,19,test
26952,26952,14,validation
26953,26953,7,train
26954,26954,15,validation
26955,26955,3,train
26956,26956,4,train
26957,26957,5,train
26958,26958,6,train
26959,26959,3,train
26960,26960,19,test
26961,26961,14,validation
26962,26962,18,test
26963,26963,4,train
26964,26964,14,validation
26965,26965,16,validation
26966,26966,6,train
26967,26967,13,train
26968,26968,13,train
26969,26969,9,train
26970,26970,17,test
26971,26971,5,train
26972,26972,11,train
26973,26973,13,train
26974,26974,5,train
26975,26975,11,train
26976,26976,10,train
26977,26977,12,train
26978,26978,11,train
26979,26979,19,test
26980,26980,1,train
26981,26981,13,train
26982,26982,1,train
26983,26983,8,train
26984,26984,3,train
26985,26985,2,train
26986,26986,12,train
26987,26987,3,train
26988,26988,1,train
26989,26989,10,train
26990,26990,2,train
26991,26991,5,train
26992,26992,10,train
26993,26993,10,train
26994,26994,18,test
26995,26995,18,test
26996,26996,13,train
26997,26997,7,train
26998,26998,2,train
26999,26999,16,validation
27000,27000,6,train
27001,27001,18,test
27002,27002,0,train
27003,27003,5,train
27004,27004,12,train
27005,27005,11,train
27006,27006,7,train
27007,27007,19,test
27008,27008,18,test
27009,27009,14,validation
27010,27010,0,train
27011,27011,15,validation
27012,27012,6,train
27013,27013,11,train
27014,27014,0,train
27015,27015,0,train
27016,27016,19,test
27017,27017,0,train
27018,27018,8,train
27019,27019,9,train
27020,27020,17,test
27021,27021,0,train
27022,27022,4,train
27023,27023,16,validation
27024,27024,19,test
27025,27025,12,train
27026,27026,8,train
27027,27027,6,train
27028,27028,5,train
27029,27029,8,train
27030,27030,4,train
27031,27031,17,test
27032,27032,0,train
27033,27033,8,train
27034,27034,5,train
27035,27035,11,train
27036,27036,6,train
27037,27037,17,test
27038,27038,6,train
27039,27039,8,train
27040,27040,15,validation
27041,27041,18,test
27042,27042,19,test
27043,27043,13,train
27044,27044,19,test
27045,27045,6,train
27046,27046,12,train
27047,27047,12,train
27048,27048,7,train
27049,27049,18,test
27050,27050,10,train
27051,27051,17,test
27052,27052,10,train
27053,27053,14,validation
27054,27054,18,test
27055,27055,10,train
27056,27056,4,train
27057,27057,17,test
27058,27058,8,train
27059,27059,10,train
27060,27060,9,train
27061,27061,12,train
27062,27062,0,train
27063,27063,8,train
27064,27064,11,train
27065,27065,5,train
27066,27066,1,train
27067,27067,2,train
27068,27068,10,train
27069,27069,6,train
27070,27070,18,test
27071,27071,17,test
27072,27072,10,train
27073,27073,1,train
27074,27074,10,train
27075,27075,14,validation
27076,27076,12,train
27077,27077,6,train
27078,27078,5,train
27079,27079,14,validation
27080,27080,16,validation
27081,27081,11,train
27082,27082,9,train
27083,27083,18,test
27084,27084,2,train
27085,27085,4,train
27086,27086,11,train
27087,27087,13,train
27088,27088,11,train
27089,27089,4,train
27090,27090,14,validation
27091,27091,9,train
27092,27092,16,validation
27093,27093,18,test
27094,27094,13,train
27095,27095,8,train
27096,27096,10,train
27097,27097,2,train
27098,27098,4,train
27099,27099,17,test
27100,27100,3,train
27101,27101,9,train
27102,27102,8,train
27103,27103,3,train
27104,27104,7,train
27105,27105,9,train
27106,27106,3,train
27107,27107,14,validation
27108,27108,7,train
27109,27109,14,validation
27110,27110,18,test
27111,27111,7,train
27112,27112,3,train
27113,27113,19,test
27114,27114,7,train
27115,27115,14,validation
27116,27116,19,test
27117,27117,4,train
27118,27118,9,train
27119,27119,17,test
27120,27120,17,test
27121,27121,0,train
27122,27122,2,train
27123,27123,19,test
27124,27124,8,train
27125,27125,12,train
27126,27126,6,train
27127,27127,10,train
27128,27128,13,train
27129,27129,12,train
27130,27130,4,train
27131,27131,13,train
27132,27132,18,test
27133,27133,14,validation
27134,27134,5,train
27135,27135,0,train
27136,27136,13,train
27137,27137,14,validation
27138,27138,15,validation
27139,27139,5,train
27140,27140,5,train
27141,27141,1,train
27142,27142,3,train
27143,27143,6,train
27144,27144,19,test
27145,27145,6,train
27146,27146,3,train
27147,27147,5,train
27148,27148,19,test
27149,27149,4,train
27150,27150,7,train
27151,27151,13,train
27152,27152,0,train
27153,27153,0,train
27154,27154,9,train
27155,27155,8,train
27156,27156,8,train
27157,27157,7,train
27158,27158,11,train
27159,27159,1,train
27160,27160,6,train
27161,27161,2,train
27162,27162,1,train
27163,27163,9,train
27164,27164,1,train
27165,27165,7,train
27166,27166,17,test
27167,27167,4,train
27168,27168,4,train
27169,27169,14,validation
27170,27170,14,validation
27171,27171,5,train
27172,27172,2,train
27173,27173,7,train
27174,27174,3,train
27175,27175,15,validation
27176,27176,2,train
27177,27177,16,validation
27178,27178,17,test
27179,27179,0,train
27180,27180,18,test
27181,27181,10,train
27182,27182,15,validation
27183,27183,1,train
27184,27184,0,train
27185,27185,16,validation
27186,27186,9,train
27187,27187,4,train
27188,27188,4,train
27189,27189,5,train
27190,27190,5,train
27191,27191,16,validation
27192,27192,4,train
27193,27193,12,train
27194,27194,18,test
27195,27195,7,train
27196,27196,1,train
27197,27197,6,train
27198,27198,2,train
27199,27199,4,train
27200,27200,11,train
27201,27201,9,train
27202,27202,8,train
27203,27203,13,train
27204,27204,16,validation
27205,27205,18,test
27206,27206,3,train
27207,27207,15,validation
27208,27208,16,validation
27209,27209,15,validation
27210,27210,12,train
27211,27211,3,train
27212,27212,5,train
27213,27213,1,train
27214,27214,11,train
27215,27215,7,train
27216,27216,0,train
27217,27217,8,train
27218,27218,9,train
27219,27219,13,train
27220,27220,14,validation
27221,27221,15,validation
27222,27222,16,validation
27223,27223,9,train
27224,27224,1,train
27225,27225,13,train
27226,27226,14,validation
27227,27227,3,train
27228,27228,1,train
27229,27229,4,train
27230,27230,8,train
27231,27231,18,test
27232,27232,12,train
27233,27233,5,train
27234,27234,3,train
27235,27235,18,test
27236,27236,11,train
27237,27237,16,validation
27238,27238,11,train
27239,27239,3,train
27240,27240,3,train
27241,27241,10,train
27242,27242,7,train
27243,27243,13,train
27244,27244,9,train
27245,27245,16,validation
27246,27246,6,train
27247,27247,2,train
27248,27248,2,train
27249,27249,11,train
27250,27250,16,validation
27251,27251,14,validation
27252,27252,1,train
27253,27253,9,train
27254,27254,16,validation
27255,27255,6,train
27256,27256,15,validation
27257,27257,1,train
27258,27258,0,train
27259,27259,8,train
27260,27260,19,test
27261,27261,5,train
27262,27262,9,train
27263,27263,9,train
27264,27264,14,validation
27265,27265,4,train
27266,27266,17,test
27267,27267,13,train
27268,27268,19,test
27269,27269,3,train
27270,27270,11,train
27271,27271,3,train
27272,27272,11,train
27273,27273,0,train
27274,27274,18,test
27275,27275,15,validation
27276,27276,14,validation
27277,27277,11,train
27278,27278,7,train
27279,27279,10,train
27280,27280,3,train
27281,27281,3,train
27282,27282,16,validation
27283,27283,15,validation
27284,27284,13,train
27285,27285,2,train
27286,27286,16,validation
27287,27287,6,train
27288,27288,17,test
27289,27289,19,test
27290,27290,11,train
27291,27291,13,train
27292,27292,19,test
27293,27293,14,validation
27294,27294,18,test
27295,27295,17,test
27296,27296,4,train
27297,27297,11,train
27298,27298,2,train
27299,27299,19,test
27300,27300,3,train
27301,27301,14,validation
27302,27302,17,test
27303,27303,6,train
27304,27304,15,validation
27305,27305,16,validation
27306,27306,3,train
27307,27307,12,train
27308,27308,15,validation
27309,27309,14,validation
27310,27310,11,train
27311,27311,2,train
27312,27312,0,train
27313,27313,10,train
27314,27314,13,train
27315,27315,10,train
27316,27316,0,train
27317,27317,12,train
27318,27318,11,train
27319,27319,10,train
27320,27320,19,test
27321,27321,5,train
27322,27322,4,train
27323,27323,16,validation
27324,27324,4,train
27325,27325,19,test
27326,27326,17,test
27327,27327,7,train
27328,27328,2,train
27329,27329,16,validation
27330,27330,19,test
27331,27331,10,train
27332,27332,18,test
27333,27333,4,train
27334,27334,17,test
27335,27335,3,train
27336,27336,19,test
27337,27337,4,train
27338,27338,6,train
27339,27339,10,train
27340,27340,18,test
27341,27341,13,train
27342,27342,1,train
27343,27343,4,train
27344,27344,13,train
27345,27345,10,train
27346,27346,10,train
27347,27347,2,train
27348,27348,1,train
27349,27349,18,test
27350,27350,9,train
27351,27351,9,train
27352,27352,18,test
27353,27353,4,train
27354,27354,3,train
27355,27355,3,train
27356,27356,14,validation
27357,27357,16,validation
27358,27358,19,test
27359,27359,19,test
27360,27360,12,train
27361,27361,12,train
27362,27362,16,validation
27363,27363,14,validation
27364,27364,9,train
27365,27365,2,train
27366,27366,14,validation
27367,27367,10,train
27368,27368,9,train
27369,27369,17,test
27370,27370,10,train
27371,27371,1,train
27372,27372,1,train
27373,27373,19,test
27374,27374,12,train
27375,27375,10,train
27376,27376,15,validation
27377,27377,14,validation
27378,27378,14,validation
27379,27379,6,train
27380,27380,0,train
27381,27381,9,train
27382,27382,15,validation
27383,27383,19,test
27384,27384,12,train
27385,27385,0,train
27386,27386,0,train
27387,27387,13,train
27388,27388,0,train
27389,27389,15,validation
27390,27390,19,test
27391,27391,7,train
27392,27392,8,train
27393,27393,4,train
27394,27394,3,train
27395,27395,5,train
27396,27396,16,validation
27397,27397,15,validation
27398,27398,9,train
27399,27399,1,train
27400,27400,12,train
27401,27401,15,validation
27402,27402,8,train
27403,27403,5,train
27404,27404,4,train
27405,27405,17,test
27406,27406,3,train
27407,27407,3,train
27408,27408,3,train
27409,27409,12,train
27410,27410,3,train
27411,27411,0,train
27412,27412,11,train
27413,27413,0,train
27414,27414,1,train
27415,27415,5,train
27416,27416,18,test
27417,27417,15,validation
27418,27418,17,test
27419,27419,3,train
27420,27420,4,train
27421,27421,9,train
27422,27422,17,test
27423,27423,4,train
27424,27424,18,test
27425,27425,0,train
27426,27426,1,train
27427,27427,2,train
27428,27428,11,train
27429,27429,19,test
27430,27430,5,train
27431,27431,6,train
27432,27432,3,train
27433,27433,3,train
27434,27434,10,train
27435,27435,7,train
27436,27436,2,train
27437,27437,1,train
27438,27438,18,test
27439,27439,5,train
27440,27440,3,train
27441,27441,11,train
27442,27442,9,train
27443,27443,0,train
27444,27444,2,train
27445,27445,4,train
27446,27446,9,train
27447,27447,1,train
27448,27448,6,train
27449,27449,9,train
27450,27450,2,train
27451,27451,11,train
27452,27452,16,validation
27453,27453,16,validation
27454,27454,12,train
27455,27455,6,train
27456,27456,10,train
27457,27457,3,train
27458,27458,12,train
27459,27459,16,validation
27460,27460,5,train
27461,27461,17,test
27462,27462,5,train
27463,27463,4,train
27464,27464,17,test
27465,27465,18,test
27466,27466,10,train
27467,27467,18,test
27468,27468,9,train
27469,27469,18,test
27470,27470,19,test
27471,27471,18,test
27472,27472,17,test
27473,27473,18,test
27474,27474,4,train
27475,27475,10,train
27476,27476,19,test
27477,27477,10,train
27478,27478,11,train
27479,27479,5,train
27480,27480,0,train
27481,27481,13,train
27482,27482,16,validation
27483,27483,11,train
27484,27484,7,train
27485,27485,17,test
27486,27486,3,train
27487,27487,13,train
27488,27488,5,train
27489,27489,17,test
27490,27490,8,train
27491,27491,3,train
27492,27492,7,train
27493,27493,1,train
27494,27494,12,train
27495,27495,2,train
27496,27496,3,train
27497,27497,0,train
27498,27498,10,train
27499,27499,17,test
27500,27500,7,train
27501,27501,3,train
27502,27502,7,train
27503,27503,7,train
27504,27504,11,train
27505,27505,19,test
27506,27506,5,train
27507,27507,18,test
27508,27508,19,test
27509,27509,1,train
27510,27510,14,validation
27511,27511,17,test
27512,27512,11,train
27513,27513,7,train
27514,27514,0,train
27515,27515,15,validation
27516,27516,19,test
27517,27517,3,train
27518,27518,10,train
27519,27519,13,train
27520,27520,16,validation
27521,27521,3,train
27522,27522,17,test
27523,27523,14,validation
27524,27524,19,test
27525,27525,8,train
27526,27526,19,test
27527,27527,12,train
27528,27528,19,test
27529,27529,12,train
27530,27530,4,train
27531,27531,19,test
27532,27532,3,train
27533,27533,13,train
27534,27534,13,train
27535,27535,0,train
27536,27536,17,test
27537,27537,3,train
27538,27538,15,validation
27539,27539,13,train
27540,27540,6,train
27541,27541,15,validation
27542,27542,15,validation
27543,27543,15,validation
27544,27544,4,train
27545,27545,19,test
27546,27546,12,train
27547,27547,7,train
27548,27548,11,train
27549,27549,14,validation
27550,27550,7,train
27551,27551,4,train
27552,27552,13,train
27553,27553,12,train
27554,27554,9,train
27555,27555,2,train
27556,27556,11,train
27557,27557,15,validation
27558,27558,6,train
27559,27559,0,train
27560,27560,5,train
27561,27561,13,train
27562,27562,6,train
27563,27563,14,validation
27564,27564,1,train
27565,27565,14,validation
27566,27566,19,test
27567,27567,16,validation
27568,27568,14,validation
27569,27569,3,train
27570,27570,7,train
27571,27571,16,validation
27572,27572,5,train
27573,27573,16,validation
27574,27574,2,train
27575,27575,6,train
27576,27576,2,train
27577,27577,9,train
27578,27578,0,train
27579,27579,11,train
27580,27580,19,test
27581,27581,15,validation
27582,27582,0,train
27583,27583,12,train
27584,27584,2,train
27585,27585,6,train
27586,27586,8,train
27587,27587,0,train
27588,27588,1,train
27589,27589,13,train
27590,27590,14,validation
27591,27591,12,train
27592,27592,9,train
27593,27593,18,test
27594,27594,12,train
27595,27595,8,train
27596,27596,6,train
27597,27597,16,validation
27598,27598,5,train
27599,27599,5,train
27600,27600,7,train
27601,27601,2,train
27602,27602,14,validation
27603,27603,2,train
27604,27604,14,validation
27605,27605,11,train
27606,27606,0,train
27607,27607,9,train
27608,27608,8,train
27609,27609,2,train
27610,27610,13,train
27611,27611,14,validation
27612,27612,16,validation
27613,27613,4,train
27614,27614,2,train
27615,27615,8,train
27616,27616,14,validation
27617,27617,4,train
27618,27618,6,train
27619,27619,14,validation
27620,27620,0,train
27621,27621,3,train
27622,27622,9,train
27623,27623,4,train
27624,27624,16,validation
27625,27625,16,validation
27626,27626,17,test
27627,27627,14,validation
27628,27628,9,train
27629,27629,4,train
27630,27630,1,train
27631,27631,17,test
27632,27632,3,train
27633,27633,6,train
27634,27634,2,train
27635,27635,11,train
27636,27636,19,test
27637,27637,11,train
27638,27638,15,validation
27639,27639,19,test
27640,27640,7,train
27641,27641,1,train
27642,27642,17,test
27643,27643,16,validation
27644,27644,16,validation
27645,27645,2,train
27646,27646,19,test
27647,27647,5,train
27648,27648,4,train
27649,27649,11,train
27650,27650,18,test
27651,27651,6,train
27652,27652,1,train
27653,27653,9,train
27654,27654,1,train
27655,27655,0,train
27656,27656,18,test
27657,27657,5,train
27658,27658,17,test
27659,27659,7,train
27660,27660,4,train
27661,27661,9,train
27662,27662,13,train
27663,27663,1,train
27664,27664,19,test
27665,27665,3,train
27666,27666,7,train
27667,27667,1,train
27668,27668,6,train
27669,27669,9,train
27670,27670,2,train
27671,27671,6,train
27672,27672,8,train
27673,27673,6,train
27674,27674,5,train
27675,27675,13,train
27676,27676,13,train
27677,27677,17,test
27678,27678,18,test
27679,27679,17,test
27680,27680,17,test
27681,27681,9,train
27682,27682,2,train
27683,27683,16,validation
27684,27684,4,train
27685,27685,17,test
27686,27686,15,validation
27687,27687,9,train
27688,27688,8,train
27689,27689,3,train
27690,27690,18,test
27691,27691,1,train
27692,27692,8,train
27693,27693,12,train
27694,27694,0,train
27695,27695,8,train
27696,27696,1,train
27697,27697,17,test
27698,27698,8,train
27699,27699,4,train
27700,27700,18,test
27701,27701,10,train
27702,27702,12,train
27703,27703,3,train
27704,27704,2,train
27705,27705,10,train
27706,27706,1,train
27707,27707,3,train
27708,27708,14,validation
27709,27709,8,train
27710,27710,0,train
27711,27711,2,train
27712,27712,18,test
27713,27713,14,validation
27714,27714,13,train
27715,27715,8,train
27716,27716,9,train
27717,27717,5,train
27718,27718,18,test
27719,27719,14,validation
27720,27720,11,train
27721,27721,15,validation
27722,27722,19,test
27723,27723,1,train
27724,27724,18,test
27725,27725,19,test
27726,27726,3,train
27727,27727,8,train
27728,27728,17,test
27729,27729,0,train
27730,27730,13,train
27731,27731,10,train
27732,27732,16,validation
27733,27733,18,test
27734,27734,9,train
27735,27735,1,train
27736,27736,9,train
27737,27737,18,test
27738,27738,15,validation
27739,27739,4,train
27740,27740,15,validation
27741,27741,17,test
27742,27742,4,train
27743,27743,13,train
27744,27744,7,train
27745,27745,13,train
27746,27746,6,train
27747,27747,11,train
27748,27748,17,test
27749,27749,5,train
27750,27750,15,validation
27751,27751,1,train
27752,27752,8,train
27753,27753,6,train
27754,27754,11,train
27755,27755,8,train
27756,27756,13,train
27757,27757,3,train
27758,27758,9,train
27759,27759,10,train
27760,27760,13,train
27761,27761,13,train
27762,27762,1,train
27763,27763,5,train
27764,27764,18,test
27765,27765,9,train
27766,27766,2,train
27767,27767,0,train
27768,27768,13,train
27769,27769,3,train
27770,27770,9,train
27771,27771,6,train
27772,27772,14,validation
27773,27773,10,train
27774,27774,13,train
27775,27775,7,train
27776,27776,13,train
27777,27777,3,train
27778,27778,6,train
27779,27779,10,train
27780,27780,16,validation
27781,27781,10,train
27782,27782,8,train
27783,27783,18,test
27784,27784,12,train
27785,27785,17,test
27786,27786,17,test
27787,27787,11,train
27788,27788,5,train
27789,27789,7,train
27790,27790,4,train
27791,27791,15,validation
27792,27792,5,train
27793,27793,15,validation
27794,27794,0,train
27795,27795,12,train
27796,27796,17,test
27797,27797,17,test
27798,27798,8,train
27799,27799,18,test
27800,27800,9,train
27801,27801,18,test
27802,27802,1,train
27803,27803,0,train
27804,27804,7,train
27805,27805,16,validation
27806,27806,10,train
27807,27807,19,test
27808,27808,13,train
27809,27809,3,train
27810,27810,16,validation
27811,27811,14,validation
27812,27812,7,train
27813,27813,3,train
27814,27814,8,train
27815,27815,1,train
27816,27816,6,train
27817,27817,4,train
27818,27818,18,test
27819,27819,5,train
27820,27820,13,train
27821,27821,9,train
27822,27822,5,train
27823,27823,1,train
27824,27824,16,validation
27825,27825,15,validation
27826,27826,18,test
27827,27827,17,test
27828,27828,10,train
27829,27829,2,train
27830,27830,5,train
27831,27831,15,validation
27832,27832,18,test
27833,27833,3,train
27834,27834,6,train
27835,27835,7,train
27836,27836,19,test
27837,27837,5,train
27838,27838,13,train
27839,27839,14,validation
27840,27840,10,train
27841,27841,19,test
27842,27842,1,train
27843,27843,19,test
27844,27844,13,train
27845,27845,4,train
27846,27846,13,train
27847,27847,12,train
27848,27848,16,validation
27849,27849,17,test
27850,27850,14,validation
27851,27851,16,validation
27852,27852,12,train
27853,27853,17,test
27854,27854,1,train
27855,27855,13,train
27856,27856,15,validation
27857,27857,0,train
27858,27858,15,validation
27859,27859,0,train
27860,27860,19,test
27861,27861,3,train
27862,27862,15,validation
27863,27863,9,train
27864,27864,4,train
27865,27865,14,validation
27866,27866,0,train
27867,27867,11,train
27868,27868,16,validation
27869,27869,2,train
27870,27870,6,train
27871,27871,11,train
27872,27872,18,test
27873,27873,12,train
27874,27874,14,validation
27875,27875,18,test
27876,27876,6,train
27877,27877,5,train
27878,27878,7,train
27879,27879,11,train
27880,27880,6,train
27881,27881,7,train
27882,27882,7,train
27883,27883,8,train
27884,27884,7,train
27885,27885,11,train
27886,27886,18,test
27887,27887,15,validation
27888,27888,13,train
27889,27889,7,train
27890,27890,7,train
27891,27891,6,train
27892,27892,17,test
27893,27893,18,test
27894,27894,14,validation
27895,27895,3,train
27896,27896,1,train
27897,27897,17,test
27898,27898,4,train
27899,27899,8,train
27900,27900,15,validation
27901,27901,13,train
27902,27902,8,train
27903,27903,4,train
27904,27904,7,train
27905,27905,5,train
27906,27906,7,train
27907,27907,14,validation
27908,27908,17,test
27909,27909,12,train
27910,27910,1,train
27911,27911,11,train
27912,27912,2,train
27913,27913,16,validation
27914,27914,11,train
27915,27915,1,train
27916,27916,6,train
27917,27917,18,test
27918,27918,1,train
27919,27919,16,validation
27920,27920,2,train
27921,27921,8,train
27922,27922,12,train
27923,27923,8,train
27924,27924,6,train
27925,27925,6,train
27926,27926,12,train
27927,27927,17,test
27928,27928,19,test
27929,27929,4,train
27930,27930,16,validation
27931,27931,18,test
27932,27932,2,train
27933,27933,0,train
27934,27934,9,train
27935,27935,1,train
27936,27936,6,train
27937,27937,7,train
27938,27938,7,train
27939,27939,10,train
27940,27940,9,train
27941,27941,6,train
27942,27942,0,train
27943,27943,13,train
27944,27944,14,validation
27945,27945,2,train
27946,27946,0,train
27947,27947,0,train
27948,27948,7,train
27949,27949,16,validation
27950,27950,0,train
27951,27951,5,train
27952,27952,7,train
27953,27953,15,validation
27954,27954,6,train
27955,27955,0,train
27956,27956,15,validation
27957,27957,16,validation
27958,27958,5,train
27959,27959,15,validation
27960,27960,3,train
27961,27961,18,test
27962,27962,1,train
27963,27963,14,validation
27964,27964,8,train
27965,27965,7,train
27966,27966,12,train
27967,27967,4,train
27968,27968,13,train
27969,27969,0,train
27970,27970,3,train
27971,27971,8,train
27972,27972,5,train
27973,27973,6,train
27974,27974,14,validation
27975,27975,18,test
27976,27976,1,train
27977,27977,1,train
27978,27978,14,validation
27979,27979,5,train
27980,27980,16,validation
27981,27981,19,test
27982,27982,18,test
27983,27983,5,train
27984,27984,14,validation
27985,27985,9,train
27986,27986,3,train
27987,27987,8,train
27988,27988,9,train
27989,27989,6,train
27990,27990,9,train
27991,27991,2,train
27992,27992,16,validation
27993,27993,9,train
27994,27994,15,validation
27995,27995,11,train
27996,27996,13,train
27997,27997,10,train
27998,27998,4,train
27999,27999,19,test
28000,28000,12,train
28001,28001,1,train
28002,28002,16,validation
28003,28003,4,train
28004,28004,3,train
28005,28005,3,train
28006,28006,5,train
28007,28007,13,train
28008,28008,15,validation
28009,28009,0,train
28010,28010,19,test
28011,28011,2,train
28012,28012,17,test
28013,28013,17,test
28014,28014,11,train
28015,28015,14,validation
28016,28016,16,validation
28017,28017,16,validation
28018,28018,4,train
28019,28019,4,train
28020,28020,2,train
28021,28021,7,train
28022,28022,3,train
28023,28023,11,train
28024,28024,19,test
28025,28025,9,train
28026,28026,11,train
28027,28027,5,train
28028,28028,11,train
28029,28029,17,test
28030,28030,15,validation
28031,28031,3,train
28032,28032,19,test
28033,28033,9,train
28034,28034,15,validation
28035,28035,1,train
28036,28036,16,validation
28037,28037,1,train
28038,28038,13,train
28039,28039,17,test
28040,28040,8,train
28041,28041,9,train
28042,28042,14,validation
28043,28043,13,train
28044,28044,5,train
28045,28045,11,train
28046,28046,15,validation
28047,28047,6,train
28048,28048,16,validation
28049,28049,18,test
28050,28050,18,test
28051,28051,13,train
28052,28052,18,test
28053,28053,12,train
28054,28054,7,train
28055,28055,3,train
28056,28056,17,test
28057,28057,2,train
28058,28058,5,train
28059,28059,17,test
28060,28060,10,train
28061,28061,4,train
28062,28062,1,train
28063,28063,7,train
28064,28064,6,train
28065,28065,1,train
28066,28066,19,test
28067,28067,10,train
28068,28068,5,train
28069,28069,11,train
28070,28070,5,train
28071,28071,2,train
28072,28072,19,test
28073,28073,0,train
28074,28074,5,train
28075,28075,13,train
28076,28076,5,train
28077,28077,4,train
28078,28078,14,validation
28079,28079,8,train
28080,28080,15,validation
28081,28081,9,train
28082,28082,12,train
28083,28083,10,train
28084,28084,16,validation
28085,28085,17,test
28086,28086,18,test
28087,28087,6,train
28088,28088,5,train
28089,28089,15,validation
28090,28090,10,train
28091,28091,19,test
28092,28092,14,validation
28093,28093,17,test
28094,28094,8,train
28095,28095,17,test
28096,28096,5,train
28097,28097,16,validation
28098,28098,14,validation
28099,28099,15,validation
28100,28100,19,test
28101,28101,19,test
28102,28102,9,train
28103,28103,5,train
28104,28104,11,train
28105,28105,13,train
28106,28106,12,train
28107,28107,3,train
28108,28108,7,train
28109,28109,4,train
28110,28110,0,train
28111,28111,16,validation
28112,28112,7,train
28113,28113,4,train
28114,28114,13,train
28115,28115,16,validation
28116,28116,11,train
28117,28117,15,validation
28118,28118,16,validation
28119,28119,10,train
28120,28120,9,train
28121,28121,1,train
28122,28122,7,train
28123,28123,12,train
28124,28124,17,test
28125,28125,5,train
28126,28126,17,test
28127,28127,11,train
28128,28128,18,test
28129,28129,7,train
28130,28130,11,train
28131,28131,1,train
28132,28132,11,train
28133,28133,7,train
28134,28134,2,train
28135,28135,2,train
28136,28136,3,train
28137,28137,0,train
28138,28138,18,test
28139,28139,7,train
28140,28140,14,validation
28141,28141,19,test
28142,28142,13,train
28143,28143,8,train
28144,28144,10,train
28145,28145,11,train
28146,28146,0,train
28147,28147,3,train
28148,28148,0,train
28149,28149,1,train
28150,28150,15,validation
28151,28151,18,test
28152,28152,1,train
28153,28153,17,test
28154,28154,14,validation
28155,28155,9,train
28156,28156,12,train
28157,28157,17,test
28158,28158,4,train
28159,28159,1,train
28160,28160,9,train
28161,28161,15,validation
28162,28162,17,test
28163,28163,15,validation
28164,28164,18,test
28165,28165,19,test
28166,28166,12,train
28167,28167,10,train
28168,28168,1,train
28169,28169,15,validation
28170,28170,17,test
28171,28171,10,train
28172,28172,17,test
28173,28173,9,train
28174,28174,12,train
28175,28175,14,validation
28176,28176,4,train
28177,28177,11,train
28178,28178,2,train
28179,28179,0,train
28180,28180,7,train
28181,28181,14,validation
28182,28182,0,train
28183,28183,6,train
28184,28184,9,train
28185,28185,15,validation
28186,28186,17,test
28187,28187,16,validation
28188,28188,14,validation
28189,28189,18,test
28190,28190,18,test
28191,28191,2,train
28192,28192,6,train
28193,28193,7,train
28194,28194,15,validation
28195,28195,14,validation
28196,28196,8,train
28197,28197,13,train
28198,28198,2,train
28199,28199,19,test
28200,28200,8,train
28201,28201,1,train
28202,28202,7,train
28203,28203,16,validation
28204,28204,12,train
28205,28205,4,train
28206,28206,19,test
28207,28207,8,train
28208,28208,0,train
28209,28209,5,train
28210,28210,2,train
28211,28211,0,train
28212,28212,18,test
28213,28213,17,test
28214,28214,4,train
28215,28215,8,train
28216,28216,0,train
28217,28217,19,test
28218,28218,15,validation
28219,28219,14,validation
28220,28220,4,train
28221,28221,9,train
28222,28222,8,train
28223,28223,2,train
28224,28224,2,train
28225,28225,3,train
28226,28226,10,train
28227,28227,11,train
28228,28228,13,train
28229,28229,1,train
28230,28230,3,train
28231,28231,2,train
28232,28232,1,train
28233,28233,3,train
28234,28234,10,train
28235,28235,13,train
28236,28236,2,train
28237,28237,11,train
28238,28238,17,test
28239,28239,12,train
28240,28240,6,train
28241,28241,4,train
28242,28242,16,validation
28243,28243,7,train
28244,28244,11,train
28245,28245,9,train
28246,28246,16,validation
28247,28247,16,validation
28248,28248,2,train
28249,28249,19,test
28250,28250,3,train
28251,28251,3,train
28252,28252,6,train
28253,28253,6,train
28254,28254,10,train
28255,28255,13,train
28256,28256,8,train
28257,28257,5,train
28258,28258,18,test
28259,28259,11,train
28260,28260,4,train
28261,28261,18,test
28262,28262,3,train
28263,28263,4,train
28264,28264,2,train
28265,28265,7,train
28266,28266,2,train
28267,28267,14,validation
28268,28268,19,test
28269,28269,10,train
28270,28270,15,validation
28271,28271,7,train
28272,28272,3,train
28273,28273,12,train
28274,28274,2,train
28275,28275,14,validation
28276,28276,16,validation
28277,28277,13,train
28278,28278,18,test
28279,28279,0,train
28280,28280,10,train
28281,28281,3,train
28282,28282,16,validation
28283,28283,5,train
28284,28284,17,test
28285,28285,18,test
28286,28286,6,train
28287,28287,14,validation
28288,28288,15,validation
28289,28289,4,train
28290,28290,17,test
28291,28291,10,train
28292,28292,19,test
28293,28293,12,train
28294,28294,16,validation
28295,28295,4,train
28296,28296,13,train
28297,28297,6,train
28298,28298,1,train
28299,28299,16,validation
28300,28300,9,train
28301,28301,3,train
28302,28302,17,test
28303,28303,14,validation
28304,28304,19,test
28305,28305,7,train
28306,28306,16,validation
28307,28307,6,train
28308,28308,8,train
28309,28309,15,validation
28310,28310,19,test
28311,28311,17,test
28312,28312,4,train
28313,28313,13,train
28314,28314,15,validation
28315,28315,19,test
28316,28316,19,test
28317,28317,11,train
28318,28318,8,train
28319,28319,6,train
28320,28320,9,train
28321,28321,3,train
28322,28322,4,train
28323,28323,4,train
28324,28324,0,train
28325,28325,17,test
28326,28326,7,train
28327,28327,1,train
28328,28328,3,train
28329,28329,1,train
28330,28330,16,validation
28331,28331,17,test
28332,28332,12,train
28333,28333,3,train
28334,28334,19,test
28335,28335,2,train
28336,28336,9,train
28337,28337,15,validation
28338,28338,1,train
28339,28339,18,test
28340,28340,3,train
28341,28341,11,train
28342,28342,9,train
28343,28343,8,train
28344,28344,3,train
28345,28345,11,train
28346,28346,19,test
28347,28347,16,validation
28348,28348,8,train
28349,28349,15,validation
28350,28350,2,train
28351,28351,15,validation
28352,28352,4,train
28353,28353,19,test
28354,28354,16,validation
28355,28355,12,train
28356,28356,3,train
28357,28357,10,train
28358,28358,0,train
28359,28359,10,train
28360,28360,6,train
28361,28361,14,validation
28362,28362,12,train
28363,28363,12,train
28364,28364,15,validation
28365,28365,10,train
28366,28366,18,test
28367,28367,15,validation
28368,28368,8,train
28369,28369,6,train
28370,28370,7,train
28371,28371,10,train
28372,28372,9,train
28373,28373,6,train
28374,28374,18,test
28375,28375,15,validation
28376,28376,10,train
28377,28377,14,validation
28378,28378,11,train
28379,28379,14,validation
28380,28380,16,validation
28381,28381,4,train
28382,28382,3,train
28383,28383,11,train
28384,28384,4,train
28385,28385,6,train
28386,28386,11,train
28387,28387,19,test
28388,28388,2,train
28389,28389,9,train
28390,28390,4,train
28391,28391,0,train
28392,28392,1,train
28393,28393,17,test
28394,28394,13,train
28395,28395,13,train
28396,28396,16,validation
28397,28397,0,train
28398,28398,7,train
28399,28399,5,train
28400,28400,19,test
28401,28401,19,test
28402,28402,13,train
28403,28403,4,train
28404,28404,16,validation
28405,28405,14,validation
28406,28406,15,validation
28407,28407,0,train
28408,28408,1,train
28409,28409,12,train
28410,28410,1,train
28411,28411,7,train
28412,28412,6,train
28413,28413,17,test
28414,28414,10,train
28415,28415,11,train
28416,28416,5,train
28417,28417,19,test
28418,28418,14,validation
28419,28419,14,validation
28420,28420,8,train
28421,28421,15,validation
28422,28422,8,train
28423,28423,12,train
28424,28424,13,train
28425,28425,1,train
28426,28426,1,train
28427,28427,6,train
28428,28428,15,validation
28429,28429,11,train
28430,28430,6,train
28431,28431,12,train
28432,28432,19,test
28433,28433,9,train
28434,28434,8,train
28435,28435,0,train
28436,28436,6,train
28437,28437,10,train
28438,28438,19,test
28439,28439,18,test
28440,28440,9,train
28441,28441,1,train
28442,28442,1,train
28443,28443,0,train
28444,28444,12,train
28445,28445,12,train
28446,28446,13,train
28447,28447,1,train
28448,28448,14,validation
28449,28449,19,test
28450,28450,8,train
28451,28451,17,test
28452,28452,10,train
28453,28453,12,train
28454,28454,1,train
28455,28455,18,test
28456,28456,9,train
28457,28457,6,train
28458,28458,5,train
28459,28459,19,test
28460,28460,2,train
28461,28461,13,train
28462,28462,12,train
28463,28463,0,train
28464,28464,16,validation
28465,28465,15,validation
28466,28466,8,train
28467,28467,13,train
28468,28468,11,train
28469,28469,4,train
28470,28470,14,validation
28471,28471,13,train
28472,28472,3,train
28473,28473,12,train
28474,28474,19,test
28475,28475,0,train
28476,28476,6,train
28477,28477,4,train
28478,28478,1,train
28479,28479,14,validation
28480,28480,8,train
28481,28481,19,test
28482,28482,1,train
28483,28483,5,train
28484,28484,18,test
28485,28485,6,train
28486,28486,0,train
28487,28487,16,validation
28488,28488,16,validation
28489,28489,0,train
28490,28490,14,validation
28491,28491,6,train
28492,28492,16,validation
28493,28493,7,train
28494,28494,14,validation
28495,28495,18,test
28496,28496,17,test
28497,28497,16,validation
28498,28498,2,train
28499,28499,7,train
28500,28500,16,validation
28501,28501,11,train
28502,28502,19,test
28503,28503,5,train
28504,28504,10,train
28505,28505,16,validation
28506,28506,6,train
28507,28507,19,test
28508,28508,18,test
28509,28509,0,train
28510,28510,6,train
28511,28511,18,test
28512,28512,3,train
28513,28513,10,train
28514,28514,11,train
28515,28515,0,train
28516,28516,13,train
28517,28517,7,train
28518,28518,12,train
28519,28519,15,validation
28520,28520,15,validation
28521,28521,9,train
28522,28522,6,train
28523,28523,11,train
28524,28524,11,train
28525,28525,17,test
28526,28526,17,test
28527,28527,13,train
28528,28528,7,train
28529,28529,18,test
28530,28530,15,validation
28531,28531,13,train
28532,28532,3,train
28533,28533,15,validation
28534,28534,7,train
28535,28535,8,train
28536,28536,9,train
28537,28537,14,validation
28538,28538,13,train
28539,28539,11,train
28540,28540,3,train
28541,28541,1,train
28542,28542,1,train
28543,28543,0,train
28544,28544,14,validation
28545,28545,9,train
28546,28546,5,train
28547,28547,8,train
28548,28548,8,train
28549,28549,12,train
28550,28550,14,validation
28551,28551,2,train
28552,28552,1,train
28553,28553,5,train
28554,28554,5,train
28555,28555,10,train
28556,28556,1,train
28557,28557,10,train
28558,28558,13,train
28559,28559,3,train
28560,28560,17,test
28561,28561,19,test
28562,28562,12,train
28563,28563,10,train
28564,28564,17,test
28565,28565,11,train
28566,28566,7,train
28567,28567,19,test
28568,28568,15,validation
28569,28569,7,train
28570,28570,7,train
28571,28571,16,validation
28572,28572,19,test
28573,28573,14,validation
28574,28574,19,test
28575,28575,2,train
28576,28576,12,train
28577,28577,1,train
28578,28578,6,train
28579,28579,12,train
28580,28580,1,train
28581,28581,17,test
28582,28582,14,validation
28583,28583,18,test
28584,28584,11,train
28585,28585,8,train
28586,28586,16,validation
28587,28587,0,train
28588,28588,0,train
28589,28589,11,train
28590,28590,1,train
28591,28591,4,train
28592,28592,3,train
28593,28593,11,train
28594,28594,10,train
28595,28595,8,train
28596,28596,11,train
28597,28597,6,train
28598,28598,1,train
28599,28599,6,train
28600,28600,6,train
28601,28601,8,train
28602,28602,9,train
28603,28603,3,train
28604,28604,5,train
28605,28605,9,train
28606,28606,3,train
28607,28607,8,train
28608,28608,7,train
28609,28609,11,train
28610,28610,12,train
28611,28611,4,train
28612,28612,4,train
28613,28613,0,train
28614,28614,6,train
28615,28615,5,train
28616,28616,8,train
28617,28617,2,train
28618,28618,8,train
28619,28619,3,train
28620,28620,17,test
28621,28621,13,train
28622,28622,19,test
28623,28623,19,test
28624,28624,0,train
28625,28625,19,test
28626,28626,7,train
28627,28627,8,train
28628,28628,17,test
28629,28629,4,train
28630,28630,4,train
28631,28631,5,train
28632,28632,0,train
28633,28633,11,train
28634,28634,12,train
28635,28635,5,train
28636,28636,14,validation
28637,28637,10,train
28638,28638,0,train
28639,28639,4,train
28640,28640,11,train
28641,28641,12,train
28642,28642,19,test
28643,28643,7,train
28644,28644,3,train
28645,28645,2,train
28646,28646,11,train
28647,28647,18,test
28648,28648,14,validation
28649,28649,6,train
28650,28650,6,train
28651,28651,10,train
28652,28652,16,validation
28653,28653,15,validation
28654,28654,6,train
28655,28655,16,validation
28656,28656,16,validation
28657,28657,8,train
28658,28658,16,validation
28659,28659,13,train
28660,28660,9,train
28661,28661,13,train
28662,28662,17,test
28663,28663,10,train
28664,28664,15,validation
28665,28665,11,train
28666,28666,4,train
28667,28667,6,train
28668,28668,10,train
28669,28669,6,train
28670,28670,2,train
28671,28671,4,train
28672,28672,4,train
28673,28673,12,train
28674,28674,9,train
28675,28675,8,train
28676,28676,10,train
28677,28677,9,train
28678,28678,9,train
28679,28679,10,train
28680,28680,0,train
28681,28681,13,train
28682,28682,6,train
28683,28683,10,train
28684,28684,14,validation
28685,28685,10,train
28686,28686,7,train
28687,28687,4,train
28688,28688,4,train
28689,28689,2,train
28690,28690,6,train
28691,28691,5,train
28692,28692,11,train
28693,28693,4,train
28694,28694,16,validation
28695,28695,10,train
28696,28696,16,validation
28697,28697,17,test
28698,28698,14,validation
28699,28699,5,train
28700,28700,3,train
28701,28701,4,train
28702,28702,17,test
28703,28703,18,test
28704,28704,10,train
28705,28705,8,train
28706,28706,6,train
28707,28707,4,train
28708,28708,12,train
28709,28709,2,train
28710,28710,12,train
28711,28711,2,train
28712,28712,3,train
28713,28713,12,train
28714,28714,2,train
28715,28715,13,train
28716,28716,17,test
28717,28717,1,train
28718,28718,9,train
28719,28719,2,train
28720,28720,0,train
28721,28721,6,train
28722,28722,11,train
28723,28723,11,train
28724,28724,17,test
28725,28725,18,test
28726,28726,3,train
28727,28727,6,train
28728,28728,8,train
28729,28729,16,validation
28730,28730,7,train
28731,28731,14,validation
28732,28732,19,test
28733,28733,8,train
28734,28734,17,test
28735,28735,10,train
28736,28736,0,train
28737,28737,5,train
28738,28738,6,train
28739,28739,6,train
28740,28740,2,train
28741,28741,17,test
28742,28742,3,train
28743,28743,9,train
28744,28744,19,test
28745,28745,9,train
28746,28746,0,train
28747,28747,7,train
28748,28748,0,train
28749,28749,1,train
28750,28750,17,test
28751,28751,18,test
28752,28752,11,train
28753,28753,8,train
28754,28754,17,test
28755,28755,17,test
28756,28756,10,train
28757,28757,11,train
28758,28758,0,train
28759,28759,6,train
28760,28760,4,train
28761,28761,0,train
28762,28762,2,train
28763,28763,12,train
28764,28764,19,test
28765,28765,12,train
28766,28766,13,train
28767,28767,12,train
28768,28768,8,train
28769,28769,18,test
28770,28770,0,train
28771,28771,13,train
28772,28772,0,train
28773,28773,2,train
28774,28774,2,train
28775,28775,12,train
28776,28776,15,validation
28777,28777,13,train
28778,28778,16,validation
28779,28779,16,validation
28780,28780,5,train
28781,28781,19,test
28782,28782,2,train
28783,28783,13,train
28784,28784,12,train
28785,28785,10,train
28786,28786,17,test
28787,28787,17,test
28788,28788,9,train
28789,28789,7,train
28790,28790,10,train
28791,28791,2,train
28792,28792,1,train
28793,28793,0,train
28794,28794,0,train
28795,28795,16,validation
28796,28796,3,train
28797,28797,0,train
28798,28798,18,test
28799,28799,1,train
28800,28800,12,train
28801,28801,3,train
28802,28802,1,train
28803,28803,7,train
28804,28804,7,train
28805,28805,5,train
28806,28806,7,train
28807,28807,2,train
28808,28808,15,validation
28809,28809,5,train
28810,28810,12,train
28811,28811,0,train
28812,28812,12,train
28813,28813,12,train
28814,28814,8,train
28815,28815,17,test
28816,28816,13,train
28817,28817,11,train
28818,28818,4,train
28819,28819,17,test
28820,28820,15,validation
28821,28821,1,train
28822,28822,8,train
28823,28823,0,train
28824,28824,18,test
28825,28825,1,train
28826,28826,7,train
28827,28827,6,train
28828,28828,5,train
28829,28829,12,train
28830,28830,0,train
28831,28831,11,train
28832,28832,3,train
28833,28833,11,train
28834,28834,1,train
28835,28835,13,train
28836,28836,19,test
28837,28837,9,train
28838,28838,10,train
28839,28839,2,train
28840,28840,5,train
28841,28841,0,train
28842,28842,14,validation
28843,28843,10,train
28844,28844,4,train
28845,28845,3,train
28846,28846,9,train
28847,28847,13,train
28848,28848,1,train
28849,28849,16,validation
28850,28850,10,train
28851,28851,15,validation
28852,28852,3,train
28853,28853,15,validation
28854,28854,11,train
28855,28855,3,train
28856,28856,8,train
28857,28857,11,train
28858,28858,1,train
28859,28859,9,train
28860,28860,2,train
28861,28861,6,train
28862,28862,1,train
28863,28863,14,validation
28864,28864,2,train
28865,28865,12,train
28866,28866,2,train
28867,28867,16,validation
28868,28868,18,test
28869,28869,8,train
28870,28870,16,validation
28871,28871,18,test
28872,28872,11,train
28873,28873,0,train
28874,28874,6,train
28875,28875,0,train
28876,28876,11,train
28877,28877,17,test
28878,28878,18,test
28879,28879,14,validation
28880,28880,13,train
28881,28881,10,train
28882,28882,7,train
28883,28883,6,train
28884,28884,13,train
28885,28885,17,test
28886,28886,18,test
28887,28887,4,train
28888,28888,5,train
28889,28889,11,train
28890,28890,14,validation
28891,28891,14,validation
28892,28892,7,train
28893,28893,18,test
28894,28894,14,validation
28895,28895,0,train
28896,28896,13,train
28897,28897,8,train
28898,28898,6,train
28899,28899,18,test
28900,28900,13,train
28901,28901,1,train
28902,28902,4,train
28903,28903,0,train
28904,28904,7,train
28905,28905,15,validation
28906,28906,0,train
28907,28907,7,train
28908,28908,16,validation
28909,28909,8,train
28910,28910,7,train
28911,28911,9,train
28912,28912,17,test
28913,28913,10,train
28914,28914,11,train
28915,28915,7,train
28916,28916,16,validation
28917,28917,9,train
28918,28918,11,train
28919,28919,0,train
28920,28920,2,train
28921,28921,1,train
28922,28922,13,train
28923,28923,15,validation
28924,28924,16,validation
28925,28925,7,train
28926,28926,4,train
28927,28927,2,train
28928,28928,11,train
28929,28929,19,test
28930,28930,16,validation
28931,28931,14,validation
28932,28932,3,train
28933,28933,5,train
28934,28934,6,train
28935,28935,8,train
28936,28936,7,train
28937,28937,14,validation
28938,28938,0,train
28939,28939,0,train
28940,28940,16,validation
28941,28941,11,train
28942,28942,16,validation
28943,28943,3,train
28944,28944,13,train
28945,28945,3,train
28946,28946,11,train
28947,28947,5,train
28948,28948,3,train
28949,28949,18,test
28950,28950,17,test
28951,28951,0,train
28952,28952,2,train
28953,28953,8,train
28954,28954,6,train
28955,28955,11,train
28956,28956,15,validation
28957,28957,9,train
28958,28958,6,train
28959,28959,18,test
28960,28960,18,test
28961,28961,5,train
28962,28962,18,test
28963,28963,14,validation
28964,28964,6,train
28965,28965,1,train
28966,28966,10,train
28967,28967,6,train
28968,28968,18,test
28969,28969,9,train
28970,28970,15,validation
28971,28971,10,train
28972,28972,3,train
28973,28973,19,test
28974,28974,8,train
28975,28975,10,train
28976,28976,7,train
28977,28977,16,validation
28978,28978,9,train
28979,28979,19,test
28980,28980,19,test
28981,28981,16,validation
28982,28982,4,train
28983,28983,2,train
28984,28984,6,train
28985,28985,15,validation
28986,28986,11,train
28987,28987,2,train
28988,28988,7,train
28989,28989,2,train
28990,28990,10,train
28991,28991,0,train
28992,28992,12,train
28993,28993,8,train
28994,28994,19,test
28995,28995,10,train
28996,28996,4,train
28997,28997,1,train
28998,28998,11,train
28999,28999,6,train
29000,29000,16,validation
29001,29001,16,validation
29002,29002,11,train
29003,29003,14,validation
29004,29004,12,train
29005,29005,7,train
29006,29006,16,validation
29007,29007,1,train
29008,29008,8,train
29009,29009,17,test
29010,29010,14,validation
29011,29011,9,train
29012,29012,17,test
29013,29013,1,train
29014,29014,8,train
29015,29015,15,validation
29016,29016,9,train
29017,29017,3,train
29018,29018,0,train
29019,29019,10,train
29020,29020,3,train
29021,29021,0,train
29022,29022,19,test
29023,29023,9,train
29024,29024,9,train
29025,29025,19,test
29026,29026,4,train
29027,29027,18,test
29028,29028,19,test
29029,29029,9,train
29030,29030,1,train
29031,29031,11,train
29032,29032,12,train
29033,29033,0,train
29034,29034,19,test
29035,29035,9,train
29036,29036,0,train
29037,29037,12,train
29038,29038,13,train
29039,29039,12,train
29040,29040,19,test
29041,29041,1,train
29042,29042,4,train
29043,29043,0,train
29044,29044,19,test
29045,29045,12,train
29046,29046,18,test
29047,29047,9,train
29048,29048,17,test
29049,29049,14,validation
29050,29050,13,train
29051,29051,16,validation
29052,29052,12,train
29053,29053,2,train
29054,29054,19,test
29055,29055,2,train
29056,29056,10,train
29057,29057,5,train
29058,29058,15,validation
29059,29059,8,train
29060,29060,16,validation
29061,29061,8,train
29062,29062,2,train
29063,29063,10,train
29064,29064,1,train
29065,29065,13,train
29066,29066,13,train
29067,29067,3,train
29068,29068,4,train
29069,29069,1,train
29070,29070,2,train
29071,29071,17,test
29072,29072,15,validation
29073,29073,10,train
29074,29074,0,train
29075,29075,3,train
29076,29076,18,test
29077,29077,5,train
29078,29078,14,validation
29079,29079,8,train
29080,29080,13,train
29081,29081,8,train
29082,29082,1,train
29083,29083,15,validation
29084,29084,12,train
29085,29085,15,validation
29086,29086,4,train
29087,29087,16,validation
29088,29088,15,validation
29089,29089,18,test
29090,29090,6,train
29091,29091,13,train
29092,29092,13,train
29093,29093,2,train
29094,29094,12,train
29095,29095,3,train
29096,29096,8,train
29097,29097,4,train
29098,29098,13,train
29099,29099,14,validation
29100,29100,9,train
29101,29101,9,train
29102,29102,4,train
29103,29103,9,train
29104,29104,3,train
29105,29105,0,train
29106,29106,2,train
29107,29107,4,train
29108,29108,15,validation
29109,29109,9,train
29110,29110,19,test
29111,29111,5,train
29112,29112,4,train
29113,29113,4,train
29114,29114,15,validation
29115,29115,7,train
29116,29116,17,test
29117,29117,18,test
29118,29118,18,test
29119,29119,9,train
29120,29120,4,train
29121,29121,3,train
29122,29122,10,train
29123,29123,0,train
29124,29124,4,train
29125,29125,19,test
29126,29126,4,train
29127,29127,7,train
29128,29128,1,train
29129,29129,2,train
29130,29130,0,train
29131,29131,10,train
29132,29132,8,train
29133,29133,12,train
29134,29134,12,train
29135,29135,6,train
29136,29136,10,train
29137,29137,18,test
29138,29138,6,train
29139,29139,1,train
29140,29140,9,train
29141,29141,11,train
29142,29142,2,train
29143,29143,0,train
29144,29144,15,validation
29145,29145,12,train
29146,29146,8,train
29147,29147,13,train
29148,29148,6,train
29149,29149,3,train
29150,29150,2,train
29151,29151,19,test
29152,29152,19,test
29153,29153,18,test
29154,29154,0,train
29155,29155,0,train
29156,29156,10,train
29157,29157,19,test
29158,29158,16,validation
29159,29159,17,test
29160,29160,2,train
29161,29161,13,train
29162,29162,16,validation
29163,29163,0,train
29164,29164,10,train
29165,29165,6,train
29166,29166,12,train
29167,29167,14,validation
29168,29168,10,train
29169,29169,2,train
29170,29170,14,validation
29171,29171,6,train
29172,29172,12,train
29173,29173,8,train
29174,29174,16,validation
29175,29175,1,train
29176,29176,18,test
29177,29177,14,validation
29178,29178,8,train
29179,29179,11,train
29180,29180,1,train
29181,29181,15,validation
29182,29182,15,validation
29183,29183,19,test
29184,29184,7,train
29185,29185,15,validation
29186,29186,12,train
29187,29187,18,test
29188,29188,3,train
29189,29189,1,train
29190,29190,12,train
29191,29191,17,test
29192,29192,17,test
29193,29193,15,validation
29194,29194,13,train
29195,29195,8,train
29196,29196,4,train
29197,29197,18,test
29198,29198,9,train
29199,29199,2,train
29200,29200,17,test
29201,29201,10,train
29202,29202,8,train
29203,29203,8,train
29204,29204,3,train
29205,29205,11,train
29206,29206,13,train
29207,29207,15,validation
29208,29208,19,test
29209,29209,17,test
29210,29210,12,train
29211,29211,9,train
29212,29212,14,validation
29213,29213,7,train
29214,29214,0,train
29215,29215,2,train
29216,29216,18,test
29217,29217,17,test
29218,29218,13,train
29219,29219,18,test
29220,29220,4,train
29221,29221,11,train
29222,29222,18,test
29223,29223,15,validation
29224,29224,18,test
29225,29225,3,train
29226,29226,15,validation
29227,29227,18,test
29228,29228,19,test
29229,29229,7,train
29230,29230,17,test
29231,29231,19,test
29232,29232,1,train
29233,29233,18,test
29234,29234,13,train
29235,29235,8,train
29236,29236,17,test
29237,29237,5,train
29238,29238,2,train
29239,29239,1,train
29240,29240,13,train
29241,29241,18,test
29242,29242,16,validation
29243,29243,15,validation
29244,29244,6,train
29245,29245,11,train
29246,29246,2,train
29247,29247,19,test
29248,29248,1,train
29249,29249,6,train
29250,29250,11,train
29251,29251,9,train
29252,29252,7,train
29253,29253,13,train
29254,29254,6,train
29255,29255,2,train
29256,29256,16,validation
29257,29257,16,validation
29258,29258,14,validation
29259,29259,12,train
29260,29260,14,validation
29261,29261,3,train
29262,29262,7,train
29263,29263,18,test
29264,29264,10,train
29265,29265,16,validation
29266,29266,17,test
29267,29267,4,train
29268,29268,6,train
29269,29269,17,test
29270,29270,16,validation
29271,29271,2,train
29272,29272,9,train
29273,29273,7,train
29274,29274,5,train
29275,29275,18,test
29276,29276,9,train
29277,29277,9,train
29278,29278,18,test
29279,29279,11,train
29280,29280,19,test
29281,29281,14,validation
29282,29282,2,train
29283,29283,16,validation
29284,29284,19,test
29285,29285,16,validation
29286,29286,3,train
29287,29287,17,test
29288,29288,8,train
29289,29289,0,train
29290,29290,14,validation
29291,29291,4,train
29292,29292,1,train
29293,29293,14,validation
29294,29294,18,test
29295,29295,4,train
29296,29296,7,train
29297,29297,12,train
29298,29298,16,validation
29299,29299,15,validation
29300,29300,0,train
29301,29301,16,validation
29302,29302,13,train
29303,29303,11,train
29304,29304,7,train
29305,29305,18,test
29306,29306,7,train
29307,29307,1,train
29308,29308,9,train
29309,29309,2,train
29310,29310,11,train
29311,29311,2,train
29312,29312,11,train
29313,29313,2,train
29314,29314,18,test
29315,29315,0,train
29316,29316,19,test
29317,29317,14,validation
29318,29318,10,train
29319,29319,18,test
29320,29320,1,train
29321,29321,13,train
29322,29322,16,validation
29323,29323,17,test
29324,29324,18,test
29325,29325,12,train
29326,29326,4,train
29327,29327,19,test
29328,29328,15,validation
29329,29329,15,validation
29330,29330,11,train
29331,29331,19,test
29332,29332,5,train
29333,29333,1,train
29334,29334,1,train
29335,29335,1,train
29336,29336,12,train
29337,29337,16,validation
29338,29338,18,test
29339,29339,12,train
29340,29340,8,train
29341,29341,7,train
29342,29342,9,train
29343,29343,10,train
29344,29344,16,validation
29345,29345,19,test
29346,29346,13,train
29347,29347,15,validation
29348,29348,5,train
29349,29349,18,test
29350,29350,14,validation
29351,29351,2,train
29352,29352,4,train
29353,29353,5,train
29354,29354,8,train
29355,29355,10,train
29356,29356,11,train
29357,29357,0,train
29358,29358,8,train
29359,29359,10,train
29360,29360,16,validation
29361,29361,15,validation
29362,29362,4,train
29363,29363,15,validation
29364,29364,14,validation
29365,29365,7,train
29366,29366,3,train
29367,29367,11,train
29368,29368,3,train
29369,29369,10,train
29370,29370,2,train
29371,29371,16,validation
29372,29372,9,train
29373,29373,18,test
29374,29374,5,train
29375,29375,19,test
29376,29376,17,test
29377,29377,8,train
29378,29378,3,train
29379,29379,8,train
29380,29380,0,train
29381,29381,15,validation
29382,29382,18,test
29383,29383,7,train
29384,29384,4,train
29385,29385,2,train
29386,29386,7,train
29387,29387,1,train
29388,29388,6,train
29389,29389,3,train
29390,29390,18,test
29391,29391,13,train
29392,29392,19,test
29393,29393,11,train
29394,29394,7,train
29395,29395,8,train
29396,29396,5,train
29397,29397,9,train
29398,29398,13,train
29399,29399,10,train
29400,29400,6,train
29401,29401,2,train
29402,29402,1,train
29403,29403,17,test
29404,29404,5,train
29405,29405,13,train
29406,29406,7,train
29407,29407,9,train
29408,29408,0,train
29409,29409,7,train
29410,29410,1,train
29411,29411,5,train
29412,29412,13,train
29413,29413,15,validation
29414,29414,5,train
29415,29415,11,train
29416,29416,15,validation
29417,29417,5,train
29418,29418,12,train
29419,29419,6,train
29420,29420,0,train
29421,29421,10,train
29422,29422,19,test
29423,29423,19,test
29424,29424,9,train
29425,29425,18,test
29426,29426,12,train
29427,29427,18,test
29428,29428,0,train
29429,29429,12,train
29430,29430,8,train
29431,29431,11,train
29432,29432,5,train
29433,29433,14,validation
29434,29434,12,train
29435,29435,16,validation
29436,29436,14,validation
29437,29437,5,train
29438,29438,13,train
29439,29439,9,train
29440,29440,1,train
29441,29441,12,train
29442,29442,18,test
29443,29443,9,train
29444,29444,7,train
29445,29445,10,train
29446,29446,0,train
29447,29447,15,validation
29448,29448,14,validation
29449,29449,15,validation
29450,29450,3,train
29451,29451,18,test
29452,29452,2,train
29453,29453,3,train
29454,29454,16,validation
29455,29455,19,test
29456,29456,3,train
29457,29457,14,validation
29458,29458,12,train
29459,29459,5,train
29460,29460,3,train
29461,29461,15,validation
29462,29462,1,train
29463,29463,19,test
29464,29464,17,test
29465,29465,11,train
29466,29466,13,train
29467,29467,15,validation
29468,29468,10,train
29469,29469,13,train
29470,29470,12,train
29471,29471,4,train
29472,29472,9,train
29473,29473,18,test
29474,29474,5,train
29475,29475,15,validation
29476,29476,9,train
29477,29477,2,train
29478,29478,16,validation
29479,29479,18,test
29480,29480,4,train
29481,29481,9,train
29482,29482,16,validation
29483,29483,10,train
29484,29484,18,test
29485,29485,14,validation
29486,29486,3,train
29487,29487,9,train
29488,29488,15,validation
29489,29489,18,test
29490,29490,2,train
29491,29491,1,train
29492,29492,10,train
29493,29493,7,train
29494,29494,10,train
29495,29495,19,test
29496,29496,6,train
29497,29497,3,train
29498,29498,4,train
29499,29499,17,test
29500,29500,8,train
29501,29501,6,train
29502,29502,16,validation
29503,29503,7,train
29504,29504,17,test
29505,29505,17,test
29506,29506,10,train
29507,29507,0,train
29508,29508,5,train
29509,29509,2,train
29510,29510,9,train
29511,29511,19,test
29512,29512,10,train
29513,29513,4,train
29514,29514,8,train
29515,29515,10,train
29516,29516,17,test
29517,29517,10,train
29518,29518,19,test
29519,29519,6,train
29520,29520,16,validation
29521,29521,15,validation
29522,29522,18,test
29523,29523,2,train
29524,29524,8,train
29525,29525,6,train
29526,29526,15,validation
29527,29527,12,train
29528,29528,5,train
29529,29529,1,train
29530,29530,8,train
29531,29531,8,train
29532,29532,17,test
29533,29533,15,validation
29534,29534,18,test
29535,29535,4,train
29536,29536,4,train
29537,29537,11,train
29538,29538,17,test
29539,29539,12,train
29540,29540,6,train
29541,29541,5,train
29542,29542,4,train
29543,29543,3,train
29544,29544,14,validation
29545,29545,17,test
29546,29546,3,train
29547,29547,9,train
29548,29548,5,train
29549,29549,7,train
29550,29550,9,train
29551,29551,15,validation
29552,29552,13,train
29553,29553,2,train
29554,29554,5,train
29555,29555,6,train
29556,29556,17,test
29557,29557,10,train
29558,29558,4,train
29559,29559,16,validation
29560,29560,19,test
29561,29561,19,test
29562,29562,1,train
29563,29563,3,train
29564,29564,16,validation
29565,29565,18,test
29566,29566,4,train
29567,29567,7,train
29568,29568,11,train
29569,29569,17,test
29570,29570,2,train
29571,29571,7,train
29572,29572,5,train
29573,29573,7,train
29574,29574,5,train
29575,29575,1,train
29576,29576,16,validation
29577,29577,13,train
29578,29578,1,train
29579,29579,1,train
29580,29580,16,validation
29581,29581,7,train
29582,29582,12,train
29583,29583,8,train
29584,29584,11,train
29585,29585,14,validation
29586,29586,6,train
29587,29587,4,train
29588,29588,16,validation
29589,29589,8,train
29590,29590,16,validation
29591,29591,9,train
29592,29592,0,train
29593,29593,2,train
29594,29594,14,validation
29595,29595,9,train
29596,29596,10,train
29597,29597,7,train
29598,29598,7,train
29599,29599,3,train
29600,29600,8,train
29601,29601,0,train
29602,29602,13,train
29603,29603,11,train
29604,29604,3,train
29605,29605,14,validation
29606,29606,2,train
29607,29607,18,test
29608,29608,11,train
29609,29609,11,train
29610,29610,11,train
29611,29611,2,train
29612,29612,2,train
29613,29613,7,train
29614,29614,16,validation
29615,29615,4,train
29616,29616,4,train
29617,29617,7,train
29618,29618,1,train
29619,29619,11,train
29620,29620,8,train
29621,29621,3,train
29622,29622,10,train
29623,29623,12,train
29624,29624,19,test
29625,29625,7,train
29626,29626,19,test
29627,29627,16,validation
29628,29628,2,train
29629,29629,0,train
29630,29630,14,validation
29631,29631,8,train
29632,29632,1,train
29633,29633,1,train
29634,29634,15,validation
29635,29635,4,train
29636,29636,3,train
29637,29637,15,validation
29638,29638,18,test
29639,29639,11,train
29640,29640,17,test
29641,29641,19,test
29642,29642,17,test
29643,29643,6,train
29644,29644,5,train
29645,29645,9,train
29646,29646,8,train
29647,29647,1,train
29648,29648,4,train
29649,29649,15,validation
29650,29650,9,train
29651,29651,0,train
29652,29652,18,test
29653,29653,14,validation
29654,29654,10,train
29655,29655,4,train
29656,29656,9,train
29657,29657,0,train
29658,29658,8,train
29659,29659,19,test
29660,29660,10,train
29661,29661,15,validation
29662,29662,0,train
29663,29663,2,train
29664,29664,12,train
29665,29665,15,validation
29666,29666,11,train
29667,29667,4,train
29668,29668,6,train
29669,29669,8,train
29670,29670,14,validation
29671,29671,15,validation
29672,29672,10,train
29673,29673,14,validation
29674,29674,14,validation
29675,29675,8,train
29676,29676,15,validation
29677,29677,5,train
29678,29678,19,test
29679,29679,4,train
29680,29680,14,validation
29681,29681,2,train
29682,29682,12,train
29683,29683,19,test
29684,29684,7,train
29685,29685,19,test
29686,29686,3,train
29687,29687,2,train
29688,29688,3,train
29689,29689,5,train
29690,29690,18,test
29691,29691,4,train
29692,29692,14,validation
29693,29693,16,validation
29694,29694,16,validation
29695,29695,0,train
29696,29696,11,train
29697,29697,10,train
29698,29698,5,train
29699,29699,18,test
29700,29700,18,test
29701,29701,12,train
29702,29702,11,train
29703,29703,4,train
29704,29704,7,train
29705,29705,11,train
29706,29706,8,train
29707,29707,11,train
29708,29708,6,train
29709,29709,9,train
29710,29710,6,train
29711,29711,9,train
29712,29712,9,train
29713,29713,6,train
29714,29714,19,test
29715,29715,4,train
29716,29716,15,validation
29717,29717,7,train
29718,29718,18,test
29719,29719,19,test
29720,29720,1,train
29721,29721,10,train
29722,29722,12,train
29723,29723,17,test
29724,29724,14,validation
29725,29725,2,train
29726,29726,10,train
29727,29727,8,train
29728,29728,7,train
29729,29729,1,train
29730,29730,8,train
29731,29731,18,test
29732,29732,19,test
29733,29733,15,validation
29734,29734,7,train
29735,29735,10,train
29736,29736,6,train
29737,29737,14,validation
29738,29738,15,validation
29739,29739,0,train
29740,29740,15,validation
29741,29741,15,validation
29742,29742,13,train
29743,29743,1,train
29744,29744,9,train
29745,29745,2,train
29746,29746,17,test
29747,29747,12,train
29748,29748,4,train
29749,29749,18,test
29750,29750,2,train
29751,29751,1,train
29752,29752,16,validation
29753,29753,16,validation
29754,29754,11,train
29755,29755,5,train
29756,29756,19,test
29757,29757,19,test
29758,29758,6,train
29759,29759,11,train
29760,29760,18,test
29761,29761,8,train
29762,29762,12,train
29763,29763,6,train
29764,29764,18,test
29765,29765,2,train
29766,29766,10,train
29767,29767,0,train
29768,29768,18,test
29769,29769,13,train
29770,29770,4,train
29771,29771,10,train
29772,29772,15,validation
29773,29773,16,validation
29774,29774,0,train
29775,29775,12,train
29776,29776,1,train
29777,29777,15,validation
29778,29778,5,train
29779,29779,11,train
29780,29780,3,train
29781,29781,14,validation
29782,29782,11,train
29783,29783,1,train
29784,29784,12,train
29785,29785,7,train
29786,29786,1,train
29787,29787,18,test
29788,29788,6,train
29789,29789,8,train
29790,29790,8,train
29791,29791,1,train
29792,29792,1,train
29793,29793,10,train
29794,29794,13,train
29795,29795,15,validation
29796,29796,7,train
29797,29797,13,train
29798,29798,17,test
29799,29799,5,train
29800,29800,5,train
29801,29801,2,train
29802,29802,3,train
29803,29803,17,test
29804,29804,7,train
29805,29805,15,validation
29806,29806,19,test
29807,29807,11,train
29808,29808,1,train
29809,29809,10,train
29810,29810,7,train
29811,29811,17,test
29812,29812,17,test
29813,29813,19,test
29814,29814,16,validation
29815,29815,13,train
29816,29816,17,test
29817,29817,12,train
29818,29818,8,train
29819,29819,4,train
29820,29820,1,train
29821,29821,0,train
29822,29822,7,train
29823,29823,7,train
29824,29824,13,train
29825,29825,1,train
29826,29826,10,train
29827,29827,19,test
29828,29828,0,train
29829,29829,8,train
29830,29830,0,train
29831,29831,6,train
29832,29832,3,train
29833,29833,12,train
29834,29834,18,test
29835,29835,0,train
29836,29836,3,train
29837,29837,11,train
29838,29838,18,test
29839,29839,12,train
29840,29840,19,test
29841,29841,13,train
29842,29842,9,train
29843,29843,16,validation
29844,29844,6,train
29845,29845,6,train
29846,29846,2,train
29847,29847,15,validation
29848,29848,7,train
29849,29849,5,train
29850,29850,17,test
29851,29851,16,validation
29852,29852,16,validation
29853,29853,16,validation
29854,29854,13,train
29855,29855,15,validation
29856,29856,5,train
29857,29857,5,train
29858,29858,13,train
29859,29859,10,train
29860,29860,14,validation
29861,29861,0,train
29862,29862,2,train
29863,29863,5,train
29864,29864,13,train
29865,29865,1,train
29866,29866,9,train
29867,29867,10,train
29868,29868,10,train
29869,29869,11,train
29870,29870,6,train
29871,29871,4,train
29872,29872,1,train
29873,29873,6,train
29874,29874,7,train
29875,29875,18,test
29876,29876,2,train
29877,29877,18,test
29878,29878,5,train
29879,29879,5,train
29880,29880,9,train
29881,29881,4,train
29882,29882,14,validation
29883,29883,9,train
29884,29884,5,train
29885,29885,1,train
29886,29886,17,test
29887,29887,11,train
29888,29888,15,validation
29889,29889,6,train
29890,29890,11,train
29891,29891,12,train
29892,29892,0,train
29893,29893,12,train
29894,29894,19,test
29895,29895,13,train
29896,29896,12,train
29897,29897,17,test
29898,29898,5,train
29899,29899,0,train
29900,29900,4,train
29901,29901,0,train
29902,29902,7,train
29903,29903,13,train
29904,29904,13,train
29905,29905,6,train
29906,29906,3,train
29907,29907,1,train
29908,29908,9,train
29909,29909,13,train
29910,29910,6,train
29911,29911,4,train
29912,29912,2,train
29913,29913,17,test
29914,29914,14,validation
29915,29915,7,train
29916,29916,17,test
29917,29917,14,validation
29918,29918,10,train
29919,29919,1,train
29920,29920,15,validation
29921,29921,16,validation
29922,29922,18,test
29923,29923,1,train
29924,29924,14,validation
29925,29925,10,train
29926,29926,12,train
29927,29927,5,train
29928,29928,1,train
29929,29929,3,train
29930,29930,10,train
29931,29931,14,validation
29932,29932,1,train
29933,29933,9,train
29934,29934,17,test
29935,29935,5,train
29936,29936,2,train
29937,29937,2,train
29938,29938,1,train
29939,29939,15,validation
29940,29940,16,validation
29941,29941,1,train
29942,29942,13,train
29943,29943,16,validation
29944,29944,0,train
29945,29945,19,test
29946,29946,9,train
29947,29947,15,validation
29948,29948,1,train
29949,29949,18,test
29950,29950,6,train
29951,29951,2,train
29952,29952,15,validation
29953,29953,9,train
29954,29954,2,train
29955,29955,15,validation
29956,29956,14,validation
29957,29957,8,train
29958,29958,11,train
29959,29959,16,validation
29960,29960,6,train
29961,29961,17,test
29962,29962,0,train
29963,29963,12,train
29964,29964,3,train
29965,29965,7,train
29966,29966,9,train
29967,29967,2,train
29968,29968,3,train
29969,29969,4,train
29970,29970,13,train
29971,29971,0,train
29972,29972,10,train
29973,29973,2,train
29974,29974,12,train
29975,29975,14,validation
29976,29976,12,train
29977,29977,14,validation
29978,29978,12,train
29979,29979,0,train
29980,29980,19,test
29981,29981,1,train
29982,29982,3,train
29983,29983,17,test
29984,29984,12,train
29985,29985,19,test
29986,29986,5,train
29987,29987,7,train
29988,29988,15,validation
29989,29989,6,train
29990,29990,7,train
29991,29991,10,train
29992,29992,16,validation
29993,29993,16,validation
29994,29994,0,train
29995,29995,4,train
29996,29996,2,train
29997,29997,18,test
29998,29998,2,train
29999,29999,19,test
30000,30000,5,train
30001,10943,16,validation
30002,2013,5,train
30003,2125,17,test
30004,4698,17,test
30005,15876,6,train
30006,18669,2,train
30007,19127,19,test
30008,15402,4,train
30009,27923,8,train
30010,1294,16,validation
30011,8085,16,validation
30012,18027,0,train
30013,7886,14,validation
30014,14847,9,train
30015,1343,2,train
30016,20824,2,train
30017,8825,1,train
30018,6904,5,train
30019,17106,3,train
30020,9994,5,train
30021,16377,14,validation
30022,12836,13,train
30023,19650,7,train
30024,24862,12,train
30025,27758,9,train
30026,5102,0,train
30027,23294,16,validation
30028,28341,11,train
30029,10129,16,validation
30030,12244,5,train
30031,18508,18,test
30032,24488,7,train
30033,13405,5,train
30034,27111,7,train
30035,14792,15,validation
30036,8289,15,validation
30037,104,4,train
30038,4853,14,validation
30039,1984,11,train
30040,3816,2,train
30041,17156,1,train
30042,8342,11,train
30043,1894,5,train
30044,2553,5,train
30045,16579,4,train
30046,11740,1,train
30047,524,13,train
30048,4225,3,train
30049,23288,12,train
30050,7400,0,train
30051,19352,7,train
30052,15976,5,train
30053,26785,3,train
30054,4378,14,validation
30055,18034,11,train
30056,3693,14,validation
30057,17060,17,test
30058,26847,9,train
30059,992,10,train
30060,16244,12,train
30061,28746,0,train
30062,11343,7,train
30063,12887,10,train
30064,15701,16,validation
30065,6622,7,train
30066,3078,3,train
30067,8324,12,train
30068,20704,9,train
30069,21053,19,test
30070,21610,10,train
30071,19728,15,validation
30072,26621,9,train
30073,23843,10,train
30074,4584,5,train
30075,27168,4,train
30076,29771,10,train
30077,19270,5,train
30078,18048,9,train
30079,12124,19,test
30080,16100,9,train
30081,16236,10,train
30082,25922,8,train
30083,8600,1,train
30084,26997,7,train
30085,5042,16,validation
30086,29702,11,train
30087,9195,6,train
30088,16381,7,train
30089,4846,3,train
30090,23507,16,validation
30091,8100,0,train
30092,6679,18,test
30093,15271,4,train
30094,29455,19,test
30095,5068,19,test
30096,3258,14,validation
30097,23165,1,train
30098,3206,17,test
30099,29237,5,train
30100,7787,14,validation
30101,15672,14,validation
30102,11590,0,train
30103,15690,12,train
30104,2201,19,test
30105,9296,9,train
30106,14352,19,test
30107,25025,9,train
30108,27296,4,train
30109,15427,0,train
30110,8409,13,train
30111,4968,17,test
30112,16783,1,train
30113,7125,12,train
30114,24775,9,train
30115,26827,3,train
30116,4176,0,train
30117,5755,17,test
30118,21120,13,train
30119,5219,13,train
30120,9928,16,validation
30121,3477,7,train
30122,1850,15,validation
30123,7822,18,test
30124,2404,8,train
30125,16988,19,test
30126,7397,14,validation
30127,18719,6,train
30128,13196,4,train
30129,29492,10,train
30130,19596,17,test
30131,6133,12,train
30132,13160,5,train
30133,9629,10,train
30134,12537,6,train
30135,14082,2,train
30136,15402,4,train
30137,5739,3,train
30138,6846,10,train
30139,12751,13,train
30140,17561,15,validation
30141,18350,1,train
30142,27394,3,train
30143,20992,14,validation
30144,29249,6,train
30145,8467,6,train
30146,12817,5,train
30147,17310,9,train
30148,8049,19,test
30149,128,15,validation
30150,979,14,validation
30151,9335,9,train
30152,16850,19,test
30153,17742,0,train
30154,19213,16,validation
30155,15517,3,train
30156,28994,19,test
30157,29639,11,train
30158,21610,10,train
30159,5588,14,validation
30160,22366,19,test
30161,16034,4,train
30162,17478,2,train
30163,124,5,train
30164,20428,18,test
30165,15903,0,train
30166,1084,7,train
30167,13160,5,train
30168,2293,14,validation
30169,3443,3,train
30170,4443,10,train
30171,3141,7,train
30172,11304,5,train
30173,10139,13,train
30174,22316,9,train
30175,23385,5,train
30176,24328,7,train
30177,19345,2,train
30178,11684,17,test
30179,10507,5,train
30180,26236,0,train
30181,10831,12,train
30182,25630,12,train
30183,22094,0,train
30184,10913,18,test
30185,2129,10,train
30186,13231,19,test
30187,23165,1,train
30188,27376,15,validation
30189,16773,15,validation
30190,8369,3,train
30191,14340,3,train
30192,20253,8,train
30193,1409,7,train
30194,21819,9,train
30195,14161,13,train
30196,9827,12,train
30197,2364,4,train
30198,13505,2,train
30199,7328,18,test
30200,46,3,train
30201,26405,13,train
30202,22641,10,train
30203,29831,6,train
30204,3431,6,train
30205,9934,8,train
30206,27540,6,train
30207,21831,2,train
30208,7469,16,validation
30209,19022,15,validation
30210,7787,14,validation
30211,9560,9,train
30212,17389,18,test
30213,8266,2,train
30214,5317,7,train
30215,12902,13,train
30216,7640,11,train
30217,14008,18,test
30218,815,1,train
30219,2018,16,validation
30220,2855,12,train
30221,17462,19,test
30222,6583,3,train
30223,16340,12,train
30224,2768,19,test
30225,20598,10,train
30226,11031,3,train
30227,24166,4,train
30228,13772,17,test
30229,8938,13,train
30230,802,4,train
30231,17545,12,train
30232,4556,19,test
30233,20672,13,train
30234,18940,3,train
30235,28066,19,test
30236,4391,11,train
30237,9090,4,train
30238,12197,7,train
30239,17283,18,test
30240,4573,3,train
30241,21508,17,test
30242,7082,7,train
30243,19084,5,train
30244,26716,8,train
30245,6774,9,train
30246,15915,16,validation
30247,27502,7,train
30248,5847,10,train
30249,16338,4,train
30250,15758,10,train
30251,12504,6,train
30252,6122,8,train
30253,8564,2,train
30254,10660,11,train
30255,6335,9,train
30256,5884,8,train
30257,18143,6,train
30258,3759,7,train
30259,15697,11,train
30260,5987,1,train
30261,1969,3,train
30262,14252,12,train
30263,24136,9,train
30264,8110,17,test
30265,14787,2,train
30266,17798,13,train
30267,22745,15,validation
30268,3151,1,train
30269,7750,3,train
30270,12959,5,train
30271,289,4,train
30272,1340,14,validation
30273,5813,12,train
30274,25764,15,validation
30275,22689,0,train
30276,15442,9,train
30277,2332,4,train
30278,28062,1,train
30279,5180,10,train
30280,17905,16,validation
30281,23616,16,validation
30282,15925,2,train
30283,21034,2,train
30284,22287,11,train
30285,761,10,train
30286,16562,6,train
30287,27876,6,train
30288,24835,19,test
30289,7251,7,train
30290,13370,9,train
30291,5002,18,test
30292,29081,8,train
30293,1972,2,train
30294,18143,6,train
30295,12496,7,train
30296,29504,17,test
30297,14980,4,train
30298,1984,11,train
30299,12003,8,train
30300,16136,15,validation
30301,7123,18,test
30302,8100,0,train
30303,25154,2,train
30304,9228,9,train
30305,10937,7,train
30306,20920,8,train
30307,23480,13,train
30308,6421,10,train
30309,1302,5,train
30310,17738,2,train
30311,3540,7,train
30312,11346,8,train
30313,23343,15,validation
30314,1433,4,train
30315,3606,4,train
30316,10711,3,train
30317,16512,11,train
30318,6801,2,train
30319,9371,4,train
30320,17308,0,train
30321,12565,19,test
30322,14220,2,train
30323,7428,0,train
30324,25244,13,train
30325,26006,4,train
30326,23254,6,train
30327,13028,13,train
30328,9301,17,test
30329,16447,13,train
30330,722,1,train
30331,17233,18,test
30332,17736,1,train
30333,2904,16,validation
30334,22561,5,train
30335,19058,9,train
30336,28479,14,validation
30337,16435,4,train
30338,27669,9,train
30339,23742,11,train
30340,8493,5,train
30341,7505,6,train
30342,29437,5,train
30343,19660,8,train
30344,704,1,train
30345,27426,1,train
30346,11517,13,train
30347,9147,11,train
30348,16615,4,train
30349,27058,8,train
30350,10980,9,train
30351,29177,14,validation
30352,15481,4,train
30353,13401,9,train
30354,27632,3,train
30355,21148,1,train
30356,11468,16,validation
30357,2348,11,train
30358,2250,12,train
30359,4599,17,test
30360,23167,6,train
30361,28576,12,train
30362,24168,2,train
30363,6335,9,train
30364,16090,13,train
30365,17364,19,test
30366,26347,18,test
30367,1269,8,train
30368,27585,6,train
30369,4547,18,test
30370,26035,0,train
30371,28530,15,validation
30372,8119,0,train
30373,7092,16,validation
30374,239,7,train
30375,15280,2,train
30376,13773,12,train
30377,12556,3,train
30378,12797,15,validation
30379,16047,3,train
30380,20671,9,train
30381,29810,7,train
30382,12526,19,test
30383,13744,18,test
30384,15307,5,train
30385,12239,13,train
30386,6807,7,train
30387,18792,19,test
30388,16255,4,train
30389,27210,12,train
30390,13839,13,train
30391,22290,8,train
30392,22657,6,train
30393,3171,15,validation
30394,9377,14,validation
30395,3004,2,train
30396,20359,7,train
30397,14045,19,test
30398,19266,10,train
30399,4455,11,train
30400,3566,19,test
30401,22281,17,test
30402,5285,18,test
30403,9195,6,train
30404,5611,6,train
30405,1122,13,train
30406,12007,13,train
30407,9544,14,validation
30408,25460,8,train
30409,5801,6,train
30410,2117,0,train
30411,9407,4,train
30412,7701,15,validation
30413,18824,1,train
30414,17424,13,train
30415,1017,11,train
30416,15537,6,train
30417,23565,7,train
30418,28290,17,test
30419,23517,11,train
30420,2295,3,train
30421,7947,9,train
30422,5049,7,train
30423,23551,19,test
30424,14018,19,test
30425,26460,1,train
30426,5236,7,train
30427,21057,0,train
30428,1957,16,validation
30429,16375,18,test
30430,12563,1,train
30431,5535,14,validation
30432,27800,9,train
30433,6894,5,train
30434,23402,2,train
30435,27160,6,train
30436,10406,12,train
30437,3371,10,train
30438,17845,0,train
30439,6684,3,train
30440,19783,13,train
30441,2768,19,test
30442,21207,12,train
30443,17305,11,train
30444,3451,18,test
30445,26827,3,train
30446,17122,18,test
30447,13111,5,train
30448,8563,12,train
30449,15976,5,train
30450,23340,15,validation
30451,20367,15,validation
30452,17746,5,train
30453,1844,2,train
30454,16155,13,train
30455,20429,18,test
30456,15304,12,train
30457,13772,17,test
30458,27315,10,train
30459,3872,5,train
30460,19053,0,train
30461,22628,1,train
30462,20834,5,train
30463,3095,11,train
30464,12452,7,train
30465,23288,12,train
30466,11728,9,train
30467,26095,14,validation
30468,25183,3,train
30469,11041,12,train
30470,7617,14,validation
30471,24625,2,train
30472,16701,13,train
30473,3851,18,test
30474,11828,5,train
30475,1497,0,train
30476,27083,18,test
30477,24002,16,validation
30478,18136,4,train
30479,5980,19,test
30480,1244,3,train
30481,23031,14,validation
30482,27244,9,train
30483,16506,14,validation
30484,7430,15,validation
30485,23823,0,train
30486,13186,17,test
30487,15690,12,train
30488,20903,12,train
30489,1117,6,train
30490,19352,7,train
30491,10548,16,validation
30492,16988,19,test
30493,18720,4,train
30494,27113,19,test
30495,3133,13,train
30496,11750,17,test
30497,22568,8,train
30498,25575,9,train
30499,26174,1,train
30500,17583,18,test
30501,15847,3,train
30502,23705,15,validation
30503,13489,5,train
30504,14520,15,validation
30505,12330,14,validation
30506,24847,11,train
30507,28460,2,train
30508,22112,7,train
30509,24644,14,validation
30510,23,13,train
30511,15976,5,train
30512,16238,6,train
30513,11498,3,train
30514,22786,14,validation
30515,24686,18,test
30516,20775,15,validation
30517,28315,19,test
30518,9308,11,train
30519,7375,1,train
30520,26804,10,train
30521,20921,19,test
30522,6515,0,train
30523,63,18,test
30524,11963,5,train
30525,27069,6,train
30526,882,10,train
30527,16645,14,validation
30528,8670,0,train
30529,29234,13,train
30530,4076,19,test
30531,1447,13,train
30532,21761,2,train
30533,21118,19,test
30534,18449,9,train
30535,23253,18,test
30536,28426,1,train
30537,28642,19,test
30538,18737,13,train
30539,24604,2,train
30540,2016,7,train
30541,192,16,validation
30542,29330,11,train
30543,28797,0,train
30544,6513,7,train
30545,24398,17,test
30546,983,16,validation
30547,18952,12,train
30548,6570,15,validation
30549,13605,12,train
30550,10310,7,train
30551,5771,18,test
30552,23206,1,train
30553,8832,3,train
30554,21326,13,train
30555,466,8,train
30556,27394,3,train
30557,15501,9,train
30558,5670,11,train
30559,7580,10,train
30560,18187,11,train
30561,24688,13,train
30562,3867,10,train
30563,339,5,train
30564,1047,0,train
30565,9870,18,test
30566,15415,12,train
30567,1065,14,validation
30568,9347,18,test
30569,18350,1,train
30570,12132,12,train
30571,7387,4,train
30572,5467,12,train
30573,19799,17,test
30574,29532,17,test
30575,22524,4,train
30576,27737,18,test
30577,4958,3,train
30578,22470,15,validation
30579,581,4,train
30580,8859,4,train
30581,5928,7,train
30582,25416,8,train
30583,19027,5,train
30584,24435,18,test
30585,16723,12,train
30586,314,10,train
30587,26169,4,train
30588,8049,19,test
30589,9915,3,train
30590,28964,6,train
30591,23134,10,train
30592,8378,6,train
30593,18337,4,train
30594,21673,0,train
30595,25840,18,test
30596,11650,8,train
30597,7069,18,test
30598,20273,19,test
30599,16457,6,train
30600,14145,16,validation
30601,26944,4,train
30602,29668,6,train
30603,14721,19,test
30604,5954,0,train
30605,14314,10,train
30606,24039,16,validation
30607,20011,0,train
30608,14294,15,validation
30609,20623,18,test
30610,6679,18,test
30611,7162,6,train
30612,16723,12,train
30613,28771,13,train
30614,3148,1,train
30615,2988,7,train
30616,3078,3,train
30617,10035,16,validation
30618,20807,2,train
30619,22415,5,train
30620,1209,3,train
30621,6667,9,train
30622,26193,8,train
30623,19832,2,train
30624,15960,18,test
30625,4968,17,test
30626,784,7,train
30627,20742,9,train
30628,11768,17,test
30629,23126,3,train
30630,19259,7,train
30631,2463,4,train
30632,380,19,test
30633,22462,1,train
30634,25308,16,validation
30635,11602,11,train
30636,22760,11,train
30637,9070,14,validation
30638,27217,8,train
30639,12735,3,train
30640,9941,2,train
30641,5534,6,train
30642,23585,17,test
30643,18327,18,test
30644,9101,14,validation
30645,5683,0,train
30646,21959,19,test
30647,27593,18,test
30648,24192,14,validation
30649,2269,2,train
30650,1490,17,test
30651,24140,18,test
30652,14312,6,train
30653,21743,7,train
30654,22507,6,train
30655,25761,4,train
30656,4582,15,validation
30657,8546,9,train
30658,20829,18,test
30659,9569,12,train
30660,18214,0,train
30661,19150,18,test
30662,27984,14,validation
30663,2511,1,train
30664,23294,16,validation
30665,14747,9,train
30666,11914,13,train
30667,18920,1,train
30668,8125,16,validation
30669,8708,6,train
30670,11797,4,train
30671,20800,15,validation
30672,7881,5,train
30673,420,13,train
30674,20521,12,train
30675,26997,7,train
30676,29194,13,train
30677,18695,1,train
30678,24944,18,test
30679,29356,11,train
30680,21708,19,test
30681,14921,16,validation
30682,6407,5,train
30683,10390,11,train
30684,27512,11,train
30685,15513,13,train
30686,12445,12,train
30687,9952,6,train
30688,4758,18,test
30689,8726,9,train
30690,12068,18,test
30691,24346,18,test
30692,27442,9,train
30693,4743,5,train
30694,27348,1,train
30695,3141,7,train
30696,29377,8,train
30697,6800,9,train
30698,5646,11,train
30699,16106,4,train
30700,21945,13,train
30701,1885,13,train
30702,24724,12,train
30703,14226,1,train
30704,11851,10,train
30705,19854,0,train
30706,9538,0,train
30707,932,14,validation
30708,8782,4,train
30709,27660,4,train
30710,20378,1,train
30711,15425,2,train
30712,5565,2,train
30713,17364,19,test
30714,23496,11,train
30715,12987,12,train
30716,17478,2,train
30717,1882,15,validation
30718,9229,4,train
30719,6414,10,train
30720,9131,14,validation
30721,11971,15,validation
30722,15154,16,validation
30723,2803,17,test
30724,20903,12,train
30725,7486,6,train
30726,13471,2,train
30727,17320,4,train
30728,9287,2,train
30729,20095,3,train
30730,17086,12,train
30731,11914,13,train
30732,7542,5,train
30733,13332,3,train
30734,10393,11,train
30735,23506,12,train
30736,15061,10,train
30737,7213,2,train
30738,18020,8,train
30739,23608,11,train
30740,8847,3,train
30741,3825,10,train
30742,26447,11,train
30743,11421,19,test
30744,18384,9,train
30745,2633,3,train
30746,18013,7,train
30747,3758,17,test
30748,26804,10,train
30749,18816,6,train
30750,7405,6,train
30751,29748,4,train
30752,27212,5,train
30753,21050,19,test
30754,6272,17,test
30755,27072,10,train
30756,1030,19,test
30757,14888,18,test
30758,2928,11,train
30759,28656,16,validation
30760,14825,10,train
30761,6041,18,test
30762,16027,2,train
30763,8162,3,train
30764,17945,16,validation
30765,2017,16,validation
30766,25549,12,train
30767,6099,3,train
30768,21779,7,train
30769,14415,3,train
30770,24452,10,train
30771,19056,8,train
30772,26174,1,train
30773,13865,7,train
30774,10623,14,validation
30775,27800,9,train
30776,26087,12,train
30777,18100,18,test
30778,27632,3,train
30779,11172,12,train
30780,23839,10,train
30781,217,1,train
30782,1443,15,validation
30783,17021,13,train
30784,9697,1,train
30785,5988,2,train
30786,11726,6,train
30787,25977,9,train
30788,1490,17,test
30789,1728,19,test
30790,19184,15,validation
30791,4989,1,train
30792,16047,3,train
30793,3257,16,validation
30794,10158,0,train
30795,18466,7,train
30796,23319,17,test
30797,6015,2,train
30798,26885,12,train
30799,11662,4,train
30800,24033,12,train
30801,26375,4,train
30802,11304,5,train
30803,23254,6,train
30804,5534,6,train
30805,268,8,train
30806,2013,5,train
30807,19708,3,train
30808,21436,1,train
30809,24435,18,test
30810,16470,10,train
30811,24408,6,train
30812,18951,11,train
30813,22094,0,train
30814,9253,17,test
30815,1541,14,validation
30816,11741,0,train
30817,25155,15,validation
30818,24939,4,train
30819,19329,2,train
30820,27111,7,train
30821,21014,19,test
30822,23624,13,train
30823,3997,11,train
30824,22745,15,validation
30825,17744,15,validation
30826,20340,9,train
30827,3254,8,train
30828,13606,16,validation
30829,1447,13,train
30830,17414,15,validation
30831,4675,8,train
30832,5972,1,train
30833,29779,11,train
30834,14259,7,train
30835,17570,9,train
30836,21812,13,train
30837,926,13,train
30838,1614,2,train
30839,4858,12,train
30840,16721,0,train
30841,18360,10,train
30842,11041,12,train
30843,21782,9,train
30844,4452,12,train
30845,28816,13,train
30846,7926,12,train
30847,5648,6,train
30848,29234,13,train
30849,2499,16,validation
30850,27548,11,train
30851,26128,1,train
30852,9434,6,train
30853,4899,12,train
30854,3812,11,train
30855,20886,2,train
30856,11969,15,validation
30857,22462,1,train
30858,2788,11,train
30859,19821,15,validation
30860,20992,14,validation
30861,12160,5,train
30862,6181,9,train
30863,217,1,train
30864,411,7,train
30865,3817,14,validation
30866,19338,3,train
30867,5513,6,train
30868,21008,16,validation
30869,19660,8,train
30870,18114,15,validation
30871,17007,8,train
30872,15332,16,validation
30873,9898,2,train
30874,11341,11,train
30875,16783,1,train
30876,10390,11,train
30877,6551,8,train
30878,27728,17,test
30879,8709,7,train
30880,1060,13,train
30881,20992,14,validation
30882,16815,10,train
30883,11851,10,train
30884,3626,18,test
30885,21106,13,train
30886,12949,1,train
30887,2437,11,train
30888,21834,14,validation
30889,277,11,train
30890,7436,8,train
30891,21240,1,train
30892,8209,0,train
30893,11623,16,validation
30894,17932,18,test
30895,24673,7,train
30896,10969,14,validation
30897,19499,15,validation
30898,1042,16,validation
30899,17762,3,train
30900,1262,7,train
30901,9347,18,test
30902,26059,14,validation
30903,28103,5,train
30904,14531,4,train
30905,8112,6,train
30906,3964,17,test
30907,6687,16,validation
30908,28667,6,train
30909,16700,7,train
30910,19570,17,test
30911,26217,18,test
30912,4295,13,train
30913,4671,13,train
30914,18304,10,train
30915,26447,11,train
30916,29643,6,train
30917,19989,1,train
30918,15766,15,validation
30919,17447,8,train
30920,8539,17,test
30921,21618,10,train
30922,27218,9,train
30923,3431,6,train
30924,15036,12,train
30925,4986,9,train
30926,26427,2,train
30927,5041,2,train
30928,934,7,train
30929,9229,4,train
30930,21618,10,train
30931,4728,6,train
30932,8542,2,train
30933,15476,7,train
30934,2630,9,train
30935,18214,0,train
30936,16832,11,train
30937,9396,19,test
30938,20890,6,train
30939,18063,17,test
30940,17832,7,train
30941,18013,7,train
30942,998,17,test
30943,16890,14,validation
30944,2927,15,validation
30945,21263,0,train
30946,12645,6,train
30947,17235,9,train
30948,16501,16,validation
30949,16772,7,train
30950,11037,0,train
30951,27586,8,train
30952,2558,5,train
30953,24435,18,test
30954,674,6,train
30955,7822,18,test
30956,24391,2,train
30957,1787,14,validation
30958,17088,15,validation
30959,12225,13,train
30960,11187,9,train
30961,28100,19,test
30962,2630,9,train
30963,730,9,train
30964,18072,15,validation
30965,25255,15,validation
30966,13038,2,train
30967,24675,13,train
30968,26487,4,train
30969,24171,13,train
30970,2242,15,validation
30971,16175,19,test
30972,2413,1,train
30973,5739,3,train
30974,11296,0,train
30975,1433,4,train
30976,5136,16,validation
30977,14035,1,train
30978,4503,4,train
30979,14447,11,train
30980,20798,11,train
30981,1175,16,validation
30982,19056,8,train
30983,14691,10,train
30984,16559,16,validation
30985,20464,0,train
30986,14084,5,train
30987,2495,18,test
30988,13275,7,train
30989,18130,18,test
30990,2779,1,train
30991,15793,15,validation
30992,13839,13,train
30993,350,10,train
30994,25443,16,validation
30995,15442,9,train
30996,28403,4,train
30997,16457,6,train
30998,11441,17,test
30999,20804,11,train
31000,13465,16,validation
31001,18101,3,train
31002,13469,15,validation
31003,20742,9,train
31004,24871,14,validation
31005,23216,18,test
31006,15516,7,train
31007,23711,19,test
31008,17688,1,train
31009,466,8,train
31010,5928,7,train
31011,20128,3,train
31012,22538,5,train
31013,1728,19,test
31014,10815,17,test
31015,28039,17,test
31016,29256,16,validation
31017,14707,0,train
31018,7056,19,test
31019,17035,7,train
31020,26644,17,test
31021,25737,10,train
31022,23740,10,train
31023,27060,9,train
31024,14329,13,train
31025,2648,19,test
31026,29641,19,test
31027,21552,1,train
31028,11719,11,train
31029,9971,2,train
31030,25444,17,test
31031,6292,14,validation
31032,24002,16,validation
31033,8183,14,validation
31034,22826,11,train
31035,17138,14,validation
31036,2936,8,train
31037,16840,12,train
31038,23050,2,train
31039,26765,19,test
31040,3451,18,test
31041,20255,10,train
31042,4694,8,train
31043,7966,0,train
31044,7415,7,train
31045,1961,14,validation
31046,7993,14,validation
31047,14468,0,train
31048,27237,16,validation
31049,4376,2,train
31050,11667,14,validation
31051,7785,14,validation
31052,20282,15,validation
31053,28671,4,train
31054,29339,12,train
31055,11666,3,train
31056,9919,3,train
31057,7618,8,train
31058,14159,9,train
31059,11300,0,train
31060,7811,15,validation
31061,6927,3,train
31062,13453,18,test
31063,9340,13,train
31064,11027,2,train
31065,15549,4,train
31066,4832,14,validation
31067,29577,13,train
31068,29639,11,train
31069,9438,13,train
31070,24200,14,validation
31071,25033,16,validation
31072,4426,7,train
31073,26559,5,train
31074,24927,18,test
31075,19522,2,train
31076,20438,10,train
31077,11985,5,train
31078,17389,18,test
31079,4531,8,train
31080,6362,17,test
31081,2753,12,train
31082,18093,2,train
31083,9493,13,train
31084,13345,3,train
31085,14226,1,train
31086,14403,4,train
31087,10433,18,test
31088,29999,19,test
31089,24552,11,train
31090,3242,4,train
31091,8583,2,train
31092,13341,18,test
31093,23711,19,test
31094,3186,5,train
31095,4846,3,train
31096,27179,0,train
31097,13263,4,train
31098,20809,6,train
31099,27500,7,train
31100,8222,11,train
31101,673,5,train
31102,15689,6,train
31103,22205,2,train
31104,27541,15,validation
31105,16513,19,test
31106,6904,5,train
31107,5921,7,train
31108,16979,4,train
31109,4852,7,train
31110,8471,17,test
31111,15727,10,train
31112,29465,11,train
31113,28764,19,test
31114,3902,14,validation
31115,21265,11,train
31116,29995,4,train
31117,4566,6,train
31118,29846,2,train
31119,21276,8,train
31120,8865,17,test
31121,28921,1,train
31122,20805,9,train
31123,6828,10,train
31124,13145,13,train
31125,1207,4,train
31126,2862,3,train
31127,28979,19,test
31128,23483,3,train
31129,29679,4,train
31130,23491,19,test
31131,25197,1,train
31132,1620,12,train
31133,15476,7,train
31134,28720,0,train
31135,12195,17,test
31136,26314,4,train
31137,28801,3,train
31138,1560,12,train
31139,14293,3,train
31140,16350,10,train
31141,5078,17,test
31142,25648,1,train
31143,7761,8,train
31144,10348,3,train
31145,7922,13,train
31146,2488,11,train
31147,14231,16,validation
31148,15444,0,train
31149,27824,16,validation
31150,29034,19,test
31151,15325,15,validation
31152,17190,3,train
31153,1668,0,train
31154,29775,12,train
31155,14972,10,train
31156,13911,13,train
31157,1711,14,validation
31158,15985,17,test
31159,15598,7,train
31160,18134,8,train
31161,27428,11,train
31162,24862,12,train
31163,13598,8,train
31164,20978,12,train
31165,18384,9,train
31166,24636,5,train
31167,29701,12,train
31168,20805,9,train
31169,10572,1,train
31170,7947,9,train
31171,10964,3,train
31172,11688,4,train
31173,16383,1,train
31174,4452,12,train
31175,25378,19,test
31176,28622,19,test
31177,26804,10,train
31178,13301,16,validation
31179,1060,13,train
31180,28985,15,validation
31181,22849,2,train
31182,4867,6,train
31183,5147,15,validation
31184,6895,1,train
31185,29152,19,test
31186,3624,0,train
31187,29250,11,train
31188,22619,18,test
31189,29521,15,validation
31190,17282,3,train
31191,21145,14,validation
31192,15915,16,validation
31193,13406,9,train
31194,17034,15,validation
31195,11473,15,validation
31196,4136,19,test
31197,693,12,train
31198,20734,11,train
31199,21810,16,validation
31200,8269,19,test
31201,2097,5,train
31202,22006,14,validation
31203,17785,16,validation
31204,18610,10,train
31205,9293,3,train
31206,27546,12,train
31207,1269,8,train
31208,10116,4,train
31209,26379,16,validation
31210,10876,3,train
31211,18919,12,train
31212,15719,15,validation
31213,8521,15,validation
31214,27351,9,train
31215,2822,6,train
31216,5670,11,train
31217,24249,2,train
31218,29794,13,train
31219,27194,18,test
31220,20011,0,train
31221,25737,10,train
31222,14374,2,train
31223,22619,18,test
31224,12129,6,train
31225,28097,16,validation
31226,15504,0,train
31227,10842,9,train
31228,14792,15,validation
31229,10496,12,train
31230,21381,2,train
31231,9999,18,test
31232,24818,5,train
31233,16434,1,train
31234,27021,0,train
31235,26627,10,train
31236,21242,11,train
31237,24330,10,train
31238,5670,11,train
31239,22495,3,train
31240,14914,3,train
31241,20671,9,train
31242,10550,12,train
31243,13784,7,train
31244,11425,14,validation
31245,3133,13,train
31246,3917,8,train
31247,12588,7,train
31248,19030,14,validation
31249,26700,14,validation
31250,4984,13,train
31251,16044,15,validation
31252,26750,18,test
31253,10099,0,train
31254,8008,19,test
31255,24155,10,train
31256,4982,19,test
31257,22837,15,validation
31258,24625,2,train
31259,12526,19,test
31260,28365,10,train
31261,12160,5,train
31262,12813,8,train
31263,1921,1,train
31264,10189,13,train
31265,26930,8,train
31266,1130,19,test
31267,2112,17,test
31268,11988,5,train
31269,12494,4,train
31270,13841,9,train
31271,13051,5,train
31272,15878,7,train
31273,361,1,train
31274,2913,10,train
31275,25531,14,validation
31276,16813,5,train
31277,19026,17,test
31278,2379,8,train
31279,12719,18,test
31280,19700,6,train
31281,5669,12,train
31282,4449,15,validation
31283,4998,11,train
31284,7056,19,test
31285,28375,15,validation
31286,29863,5,train
31287,445,18,test
31288,1294,16,validation
31289,17922,17,test
31290,13556,5,train
31291,15154,16,validation
31292,26900,5,train
31293,2803,17,test
31294,27540,6,train
31295,24769,18,test
31296,7769,19,test
31297,24456,19,test
31298,18278,14,validation
31299,8857,13,train
31300,24488,7,train
31301,1821,8,train
31302,12877,3,train
31303,10816,5,train
31304,28909,8,train
31305,7053,15,validation
31306,1646,19,test
31307,2144,0,train
31308,11032,2,train
31309,11320,11,train
31310,2030,19,test
31311,22548,6,train
31312,18454,8,train
31313,5705,2,train
31314,5754,0,train
31315,26701,4,train
31316,1472,19,test
31317,5172,7,train
31318,2723,11,train
31319,28324,0,train
31320,16192,9,train
31321,23112,4,train
31322,16156,8,train
31323,29682,12,train
31324,188,10,train
31325,9392,19,test
31326,28835,13,train
31327,18438,9,train
31328,3871,16,validation
31329,23953,0,train
31330,10911,2,train
31331,3384,14,validation
31332,20672,13,train
31333,5565,2,train
31334,3345,12,train
31335,26859,18,test
31336,48,12,train
31337,21049,0,train
31338,15835,14,validation
31339,19434,1,train
31340,13400,18,test
31341,87,19,test
31342,16567,12,train
31343,7155,15,validation
31344,2087,2,train
31345,7849,16,validation
31346,12762,11,train
31347,12040,3,train
31348,29050,13,train
31349,29110,19,test
31350,12177,8,train
31351,26559,5,train
31352,17562,9,train
31353,28591,4,train
31354,24258,0,train
31355,2319,16,validation
31356,18186,5,train
31357,998,17,test
31358,6238,16,validation
31359,2187,1,train
31360,16712,3,train
31361,1850,15,validation
31362,12520,3,train
31363,11768,17,test
31364,11463,8,train
31365,2017,16,validation
31366,5572,10,train
31367,8822,11,train
31368,20734,11,train
31369,18952,12,train
31370,7922,13,train
31371,9871,6,train
31372,28682,6,train
31373,12152,19,test
31374,22598,3,train
31375,22290,8,train
31376,14403,4,train
31377,19266,10,train
31378,9858,3,train
31379,26013,18,test
31380,12206,16,validation
31381,5580,12,train
31382,13441,12,train
31383,25036,11,train
31384,27527,12,train
31385,12948,17,test
31386,17534,4,train
31387,4175,4,train
31388,17285,7,train
31389,7663,7,train
31390,3759,7,train
31391,20364,0,train
31392,4457,14,validation
31393,20378,1,train
31394,6659,1,train
31395,23053,6,train
31396,24717,5,train
31397,17403,19,test
31398,16238,6,train
31399,16579,4,train
31400,6170,5,train
31401,13885,0,train
31402,9147,11,train
31403,10742,2,train
31404,7213,2,train
31405,21613,17,test
31406,17008,6,train
31407,14833,17,test
31408,20560,14,validation
31409,15761,0,train
31410,8176,9,train
31411,26193,8,train
31412,15835,14,validation
31413,1470,14,validation
31414,23226,11,train
31415,19938,7,train
31416,12527,1,train
31417,6683,18,test
31418,12730,6,train
31419,17650,7,train
31420,6362,17,test
31421,6516,9,train
31422,5931,1,train
31423,27657,5,train
31424,2415,12,train
31425,28324,0,train
31426,24939,4,train
31427,9302,15,validation
31428,2293,14,validation
31429,20937,9,train
31430,22844,9,train
31431,10070,14,validation
31432,17462,19,test
31433,16116,14,validation
31434,3816,2,train
31435,25416,8,train
31436,209,5,train
31437,6844,10,train
31438,5399,9,train
31439,27972,5,train
31440,12310,3,train
31441,6567,12,train
31442,29249,6,train
31443,19856,10,train
31444,26095,14,validation
31445,27613,4,train
31446,5150,17,test
31447,20054,8,train
31448,28638,0,train
31449,17548,1,train
31450,18165,10,train
31451,533,2,train
31452,17265,9,train
31453,27354,3,train
31454,15077,12,train
31455,29688,3,train
31456,27755,8,train
31457,4054,10,train
31458,6282,11,train
31459,1938,17,test
31460,21017,3,train
31461,27689,3,train
31462,28720,0,train
31463,22392,17,test
31464,21377,10,train
31465,11964,17,test
31466,28911,9,train
31467,7903,16,validation
31468,20657,3,train
31469,23297,1,train
31470,12762,11,train
31471,17810,13,train
31472,1626,7,train
31473,14082,2,train
31474,23787,3,train
31475,91,11,train
31476,3549,13,train
31477,20839,0,train
31478,26760,4,train
31479,25585,10,train
31480,17258,19,test
31481,9856,5,train
31482,22434,12,train
31483,12871,6,train
31484,14075,1,train
31485,14599,6,train
31486,27487,13,train
31487,25018,5,train
31488,18187,11,train
31489,6352,4,train
31490,4812,8,train
31491,11473,15,validation
31492,1600,9,train
31493,4007,15,validation
31494,11090,5,train
31495,14779,12,train
31496,8959,6,train
31497,22503,14,validation
31498,7119,2,train
31499,6003,10,train
31500,8105,11,train
31501,672,9,train
31502,2672,10,train
31503,28308,8,train
31504,3291,19,test
31505,13843,10,train
31506,23206,1,train
31507,21199,13,train
31508,23857,6,train
31509,749,2,train
31510,5224,18,test
31511,25008,9,train
31512,14976,6,train
31513,17989,8,train
31514,26740,9,train
31515,20612,1,train
31516,4065,3,train
31517,2504,19,test
31518,10327,11,train
31519,8349,11,train
31520,13145,13,train
31521,29735,10,train
31522,29512,10,train
31523,27709,8,train
31524,21673,0,train
31525,28720,0,train
31526,5711,0,train
31527,26476,5,train
31528,654,11,train
31529,29658,8,train
31530,1018,1,train
31531,26657,4,train
31532,24769,18,test
31533,17032,0,train
31534,26707,0,train
31535,22849,2,train
31536,21399,19,test
31537,7577,11,train
31538,26926,18,test
31539,25905,13,train
31540,21028,18,test
31541,23919,14,validation
31542,16325,12,train
31543,704,1,train
31544,7054,13,train
31545,2366,5,train
31546,10646,5,train
31547,15190,17,test
31548,20834,5,train
31549,7966,0,train
31550,6046,9,train
31551,20754,4,train
31552,3311,18,test
31553,13111,5,train
31554,7451,16,validation
31555,19271,7,train
31556,29361,15,validation
31557,4352,1,train
31558,29992,16,validation
31559,10066,10,train
31560,25175,16,validation
31561,14429,17,test
31562,19024,15,validation
31563,4958,3,train
31564,1443,15,validation
31565,25587,1,train
31566,17361,6,train
31567,11355,5,train
31568,21486,13,train
31569,4105,0,train
31570,28727,6,train
31571,1358,18,test
31572,1911,15,validation
31573,13614,10,train
31574,12016,5,train
31575,2492,0,train
31576,7409,17,test
31577,24270,16,validation
31578,25097,6,train
31579,1827,4,train
31580,6138,12,train
31581,14554,1,train
31582,14550,17,test
31583,18282,10,train
31584,11127,7,train
31585,18952,12,train
31586,4708,11,train
31587,5094,3,train
31588,29701,12,train
31589,15973,5,train
31590,432,18,test
31591,28322,4,train
31592,6349,14,validation
31593,471,9,train
31594,25299,5,train
31595,11661,17,test
31596,7023,14,validation
31597,25751,12,train
31598,28151,18,test
31599,17581,2,train
31600,9629,10,train
31601,20296,13,train
31602,29879,5,train
31603,16808,2,train
31604,4065,3,train
31605,29974,12,train
31606,16170,10,train
31607,7556,14,validation
31608,28560,17,test
31609,23619,13,train
31610,1350,16,validation
31611,208,8,train
31612,21060,3,train
31613,27050,10,train
31614,10708,0,train
31615,8440,15,validation
31616,17249,19,test
31617,19856,10,train
31618,21465,13,train
31619,5701,8,train
31620,20519,18,test
31621,27471,18,test
31622,1207,4,train
31623,8175,5,train
31624,2244,12,train
31625,16300,0,train
31626,25018,5,train
31627,24874,2,train
31628,7155,15,validation
31629,27554,9,train
31630,6684,3,train
31631,17582,17,test
31632,3066,17,test
31633,2656,8,train
31634,24227,12,train
31635,3562,12,train
31636,21402,1,train
31637,22326,18,test
31638,28663,10,train
31639,17050,14,validation
31640,12170,1,train
31641,3991,0,train
31642,28420,8,train
31643,29448,14,validation
31644,14624,12,train
31645,3027,4,train
31646,25549,12,train
31647,2428,8,train
31648,17297,13,train
31649,7178,6,train
31650,9429,1,train
31651,16615,4,train
31652,20215,2,train
31653,6170,5,train
31654,10921,4,train
31655,3644,6,train
31656,9620,15,validation
31657,15307,5,train
31658,20365,5,train
31659,27159,1,train
31660,6876,15,validation
31661,6164,17,test
31662,18491,19,test
31663,18689,6,train
31664,22269,17,test
31665,8709,7,train
31666,7229,0,train
31667,1068,0,train
31668,4758,18,test
31669,6844,10,train
31670,28207,8,train
31671,9902,14,validation
31672,12347,12,train
31673,15303,8,train
31674,7133,8,train
31675,29577,13,train
31676,24014,8,train
31677,4227,2,train
31678,960,15,validation
31679,13656,4,train
31680,7330,16,validation
31681,12749,4,train
31682,22248,3,train
31683,15999,7,train
31684,25646,5,train
31685,6756,5,train
31686,29028,19,test
31687,9626,16,validation
31688,20755,10,train
31689,20944,6,train
31690,328,13,train
31691,13196,4,train
31692,23323,13,train
31693,28666,4,train
31694,5366,11,train
31695,15915,16,validation
31696,28290,17,test
31697,18067,6,train
31698,16449,11,train
31699,14691,10,train
31700,29541,5,train
31701,16908,11,train
31702,29146,8,train
31703,8650,17,test
31704,5068,19,test
31705,16223,2,train
31706,3027,4,train
31707,5847,10,train
31708,11764,7,train
31709,23138,13,train
31710,18152,10,train
31711,907,14,validation
31712,16044,15,validation
31713,2484,7,train
31714,8742,1,train
31715,11590,0,train
31716,10255,0,train
31717,1767,11,train
31718,10749,14,validation
31719,10911,2,train
31720,24397,0,train
31721,17596,1,train
31722,9077,10,train
31723,7532,5,train
31724,24571,18,test
31725,1992,4,train
31726,3278,15,validation
31727,2129,10,train
31728,9099,11,train
31729,5336,3,train
31730,3345,12,train
31731,24526,3,train
31732,8631,18,test
31733,18964,3,train
31734,18159,12,train
31735,13154,16,validation
31736,26619,6,train
31737,27773,10,train
31738,6097,10,train
31739,4812,8,train
31740,19251,17,test
31741,8945,7,train
31742,10457,3,train
31743,19388,2,train
31744,21892,2,train
31745,662,8,train
31746,6927,3,train
31747,12656,16,validation
31748,15393,0,train
31749,4959,0,train
31750,19207,19,test
31751,25472,6,train
31752,3201,10,train
31753,1199,16,validation
31754,5086,10,train
31755,26690,14,validation
31756,24970,16,validation
31757,17256,7,train
31758,19588,12,train
31759,19233,18,test
31760,17686,10,train
31761,16826,18,test
31762,7742,12,train
31763,23675,5,train
31764,6396,12,train
31765,10108,4,train
31766,5372,10,train
31767,6177,17,test
31768,26644,17,test
31769,2357,6,train
31770,11905,3,train
31771,17052,11,train
31772,21760,4,train
31773,19104,5,train
31774,12175,14,validation
31775,13028,13,train
31776,3340,4,train
31777,22465,8,train
31778,17101,19,test
31779,15470,14,validation
31780,6328,0,train
31781,21580,16,validation
31782,25591,6,train
31783,24229,12,train
31784,3333,3,train
31785,16247,14,validation
31786,8042,19,test
31787,14823,6,train
31788,28647,18,test
31789,16248,1,train
31790,28479,14,validation
31791,2996,10,train
31792,16689,15,validation
31793,4708,11,train
31794,14586,15,validation
31795,29194,13,train
31796,15087,16,validation
31797,20315,1,train
31798,7710,16,validation
31799,4959,0,train
31800,17024,12,train
31801,7529,8,train
31802,20374,6,train
31803,225,15,validation
31804,26316,3,train
31805,10136,14,validation
31806,21242,11,train
31807,5691,13,train
31808,23986,12,train
31809,16122,12,train
31810,16158,13,train
31811,5562,19,test
31812,24467,3,train
31813,20543,11,train
31814,2249,8,train
31815,20855,8,train
31816,16327,12,train
31817,18958,18,test
31818,17813,11,train
31819,23724,7,train
31820,3584,14,validation
31821,1972,2,train
31822,4901,17,test
31823,8642,15,validation
31824,9953,0,train
31825,6853,6,train
31826,11418,2,train
31827,28127,11,train
31828,25034,0,train
31829,11905,3,train
31830,567,0,train
31831,3044,11,train
31832,26235,6,train
31833,28893,18,test
31834,2378,15,validation
31835,2928,11,train
31836,9587,8,train
31837,17310,9,train
31838,11368,2,train
31839,6958,16,validation
31840,403,15,validation
31841,12451,12,train
31842,27218,9,train
31843,8668,10,train
31844,16950,1,train
31845,2558,5,train
31846,10331,5,train
31847,21810,16,validation
31848,24452,10,train
31849,17738,2,train
31850,4030,6,train
31851,21189,8,train
31852,8183,14,validation
31853,3739,19,test
31854,21169,14,validation
31855,28287,14,validation
31856,3141,7,train
31857,12574,10,train
31858,10327,11,train
31859,25852,12,train
31860,12376,7,train
31861,3458,0,train
31862,17447,8,train
31863,16962,16,validation
31864,10503,17,test
31865,9440,13,train
31866,8110,17,test
31867,5725,14,validation
31868,12197,7,train
31869,18282,10,train
31870,5287,8,train
31871,14779,12,train
31872,14021,16,validation
31873,24627,2,train
31874,28461,13,train
31875,8469,14,validation
31876,20978,12,train
31877,2537,17,test
31878,1247,2,train
31879,3077,1,train
31880,29249,6,train
31881,11831,13,train
31882,20671,9,train
31883,22467,17,test
31884,2304,19,test
31885,10762,18,test
31886,15440,0,train
31887,9219,8,train
31888,13001,12,train
31889,6513,7,train
31890,19564,5,train
31891,13282,17,test
31892,25840,18,test
31893,13736,14,validation
31894,23828,8,train
31895,16182,4,train
31896,17599,17,test
31897,14951,14,validation
31898,5338,6,train
31899,3435,5,train
31900,20371,8,train
31901,13082,6,train
31902,27984,14,validation
31903,10716,7,train
31904,29249,6,train
31905,14455,13,train
31906,9103,17,test
31907,5201,18,test
31908,29115,7,train
31909,12160,5,train
31910,24233,2,train
31911,20672,13,train
31912,8306,2,train
31913,209,5,train
31914,1600,9,train
31915,20745,8,train
31916,13721,8,train
31917,23507,16,validation
31918,23864,9,train
31919,489,1,train
31920,8709,7,train
31921,17332,13,train
31922,4264,18,test
31923,9302,15,validation
31924,26774,12,train
31925,27549,14,validation
31926,19345,2,train
31927,27557,15,validation
31928,1458,7,train
31929,17350,19,test
31930,17511,10,train
31931,4743,5,train
31932,19585,9,train
31933,6108,15,validation
31934,21580,16,validation
31935,1836,15,validation
31936,8173,19,test
31937,17365,5,train
31938,6862,18,test
31939,10255,0,train
31940,22492,5,train
31941,26599,2,train
31942,7152,6,train
31943,18384,9,train
31944,6519,12,train
31945,1210,7,train
31946,26473,13,train
31947,22164,14,validation
31948,17867,19,test
31949,17986,14,validation
31950,9371,4,train
31951,20912,14,validation
31952,28749,1,train
31953,27502,7,train
31954,12269,1,train
31955,12871,6,train
31956,26831,10,train
31957,129,5,train
31958,1304,8,train
31959,26285,17,test
31960,12069,1,train
31961,20621,10,train
31962,2140,16,validation
31963,8456,15,validation
31964,11430,5,train
31965,17921,5,train
31966,1565,17,test
31967,10076,12,train
31968,12212,14,validation
31969,18482,14,validation
31970,24219,7,train
31971,1527,13,train
31972,4616,4,train
31973,25728,2,train
31974,27155,8,train
31975,19454,19,test
31976,15304,12,train
31977,8148,18,test
31978,225,15,validation
31979,3101,17,test
31980,9727,0,train
31981,2471,3,train
31982,17974,14,validation
31983,15600,12,train
31984,18049,4,train
31985,28576,12,train
31986,11433,14,validation
31987,2732,19,test
31988,15575,10,train
31989,3340,4,train
31990,2227,11,train
31991,27159,1,train
31992,21047,16,validation
31993,17547,14,validation
31994,10108,4,train
31995,15208,17,test
31996,20368,7,train
31997,23088,17,test
31998,14696,9,train
31999,25628,3,train
32000,11517,13,train
32001,15965,17,test
32002,28482,1,train
32003,16583,1,train
32004,17799,0,train
32005,1731,8,train
32006,15552,0,train
32007,4136,19,test
32008,8992,11,train
32009,15789,4,train
32010,28666,4,train
32011,8585,4,train
32012,16506,14,validation
32013,18611,8,train
32014,7213,2,train
32015,5682,5,train
32016,14989,15,validation
32017,21018,15,validation
32018,25845,18,test
32019,11303,15,validation
32020,15974,5,train
32021,7710,16,validation
32022,15085,15,validation
32023,26421,6,train
32024,16800,17,test
32025,23421,15,validation
32026,19184,15,validation
32027,27159,1,train
32028,16455,0,train
32029,19740,0,train
32030,9824,19,test
32031,11672,4,train
32032,25737,10,train
32033,28020,2,train
32034,8670,0,train
32035,21587,15,validation
32036,2430,7,train
32037,27069,6,train
32038,9196,12,train
32039,13196,4,train
32040,13489,5,train
32041,29164,10,train
32042,6946,3,train
32043,17231,14,validation
32044,23100,18,test
32045,2046,11,train
32046,5393,17,test
32047,3500,11,train
32048,11062,10,train
32049,16092,13,train
32050,20725,13,train
32051,17511,10,train
32052,15208,17,test
32053,5049,7,train
32054,14408,6,train
32055,4495,0,train
32056,25317,19,test
32057,22205,2,train
32058,6138,12,train
32059,932,14,validation
32060,16784,8,train
32061,9560,9,train
32062,22193,1,train
32063,7053,15,validation
32064,8041,5,train
32065,14099,2,train
32066,21581,7,train
32067,7258,12,train
32068,16734,13,train
32069,23142,1,train
32070,10511,0,train
32071,4276,11,train
32072,8822,11,train
32073,7640,11,train
32074,6501,9,train
32075,898,1,train
32076,6515,0,train
32077,27631,17,test
32078,17989,8,train
32079,23716,15,validation
32080,20604,17,test
32081,24249,2,train
32082,420,13,train
32083,14215,3,train
32084,22861,16,validation
32085,6181,9,train
32086,13306,16,validation
32087,19286,2,train
32088,28959,18,test
32089,18523,15,validation
32090,18100,18,test
32091,10168,0,train
32092,11618,0,train
32093,12674,9,train
32094,20006,16,validation
32095,13469,15,validation
32096,29828,0,train
32097,11271,9,train
32098,836,11,train
32099,12496,7,train
32100,8708,6,train
32101,13082,6,train
32102,300,2,train
32103,17051,19,test
32104,18352,5,train
32105,6109,4,train
32106,3852,4,train
32107,7995,9,train
32108,10754,0,train
32109,5420,18,test
32110,23020,7,train
32111,2100,10,train
32112,2512,13,train
32113,9101,14,validation
32114,7933,5,train
32115,350,10,train
32116,20722,9,train
32117,26072,17,test
32118,20690,2,train
32119,5931,1,train
32120,27657,5,train
32121,17305,11,train
32122,4189,2,train
32123,8320,2,train
32124,18067,6,train
32125,25419,0,train
32126,15470,14,validation
32127,22213,7,train
32128,10699,2,train
32129,8870,7,train
32130,6727,1,train
32131,3724,18,test
32132,2188,8,train
32133,28515,0,train
32134,7049,11,train
32135,29724,14,validation
32136,7340,0,train
32137,15965,17,test
32138,21308,18,test
32139,29170,14,validation
32140,6684,3,train
32141,29081,8,train
32142,14,3,train
32143,3534,3,train
32144,9695,11,train
32145,6020,10,train
32146,16560,11,train
32147,1801,4,train
32148,7661,13,train
32149,3500,11,train
32150,20453,18,test
32151,26831,10,train
32152,7320,17,test
32153,18773,16,validation
32154,21921,4,train
32155,15673,16,validation
32156,21556,17,test
32157,29211,9,train
32158,16870,8,train
32159,1,12,train
32160,26159,18,test
32161,11421,19,test
32162,13093,6,train
32163,6239,17,test
32164,15156,11,train
32165,12775,0,train
32166,15422,0,train
32167,7583,1,train
32168,29908,9,train
32169,17236,2,train
32170,5572,10,train
32171,20484,13,train
32172,8393,17,test
32173,19923,15,validation
32174,2140,16,validation
32175,7436,8,train
32176,361,1,train
32177,20676,0,train
32178,23308,19,test
32179,13178,4,train
32180,8543,14,validation
32181,2829,16,validation
32182,24760,18,test
32183,6582,0,train
32184,28186,17,test
32185,29127,7,train
32186,12223,8,train
32187,16555,12,train
32188,7083,12,train
32189,1992,4,train
32190,23091,13,train
32191,24021,0,train
32192,12177,8,train
32193,4278,9,train
32194,4197,18,test
32195,16227,12,train
32196,26455,16,validation
32197,23378,1,train
32198,192,16,validation
32199,28287,14,validation
32200,11187,9,train
32201,1452,0,train
32202,9719,2,train
32203,12997,14,validation
32204,20114,7,train
32205,27496,3,train
32206,482,0,train
32207,1068,0,train
32208,8139,3,train
32209,1574,6,train
32210,6095,10,train
32211,17924,14,validation
32212,13620,0,train
32213,26535,1,train
32214,1662,17,test
32215,14045,19,test
32216,3699,3,train
32217,14177,6,train
32218,20996,19,test
32219,28270,15,validation
32220,24397,0,train
32221,24871,14,validation
32222,9125,13,train
32223,17160,7,train
32224,10740,15,validation
32225,7598,19,test
32226,25761,4,train
32227,6963,6,train
32228,9947,19,test
32229,999,9,train
32230,5149,4,train
32231,27760,13,train
32232,12825,12,train
32233,13233,4,train
32234,25279,7,train
32235,12466,17,test
32236,27486,3,train
32237,23447,5,train
32238,25513,12,train
32239,13641,16,validation
32240,23587,4,train
32241,18002,15,validation
32242,14696,9,train
32243,16224,2,train
32244,17564,4,train
32245,12656,16,validation
32246,20664,18,test
32247,1541,14,validation
32248,2244,12,train
32249,27496,3,train
32250,25137,13,train
32251,3862,8,train
32252,24140,18,test
32253,8371,15,validation
32254,13324,8,train
32255,17133,13,train
32256,14310,1,train
32257,20567,13,train
32258,15498,5,train
32259,25768,14,validation
32260,16938,2,train
32261,10891,1,train
32262,16344,10,train
32263,11520,3,train
32264,5078,17,test
32265,17818,14,validation
32266,15556,10,train
32267,24342,14,validation
32268,19783,13,train
32269,12069,1,train
32270,20813,17,test
32271,27279,10,train
32272,26139,6,train
32273,15428,5,train
32274,25553,11,train
32275,4884,18,test
32276,9567,6,train
32277,3133,13,train
32278,26926,18,test
32279,1004,16,validation
32280,19066,0,train
32281,2450,1,train
32282,17545,12,train
32283,13807,17,test
32284,19751,7,train
32285,22066,8,train
32286,25137,13,train
32287,16513,19,test
32288,11752,7,train
32289,27959,15,validation
32290,3513,4,train
32291,26072,17,test
32292,26641,4,train
32293,23697,8,train
32294,25454,11,train
32295,21067,18,test
32296,29557,10,train
32297,9903,4,train
32298,21144,10,train
32299,25161,17,test
32300,7194,15,validation
32301,14295,9,train
32302,16163,3,train
32303,6084,7,train
32304,7753,8,train
32305,7095,12,train
32306,9461,19,test
32307,10351,3,train
32308,6718,14,validation
32309,24482,13,train
32310,13316,12,train
32311,20567,13,train
32312,14942,18,test
32313,553,14,validation
32314,16615,4,train
32315,6427,12,train
32316,18111,19,test
32317,11740,1,train
32318,17581,2,train
32319,3851,18,test
32320,26814,15,validation
32321,8362,17,test
32322,29668,6,train
32323,14615,2,train
32324,656,17,test
32325,15552,0,train
32326,19313,8,train
32327,23083,8,train
32328,13402,2,train
32329,2749,11,train
32330,28326,7,train
32331,687,2,train
32332,13499,4,train
32333,18771,19,test
32334,20111,14,validation
32335,14204,15,validation
32336,23053,6,train
32337,17214,19,test
32338,15036,12,train
32339,1358,18,test
32340,13926,2,train
32341,16258,3,train
32342,27387,13,train
32343,17364,19,test
32344,3351,15,validation
32345,21169,14,validation
32346,533,2,train
32347,28308,8,train
32348,26559,5,train
32349,9253,17,test
32350,6915,3,train
32351,3195,13,train
32352,4236,18,test
32353,7733,17,test
32354,2532,16,validation
32355,22849,2,train
32356,18000,5,train
32357,21494,7,train
32358,10165,2,train
32359,17497,14,validation
32360,15208,17,test
32361,4989,1,train
32362,10103,15,validation
32363,17077,9,train
32364,17525,1,train
32365,20378,1,train
32366,11225,18,test
32367,20164,9,train
32368,26072,17,test
32369,10255,0,train
32370,15977,19,test
32371,19024,15,validation
32372,27274,18,test
32373,9480,14,validation
32374,17682,10,train
32375,27217,8,train
32376,15140,11,train
32377,16225,9,train
32378,26347,18,test
32379,28287,14,validation
32380,16449,11,train
32381,27918,1,train
32382,12404,17,test
32383,2415,12,train
32384,5274,2,train
32385,6624,16,validation
32386,26501,16,validation
32387,6098,2,train
32388,8220,13,train
32389,5648,6,train
32390,25481,17,test
32391,5575,13,train
32392,15639,8,train
32393,11739,11,train
32394,7152,6,train
32395,24748,5,train
32396,12431,7,train
32397,18772,12,train
32398,13164,12,train
32399,14810,19,test
32400,28835,13,train
32401,411,7,train
32402,27585,6,train
32403,14764,9,train
32404,2404,8,train
32405,27231,18,test
32406,6358,17,test
32407,4101,19,test
32408,20676,0,train
32409,21534,14,validation
32410,5928,7,train
32411,29738,15,validation
32412,11720,11,train
32413,18490,4,train
32414,4698,17,test
32415,9935,18,test
32416,15190,17,test
32417,18773,16,validation
32418,13499,4,train
32419,21148,1,train
32420,28186,17,test
32421,13532,18,test
32422,25722,6,train
32423,14446,16,validation
32424,3682,14,validation
32425,10333,7,train
32426,2773,0,train
32427,16827,8,train
32428,7662,4,train
32429,17446,19,test
32430,10255,0,train
32431,758,8,train
32432,4078,19,test
32433,29839,12,train
32434,932,14,validation
32435,13606,16,validation
32436,13675,18,test
32437,10054,0,train
32438,1925,5,train
32439,22521,1,train
32440,10554,16,validation
32441,16763,17,test
32442,15501,9,train
32443,18554,16,validation
32444,16663,17,test
32445,24459,15,validation
32446,15296,9,train
32447,8933,5,train
32448,18170,0,train
32449,16305,2,train
32450,7504,3,train
32451,17910,10,train
32452,18574,6,train
32453,6085,6,train
32454,24997,4,train
32455,15155,2,train
32456,7993,14,validation
32457,9211,3,train
32458,25407,12,train
32459,21438,15,validation
32460,18025,16,validation
32461,17060,17,test
32462,25007,0,train
32463,24456,19,test
32464,14982,16,validation
32465,11432,10,train
32466,1957,16,validation
32467,11320,11,train
32468,14438,8,train
32469,15917,13,train
32470,14031,17,test
32471,3862,8,train
32472,2609,5,train
32473,534,19,test
32474,21741,13,train
32475,5459,17,test
32476,3721,5,train
32477,1681,11,train
32478,13280,0,train
32479,10009,10,train
32480,15979,19,test
32481,18058,6,train
32482,28176,4,train
32483,26681,17,test
32484,3347,10,train
32485,11963,5,train
32486,11538,3,train
32487,46,3,train
32488,20982,5,train
32489,23857,6,train
32490,1981,8,train
32491,4864,19,test
32492,27130,4,train
32493,21459,8,train
32494,27500,7,train
32495,15053,15,validation
32496,3134,17,test
32497,26193,8,train
32498,1880,5,train
32499,22826,11,train
32500,28116,11,train
32501,16845,16,validation
32502,2768,19,test
32503,8809,7,train
32504,7216,17,test
32505,2825,19,test
32506,19252,11,train
32507,27130,4,train
32508,21077,8,train
32509,17190,3,train
32510,7048,19,test
32511,18074,7,train
32512,16694,15,validation
32513,3482,16,validation
32514,16827,8,train
32515,27158,11,train
32516,20773,8,train
32517,9219,8,train
32518,23688,1,train
32519,14698,19,test
32520,27728,17,test
32521,17542,12,train
32522,16158,13,train
32523,16553,18,test
32524,4426,7,train
32525,11498,3,train
32526,8933,5,train
32527,27507,18,test
32528,9685,6,train
32529,22648,9,train
32530,15960,18,test
32531,8493,5,train
32532,14797,6,train
32533,27916,6,train
32534,27721,15,validation
32535,27157,7,train
32536,29570,2,train
32537,8393,17,test
32538,24751,11,train
32539,25934,9,train
32540,23692,7,train
32541,11213,18,test
32542,13820,3,train
32543,19242,12,train
32544,16440,17,test
32545,14446,16,validation
32546,23275,8,train
32547,9357,9,train
32548,27354,3,train
32549,16377,14,validation
32550,7332,9,train
32551,25822,3,train
32552,6926,11,train
32553,14554,1,train
32554,858,16,validation
32555,13712,3,train
32556,5372,10,train
32557,8769,14,validation
32558,13754,16,validation
32559,16689,15,validation
32560,29162,16,validation
32561,8020,10,train
32562,20798,11,train
32563,13797,3,train
32564,9085,4,train
32565,27279,10,train
32566,10108,4,train
32567,6946,3,train
32568,22861,16,validation
32569,6915,3,train
32570,27840,10,train
32571,29825,1,train
32572,7634,11,train
32573,29686,3,train
32574,1911,15,validation
32575,9007,2,train
32576,10528,0,train
32577,1470,14,validation
32578,18213,8,train
32579,29846,2,train
32580,2112,17,test
32581,8546,9,train
32582,22894,16,validation
32583,17860,9,train
32584,8889,8,train
32585,29110,19,test
32586,27468,9,train
32587,7921,17,test
32588,1147,19,test
32589,8320,2,train
32590,28403,4,train
32591,16191,13,train
32592,27760,13,train
32593,26644,17,test
32594,23464,10,train
32595,27774,13,train
32596,19014,19,test
32597,7193,14,validation
32598,7026,14,validation
32599,27664,19,test
32600,13973,3,train
32601,18915,16,validation
32602,1302,5,train
32603,5691,13,train
32604,1084,7,train
32605,13579,6,train
32606,7258,12,train
32607,24656,5,train
32608,23711,19,test
32609,13324,8,train
32610,15673,16,validation
32611,17389,18,test
32612,11056,7,train
32613,1925,5,train
32614,6379,6,train
32615,27709,8,train
32616,2218,9,train
32617,5124,12,train
32618,1045,16,validation
32619,25374,1,train
32620,7029,18,test
32621,29967,2,train
32622,5572,10,train
32623,5317,7,train
32624,10999,11,train
32625,9802,7,train
32626,16468,4,train
32627,26646,7,train
32628,2408,2,train
32629,10440,7,train
32630,23866,9,train
32631,9324,4,train
32632,27435,7,train
32633,28405,14,validation
32634,27274,18,test
32635,13562,13,train
32636,7978,4,train
32637,16406,5,train
32638,20147,7,train
32639,5871,12,train
32640,18264,0,train
32641,21512,8,train
32642,2408,2,train
32643,5387,10,train
32644,9076,1,train
32645,8954,10,train
32646,9429,1,train
32647,27607,9,train
32648,24470,13,train
32649,27528,19,test
32650,9125,13,train
32651,1119,15,validation
32652,29018,0,train
32653,10351,3,train
32654,10141,8,train
32655,26347,18,test
32656,22951,2,train
32657,6688,16,validation
32658,24189,7,train
32659,25216,14,validation
32660,2200,9,train
32661,6073,6,train
32662,1870,14,validation
32663,12811,7,train
32664,8216,10,train
32665,20364,0,train
32666,23157,14,validation
32667,17932,18,test
32668,8797,16,validation
32669,12909,6,train
32670,2855,12,train
32671,12610,2,train
32672,14937,11,train
32673,23447,5,train
32674,14142,8,train
32675,19638,4,train
32676,14847,9,train
32677,15280,2,train
32678,5646,11,train
32679,39,0,train
32680,18749,1,train
32681,23386,0,train
32682,14913,1,train
32683,17739,16,validation
32684,12250,18,test
32685,4002,6,train
32686,5287,8,train
32687,7320,17,test
32688,27854,1,train
32689,27748,17,test
32690,20399,9,train
32691,11776,3,train
32692,14021,16,validation
32693,14204,15,validation
32694,17945,16,validation
32695,10757,10,train
32696,19920,12,train
32697,3414,8,train
32698,14786,18,test
32699,21311,1,train
32700,27217,8,train
32701,18095,16,validation
32702,1335,14,validation
32703,6853,6,train
32704,17154,18,test
32705,11369,15,validation
32706,22856,3,train
32707,12108,4,train
32708,23919,14,validation
32709,15689,6,train
32710,11304,5,train
32711,4792,18,test
32712,28031,3,train
32713,10716,7,train
32714,14204,15,validation
32715,10147,8,train
32716,10733,9,train
32717,20215,2,train
32718,27660,4,train
32719,19588,12,train
32720,23416,11,train
32721,26316,3,train
32722,8832,3,train
32723,4337,4,train
32724,18352,5,train
32725,21708,19,test
32726,24581,1,train
32727,14809,15,validation
32728,27431,6,train
32729,14970,4,train
32730,8535,17,test
32731,29437,5,train
32732,17250,11,train
32733,8856,13,train
32734,9693,7,train
32735,17064,1,train
32736,24673,7,train
32737,1954,15,validation
32738,5983,1,train
32739,8216,10,train
32740,21331,15,validation
32741,12457,8,train
32742,1654,2,train
32743,20497,10,train
32744,27298,2,train
32745,26644,17,test
32746,29710,6,train
32747,17587,8,train
32748,27035,11,train
32749,23563,14,validation
32750,23333,10,train
32751,13903,11,train
32752,6256,18,test
32753,6855,18,test
32754,5488,8,train
32755,9786,5,train
32756,18845,16,validation
32757,17932,18,test
32758,16802,15,validation
32759,11981,8,train
32760,10150,2,train
32761,9544,14,validation
32762,26455,16,validation
32763,16178,13,train
32764,26473,13,train
32765,4049,1,train
32766,16890,14,validation
32767,1276,2,train
32768,8216,10,train
32769,18819,3,train
32770,27375,10,train
32771,13998,0,train
32772,2016,7,train
32773,21407,11,train
32774,17220,16,validation
32775,10432,17,test
32776,9340,13,train
32777,23935,9,train
32778,22968,19,test
32779,18065,15,validation
32780,27112,3,train
32781,15793,15,validation
32782,25605,15,validation
32783,10199,1,train
32784,26421,6,train
32785,973,18,test
32786,1335,14,validation
32787,420,13,train
32788,11803,10,train
32789,17837,16,validation
32790,16640,12,train
32791,22712,0,train
32792,18822,13,train
32793,21512,8,train
32794,28604,5,train
32795,8164,4,train
32796,12967,15,validation
32797,370,3,train
32798,6637,6,train
32799,17461,6,train
32800,10168,0,train
32801,7251,7,train
32802,7516,12,train
32803,11982,17,test
32804,15253,8,train
32805,17070,18,test
32806,1600,9,train
32807,29448,14,validation
32808,18610,10,train
32809,29279,11,train
32810,24686,18,test
32811,8967,5,train
32812,5980,19,test
32813,8624,2,train
32814,16026,5,train
32815,8371,15,validation
32816,9215,6,train
32817,21312,13,train
32818,8916,13,train
32819,129,5,train
32820,14172,16,validation
32821,19938,7,train
32822,18423,2,train
32823,10963,9,train
32824,12732,15,validation
32825,8149,0,train
32826,10949,8,train
32827,23478,19,test
32828,21399,19,test
32829,13260,6,train
32830,22634,14,validation
32831,24303,11,train
32832,6222,4,train
32833,18863,12,train
32834,16457,6,train
32835,12067,1,train
32836,8535,17,test
32837,6947,5,train
32838,18554,16,validation
32839,17478,2,train
32840,20070,13,train
32841,29825,1,train
32842,9219,8,train
32843,8726,9,train
32844,6205,19,test
32845,9108,5,train
32846,18442,5,train
32847,3917,8,train
32848,10964,3,train
32849,10496,12,train
32850,15625,5,train
32851,4932,17,test
32852,4536,9,train
32853,27035,11,train
32854,15095,2,train
32855,4885,17,test
32856,9824,19,test
32857,4117,16,validation
32858,29361,15,validation
32859,16652,13,train
32860,20253,8,train
32861,24166,4,train
32862,23269,8,train
32863,10350,4,train
32864,7680,4,train
32865,26920,4,train
32866,24993,17,test
32867,20429,18,test
32868,958,2,train
32869,5906,18,test
32870,2977,5,train
32871,321,3,train
32872,27260,19,test
32873,6187,5,train
32874,3041,6,train
32875,16700,7,train
32876,18841,17,test
32877,19060,16,validation
32878,9856,5,train
32879,4728,6,train
32880,3910,11,train
32881,15581,12,train
32882,19320,4,train
32883,22879,1,train
32884,26151,11,train
32885,15009,15,validation
32886,27636,19,test
32887,21939,19,test
32888,11688,4,train
32889,7640,11,train
32890,11206,0,train
32891,2994,16,validation
32892,19490,4,train
32893,5836,19,test
32894,20054,8,train
32895,27758,9,train
32896,16873,8,train
32897,19070,13,train
32898,16768,13,train
32899,24335,6,train
32900,20054,8,train
32901,21727,8,train
32902,16615,4,train
32903,29591,9,train
32904,18010,2,train
32905,6036,6,train
32906,4375,6,train
32907,17583,18,test
32908,5194,10,train
32909,14913,1,train
32910,21892,2,train
32911,20915,5,train
32912,1145,13,train
32913,19352,7,train
32914,13499,4,train
32915,24194,9,train
32916,3300,4,train
32917,25060,13,train
32918,25313,9,train
32919,22153,15,validation
32920,2188,8,train
32921,19771,7,train
32922,7682,1,train
32923,4989,1,train
32924,17826,2,train
32925,17534,4,train
32926,9583,1,train
32927,2168,3,train
32928,26480,16,validation
32929,12669,0,train
32930,17024,12,train
32931,10740,15,validation
32932,4222,11,train
32933,17020,15,validation
32934,9461,19,test
32935,5147,15,validation
32936,18130,18,test
32937,10663,3,train
32938,24995,13,train
32939,7248,1,train
32940,176,19,test
32941,21642,0,train
32942,15156,11,train
32943,8574,1,train
32944,26915,9,train
32945,23636,7,train
32946,2924,12,train
32947,5255,17,test
32948,15771,3,train
32949,29820,1,train
32950,48,12,train
32951,19390,2,train
32952,16808,2,train
32953,2779,1,train
32954,19694,8,train
32955,8975,3,train
32956,18899,6,train
32957,19740,0,train
32958,21812,13,train
32959,17945,16,validation
32960,24165,9,train
32961,27223,9,train
32962,4595,7,train
32963,7966,0,train
32964,13064,12,train
32965,8411,16,validation
32966,27697,17,test
32967,1470,14,validation
32968,14227,1,train
32969,22521,1,train
32970,22495,3,train
32971,13721,8,train
32972,20840,14,validation
32973,24525,5,train
32974,18001,9,train
32975,2001,19,test
32976,2773,0,train
32977,29679,4,train
32978,16476,12,train
32979,13505,2,train
32980,1294,16,validation
32981,4274,1,train
32982,19285,2,train
32983,25122,8,train
32984,12018,6,train
32985,4615,17,test
32986,1033,11,train
32987,22745,15,validation
32988,19570,17,test
32989,29343,10,train
32990,15789,4,train
32991,277,11,train
32992,17725,14,validation
32993,28762,2,train
32994,16182,4,train
32995,16462,4,train
32996,12345,19,test
32997,28491,6,train
32998,6862,18,test
32999,20340,9,train
33000,27666,7,train
33001,15280,2,train
33002,26948,9,train
33003,29779,11,train
33004,21268,13,train
33005,14221,1,train
33006,4351,19,test
33007,19530,18,test
33008,7048,19,test
33009,29075,3,train
33010,16338,4,train
33011,3347,10,train
33012,19259,7,train
33013,21057,0,train
33014,6167,16,validation
33015,26122,15,validation
33016,9800,3,train
33017,3345,12,train
33018,9340,13,train
33019,13803,14,validation
33020,6756,5,train
33021,21428,17,test
33022,8384,7,train
33023,20808,11,train
33024,16839,18,test
33025,19486,8,train
33026,17785,16,validation
33027,18375,5,train
33028,17776,18,test
33029,9090,4,train
33030,24602,17,test
33031,11114,3,train
33032,2899,9,train
33033,20374,6,train
33034,9425,17,test
33035,25513,12,train
33036,28638,0,train
33037,23254,6,train
33038,5389,10,train
33039,18292,0,train
33040,22974,12,train
33041,753,12,train
33042,24391,2,train
33043,27243,13,train
33044,27060,9,train
33045,19660,8,train
33046,12297,8,train
33047,2112,17,test
33048,21450,11,train
33049,14085,18,test
33050,16224,2,train
33051,24304,14,validation
33052,17905,16,validation
33053,19854,0,train
33054,24751,11,train
33055,16225,9,train
33056,25202,15,validation
33057,3291,19,test
33058,21247,6,train
33059,672,9,train
33060,18519,11,train
33061,16895,17,test
33062,11682,6,train
33063,27354,3,train
33064,10915,8,train
33065,29414,5,train
33066,9190,1,train
33067,21265,11,train
33068,20149,15,validation
33069,13036,14,validation
33070,10033,9,train
33071,13840,0,train
33072,12454,2,train
33073,7469,16,validation
33074,7466,3,train
33075,21836,14,validation
33076,6306,10,train
33077,939,15,validation
33078,11698,5,train
33079,24810,3,train
33080,6684,3,train
33081,21673,0,train
33082,23823,0,train
33083,11808,7,train
33084,5224,18,test
33085,17249,19,test
33086,19084,5,train
33087,13240,4,train
33088,8467,6,train
33089,28385,6,train
33090,18117,2,train
33091,22375,3,train
33092,16470,10,train
33093,22095,18,test
33094,19553,6,train
33095,21014,19,test
33096,23356,18,test
33097,4065,3,train
33098,23622,9,train
33099,19565,0,train
33100,16030,10,train
33101,15156,11,train
33102,21465,13,train
33103,20820,15,validation
33104,20912,14,validation
33105,1437,1,train
33106,23620,4,train
33107,19352,7,train
33108,6955,18,test
33109,29478,16,validation
33110,4989,1,train
33111,12804,10,train
33112,17715,11,train
33113,7026,14,validation
33114,19012,17,test
33115,15202,12,train
33116,14196,10,train
33117,27432,3,train
33118,20907,12,train
33119,11871,1,train
33120,4148,13,train
33121,7165,17,test
33122,10794,3,train
33123,5122,6,train
33124,10762,18,test
33125,1844,2,train
33126,17757,18,test
33127,15455,16,validation
33128,18689,6,train
33129,27749,5,train
33130,9077,10,train
33131,9955,0,train
33132,23885,1,train
33133,489,1,train
33134,27315,10,train
33135,27014,0,train
33136,12577,10,train
33137,20629,9,train
33138,23551,19,test
33139,9934,8,train
33140,27496,3,train
33141,4566,6,train
33142,29558,4,train
33143,16802,15,validation
33144,12445,12,train
33145,6952,1,train
33146,10572,1,train
33147,21854,19,test
33148,18010,2,train
33149,23142,1,train
33150,23896,15,validation
33151,16447,13,train
33152,3431,6,train
33153,7240,5,train
33154,9171,0,train
33155,2818,5,train
33156,15727,10,train
33157,8992,11,train
33158,29127,7,train
33159,21889,5,train
33160,2779,1,train
33161,16507,2,train
33162,18445,19,test
33163,4163,5,train
33164,7017,15,validation
33165,10317,9,train
33166,3477,7,train
33167,16975,19,test
33168,10511,0,train
33169,29453,3,train
33170,2617,12,train
33171,16840,12,train
33172,12795,9,train
33173,12540,2,train
33174,13841,9,train
33175,7350,0,train
33176,23088,17,test
33177,22693,16,validation
33178,4615,17,test
33179,12073,8,train
33180,26625,0,train
33181,19511,10,train
33182,7323,9,train
33183,20806,7,train
33184,28636,14,validation
33185,3368,17,test
33186,15056,1,train
33187,24479,11,train
33188,2226,1,train
33189,18253,10,train
33190,6876,15,validation
33191,3590,4,train
33192,17960,10,train
33193,17645,6,train
33194,9953,0,train
33195,10815,17,test
33196,7962,5,train
33197,15504,0,train
33198,10874,7,train
33199,26634,7,train
33200,19168,6,train
33201,25973,16,validation
33202,23563,14,validation
33203,15517,3,train
33204,2285,12,train
33205,6404,19,test
33206,12775,0,train
33207,26169,4,train
33208,67,3,train
33209,1713,8,train
33210,18523,15,validation
33211,5854,4,train
33212,15976,5,train
33213,14834,6,train
33214,25721,9,train
33215,20512,4,train
33216,26897,10,train
33217,5987,1,train
33218,25580,2,train
33219,26217,18,test
33220,10578,4,train
33221,28522,6,train
33222,15977,19,test
33223,23261,0,train
33224,3805,9,train
33225,7504,3,train
33226,5393,17,test
33227,13564,10,train
33228,3994,11,train
33229,4573,3,train
33230,19712,14,validation
33231,25025,9,train
33232,1728,19,test
33233,28109,4,train
33234,9769,13,train
33235,19058,9,train
33236,16090,13,train
33237,12224,8,train
33238,7719,16,validation
33239,11303,15,validation
33240,5847,10,train
33241,29152,19,test
33242,10070,14,validation
33243,15914,9,train
33244,11035,7,train
33245,1723,2,train
33246,19054,17,test
33247,9143,1,train
33248,29312,11,train
33249,21525,7,train
33250,15290,15,validation
33251,27102,8,train
33252,18217,7,train
33253,25515,7,train
33254,14610,2,train
33255,29729,1,train
33256,6824,14,validation
33257,23343,15,validation
33258,6123,13,train
33259,1171,16,validation
33260,4729,16,validation
33261,7759,1,train
33262,12212,14,validation
33263,10978,15,validation
33264,8106,13,train
33265,21509,16,validation
33266,22849,2,train
33267,314,10,train
33268,16845,16,validation
33269,20095,3,train
33270,87,19,test
33271,27157,7,train
33272,12298,7,train
33273,11106,11,train
33274,6969,10,train
33275,2348,11,train
33276,24094,10,train
33277,22634,14,validation
33278,9533,5,train
33279,18063,17,test
33280,20659,11,train
33281,27824,16,validation
33282,6875,11,train
33283,29736,6,train
33284,26866,9,train
33285,12030,8,train
33286,17034,15,validation
33287,28176,4,train
33288,14866,9,train
33289,8742,1,train
33290,21300,9,train
33291,29639,11,train
33292,2467,0,train
33293,17093,7,train
33294,3501,1,train
33295,18159,12,train
33296,16129,16,validation
33297,8295,11,train
33298,3004,2,train
33299,495,7,train
33300,18438,9,train
33301,10255,0,train
33302,3991,0,train
33303,2149,9,train
33304,1294,16,validation
33305,528,1,train
33306,23527,7,train
33307,25905,13,train
33308,27581,15,validation
33309,14312,6,train
33310,6138,12,train
33311,8321,16,validation
33312,18523,15,validation
33313,5384,13,train
33314,18098,7,train
33315,19168,6,train
33316,20543,11,train
33317,14615,2,train
33318,9796,7,train
33319,5715,13,train
33320,15237,6,train
33321,10713,11,train
33322,11462,5,train
33323,28066,19,test
33324,25008,9,train
33325,28221,9,train
33326,20385,17,test
33327,20255,10,train
33328,19150,18,test
33329,23675,5,train
33330,7902,16,validation
33331,15056,1,train
33332,20526,6,train
33333,19588,12,train
33334,15793,15,validation
33335,14252,12,train
33336,26814,15,validation
33337,22465,8,train
33338,10338,16,validation
33339,445,18,test
33340,10576,8,train
33341,5391,15,validation
33342,27740,15,validation
33343,3224,13,train
33344,24810,3,train
33345,8574,1,train
33346,13843,10,train
33347,7781,18,test
33348,5820,10,train
33349,3869,3,train
33350,6013,16,validation
33351,4166,1,train
33352,21810,16,validation
33353,21047,16,validation
33354,6636,9,train
33355,25232,18,test
33356,13820,3,train
33357,29610,11,train
33358,17964,6,train
33359,21533,2,train
33360,1836,15,validation
33361,20742,9,train
33362,27120,17,test
33363,27557,15,validation
33364,24311,5,train
33365,14696,9,train
33366,11795,12,train
33367,1527,13,train
33368,12206,16,validation
33369,26005,4,train
33370,15559,1,train
33371,1608,12,train
33372,20829,18,test
33373,3217,8,train
33374,15793,15,validation
33375,26937,17,test
33376,19286,2,train
33377,12334,9,train
